season,player_id,player,nickname,team_id,team,team_name,game_id,game_date,matchup,wl,min,pts_off_tov,pts_2nd_chance,pts_fb,pts_paint,opp_pts_off_tov,opp_pts_2nd_chance,opp_pts_fb,opp_pts_paint,blk,blka,pf,pfd,nba_fantasy_pts,gp_rank,w_rank,l_rank,w_pct_rank,min_rank,pts_off_tov_rank,pts_2nd_chance_rank,pts_fb_rank,pts_paint_rank,opp_pts_off_tov_rank,opp_pts_2nd_chance_rank,opp_pts_fb_rank,opp_pts_paint_rank,blk_rank,blka_rank,pf_rank,pfd_rank,nba_fantasy_pts_rank,available_flag,min_sec,season_start,season_end
2020-21,203954,Joel Embiid,Joel,1610612755,PHI,Philadelphia 76ers,42000207,2021-06-20T00:00:00,PHI vs. ATL,L,40.98333333333333,0.0,1.8,7.9,10.5,13.2,5.3,10.5,28.1,0.9,0.0,2.6,5.3,41.0,1,933,933,933,118,711,642,63,344,1293,624,1336,1126,493,1,914,327,410,1,40:59,2020,2021
2020-21,1630178,Tyrese Maxey,Tyrese,1610612755,PHI,Philadelphia 76ers,42000207,2021-06-20T00:00:00,PHI vs. ATL,L,14.51,0.0,0.0,5.0,0.0,9.9,12.4,9.9,34.7,0.0,2.5,5.0,7.4,14.1,1,933,933,933,1232,711,691,169,1226,983,1329,1281,748,521,1726,1483,134,1534,1,14:31,2020,2021
2020-21,202699,Tobias Harris,Tobias,1610612755,PHI,Philadelphia 76ers,42000207,2021-06-20T00:00:00,PHI vs. ATL,L,45.016666666666666,1.6,4.0,4.0,9.6,9.6,6.4,7.2,28.8,0.0,0.0,3.2,2.4,40.6,1,933,933,933,28,690,313,249,409,941,745,1013,1081,521,1,1113,816,422,1,45:01,2020,2021
2020-21,1627788,Furkan Korkmaz,Furkan,1610612755,PHI,Philadelphia 76ers,42000207,2021-06-20T00:00:00,PHI vs. ATL,L,18.10333333333333,4.0,6.0,4.0,4.0,11.9,2.0,4.0,35.8,0.0,0.0,6.0,0.0,17.7,1,933,933,933,1094,319,167,254,949,1171,389,653,696,521,1,1601,1193,1433,1,18:06,2020,2021
2020-21,201588,George Hill,George,1610612755,PHI,Philadelphia 76ers,42000207,2021-06-20T00:00:00,PHI vs. ATL,L,21.485,0.0,0.0,0.0,3.4,15.1,11.7,11.7,26.8,0.0,0.0,0.0,5.0,5.4,1,933,933,933,966,711,691,555,1030,1455,1265,1429,1199,521,1,1,354,1696,1,21:29,2020,2021
2020-21,1627732,Ben Simmons,Ben,1610612755,PHI,Philadelphia 76ers,42000207,2021-06-20T00:00:00,PHI vs. ATL,L,35.835,1.0,0.0,0.0,4.0,9.0,5.0,8.0,22.1,0.0,0.0,4.0,1.0,35.3,1,933,933,933,387,703,691,555,941,873,610,1085,1473,521,1,1331,1134,627,1,35:50,2020,2021
2020-21,1629003,Shake Milton,Shake,1610612755,PHI,Philadelphia 76ers,42000207,2021-06-20T00:00:00,PHI vs. ATL,L,5.35,0.0,0.0,0.0,13.5,13.5,0.0,0.0,13.5,0.0,0.0,20.2,6.7,41.7,1,933,933,933,1568,711,691,555,217,1319,1,1,1684,521,1,1852,177,388,1,5:21,2020,2021
2020-21,1629680,Matisse Thybulle,Matisse,1610612755,PHI,Philadelphia 76ers,42000207,2021-06-20T00:00:00,PHI vs. ATL,L,20.76833333333333,3.5,5.2,3.5,6.9,12.1,5.2,17.3,27.7,1.7,0.0,1.7,1.7,34.7,1,933,933,933,989,393,222,301,629,1187,619,1705,1149,270,1,654,965,656,1,20:46,2020,2021
2020-21,203552,Seth Curry,Seth,1610612755,PHI,Philadelphia 76ers,42000207,2021-06-20T00:00:00,PHI vs. ATL,L,30.93166666666667,3.5,0.0,3.5,4.7,12.8,3.5,9.3,23.3,1.2,0.0,5.8,4.7,30.7,1,933,933,933,599,387,691,299,883,1256,464,1214,1417,378,1,1588,405,857,1,30:56,2020,2021
2020-21,2730,Dwight Howard,Dwight,1610612755,PHI,Philadelphia 76ers,42000207,2021-06-20T00:00:00,PHI vs. ATL,L,7.016666666666667,0.0,0.0,0.0,0.0,0.0,10.3,0.0,20.5,5.1,0.0,15.4,5.1,28.7,1,933,933,933,1494,711,691,555,1226,1,1117,1,1537,52,1,1846,345,952,1,7:01,2020,2021
2020-21,1630178,Tyrese Maxey,Tyrese,1610612755,PHI,Philadelphia 76ers,42000206,2021-06-18T00:00:00,PHI @ ATL,W,29.47833333333333,2.4,0.0,0.0,9.8,7.3,7.3,4.9,31.8,1.2,1.2,1.2,4.9,39.0,1,1,1,1,656,542,691,555,400,701,822,741,935,360,1519,575,373,474,1,29:29,2020,2021
2020-21,1629680,Matisse Thybulle,Matisse,1610612755,PHI,Philadelphia 76ers,42000206,2021-06-18T00:00:00,PHI @ ATL,W,11.203333333333331,0.0,0.0,0.0,0.0,12.9,12.9,12.9,38.6,0.0,0.0,6.4,0.0,38.6,1,1,1,1,1363,711,691,555,1226,1259,1367,1509,561,521,1,1651,1193,490,1,11:12,2020,2021
2020-21,202699,Tobias Harris,Tobias,1610612755,PHI,Philadelphia 76ers,42000206,2021-06-18T00:00:00,PHI @ ATL,W,39.083333333333336,0.0,0.0,0.0,9.2,7.4,8.3,10.1,36.8,0.0,0.9,3.7,3.7,30.4,1,1,1,1,203,711,691,555,429,704,906,1306,637,521,1388,1241,549,876,1,39:05,2020,2021
2020-21,203552,Seth Curry,Seth,1610612755,PHI,Philadelphia 76ers,42000206,2021-06-18T00:00:00,PHI @ ATL,W,39.056666666666665,6.5,0.0,4.6,1.8,11.1,6.5,12.0,33.2,0.9,0.9,2.8,1.8,32.8,1,1,1,1,204,131,691,197,1214,1078,752,1453,850,478,1389,965,942,754,1,39:03,2020,2021
2020-21,2730,Dwight Howard,Dwight,1610612755,PHI,Philadelphia 76ers,42000206,2021-06-18T00:00:00,PHI @ ATL,W,9.773333333333332,0.0,0.0,7.4,7.4,0.0,7.4,7.4,36.8,0.0,0.0,3.7,11.1,16.2,1,1,1,1,1415,711,691,79,587,1,824,1033,638,521,1,1240,35,1468,1,9:46,2020,2021
2020-21,201588,George Hill,George,1610612755,PHI,Philadelphia 76ers,42000206,2021-06-18T00:00:00,PHI @ ATL,W,20.66333333333333,0.0,0.0,0.0,0.0,3.5,7.0,0.0,17.4,0.0,0.0,5.2,3.5,25.1,1,1,1,1,993,711,691,555,1226,397,794,1,1609,521,1,1521,583,1128,1,20:40,2020,2021
2020-21,1627732,Ben Simmons,Ben,1610612755,PHI,Philadelphia 76ers,42000206,2021-06-18T00:00:00,PHI @ ATL,W,25.446666666666665,0.0,0.0,0.0,5.7,14.1,9.9,21.2,48.1,1.4,0.0,7.1,4.2,35.8,1,1,1,1,814,711,691,555,768,1387,1077,1773,217,321,1,1689,453,597,1,25:27,2020,2021
2020-21,1627788,Furkan Korkmaz,Furkan,1610612755,PHI,Philadelphia 76ers,42000206,2021-06-18T00:00:00,PHI @ ATL,W,22.745,0.0,6.3,7.9,6.3,9.5,7.9,17.4,41.2,0.0,0.0,1.6,1.6,30.1,1,1,1,1,918,711,139,62,687,931,879,1707,446,521,1,623,997,890,1,22:45,2020,2021
2020-21,203954,Joel Embiid,Joel,1610612755,PHI,Philadelphia 76ers,42000206,2021-06-18T00:00:00,PHI @ ATL,W,38.22666666666667,1.9,9.4,0.0,13.2,11.3,8.5,12.2,35.8,1.9,0.0,3.8,2.8,34.9,1,1,1,1,247,642,57,555,228,1099,925,1474,697,232,1,1268,725,644,1,38:14,2020,2021
2020-21,1629003,Shake Milton,Shake,1610612755,PHI,Philadelphia 76ers,42000206,2021-06-18T00:00:00,PHI @ ATL,W,4.323333333333333,0.0,0.0,0.0,0.0,0.0,16.7,16.7,66.6,0.0,0.0,0.0,0.0,0.0,1,1,1,1,1622,711,691,555,1226,1,1609,1685,27,521,1,1,1193,1720,1,4:19,2020,2021
2020-21,1627788,Furkan Korkmaz,Furkan,1610612755,PHI,Philadelphia 76ers,42000205,2021-06-16T00:00:00,PHI vs. ATL,L,28.67333333333333,0.0,0.0,0.0,0.0,17.6,6.3,8.8,25.1,0.0,0.0,0.0,2.5,18.2,1,933,933,933,695,711,691,555,1226,1581,736,1150,1296,521,1,1,789,1410,1,28:40,2020,2021
2020-21,1629003,Shake Milton,Shake,1610612755,PHI,Philadelphia 76ers,42000205,2021-06-16T00:00:00,PHI vs. ATL,L,12.611666666666666,0.0,0.0,0.0,0.0,25.7,17.1,5.7,11.4,0.0,2.9,8.6,2.9,18.3,1,933,933,933,1301,711,691,555,1226,1768,1633,836,1703,521,1753,1747,719,1408,1,12:37,2020,2021
2020-21,202699,Tobias Harris,Tobias,1610612755,PHI,Philadelphia 76ers,42000205,2021-06-16T00:00:00,PHI vs. ATL,L,37.68666666666667,0.0,1.9,0.0,3.8,19.1,8.6,6.7,28.7,1.0,1.9,3.8,1.9,13.7,1,933,933,933,275,711,607,555,969,1641,935,948,1086,457,1646,1281,920,1548,1,37:41,2020,2021
2020-21,201588,George Hill,George,1610612755,PHI,Philadelphia 76ers,42000205,2021-06-16T00:00:00,PHI vs. ATL,L,11.82,0.0,0.0,0.0,6.1,21.3,12.2,6.1,12.2,0.0,0.0,0.0,6.1,19.8,1,933,933,933,1339,711,691,555,719,1702,1308,880,1699,521,1,1,233,1358,1,11:49,2020,2021
2020-21,1629680,Matisse Thybulle,Matisse,1610612755,PHI,Philadelphia 76ers,42000205,2021-06-16T00:00:00,PHI vs. ATL,L,23.92333333333333,0.0,0.0,0.0,0.0,16.6,9.0,3.0,24.1,0.0,0.0,4.5,0.0,16.1,1,933,933,933,862,711,691,555,1226,1533,978,569,1372,521,1,1408,1193,1476,1,23:55,2020,2021
2020-21,203552,Seth Curry,Seth,1610612755,PHI,Philadelphia 76ers,42000205,2021-06-16T00:00:00,PHI vs. ATL,L,37.54166666666666,7.7,1.9,7.7,3.8,17.3,6.7,6.7,30.7,0.0,1.0,3.8,4.8,47.4,1,933,933,933,282,81,605,69,967,1565,768,954,987,521,1420,1285,380,255,1,37:33,2020,2021
2020-21,1630178,Tyrese Maxey,Tyrese,1610612755,PHI,Philadelphia 76ers,42000205,2021-06-16T00:00:00,PHI vs. ATL,L,1.345,0.0,0.0,0.0,0.0,133.8,0.0,53.5,0.0,0.0,0.0,0.0,0.0,0.0,1,933,933,933,1768,711,691,555,1226,1863,1,1861,1731,521,1,1,1193,1720,1,1:21,2020,2021
2020-21,203954,Joel Embiid,Joel,1610612755,PHI,Philadelphia 76ers,42000205,2021-06-16T00:00:00,PHI vs. ATL,L,39.43333333333333,0.0,1.8,4.6,14.6,16.4,6.4,6.4,29.2,3.7,0.0,2.7,7.3,66.7,1,933,933,933,188,711,623,201,186,1523,744,916,1054,82,1,951,141,46,1,39:26,2020,2021
2020-21,2730,Dwight Howard,Dwight,1610612755,PHI,Philadelphia 76ers,42000205,2021-06-16T00:00:00,PHI vs. ATL,L,8.566666666666666,0.0,0.0,0.0,0.0,29.4,16.8,8.4,8.4,0.0,0.0,12.6,4.2,31.9,1,933,933,933,1448,711,691,555,1226,1791,1618,1119,1727,521,1,1832,459,796,1,8:34,2020,2021
2020-21,1627732,Ben Simmons,Ben,1610612755,PHI,Philadelphia 76ers,42000205,2021-06-16T00:00:00,PHI vs. ATL,L,38.39833333333333,0.9,0.9,1.9,3.8,15.0,6.6,6.6,28.1,0.9,0.0,0.9,6.6,28.4,1,933,933,933,238,705,683,493,977,1449,760,930,1125,468,1,504,191,968,1,38:24,2020,2021
2020-21,203954,Joel Embiid,Joel,1610612755,PHI,Philadelphia 76ers,42000204,2021-06-14T00:00:00,PHI @ ATL,L,36.25,0.0,2.0,0.0,2.0,6.0,15.9,8.9,33.8,0.0,1.0,3.0,6.0,43.9,1,933,933,933,355,711,583,555,1192,585,1568,1176,809,521,1438,1042,250,328,1,36:15,2020,2021
2020-21,202699,Tobias Harris,Tobias,1610612755,PHI,Philadelphia 76ers,42000204,2021-06-14T00:00:00,PHI @ ATL,L,38.83166666666666,2.8,0.0,0.0,7.4,7.4,15.8,8.3,29.7,0.9,0.9,0.9,0.9,28.7,1,933,933,933,214,498,691,555,580,707,1561,1111,1035,475,1392,501,1171,951,1,38:50,2020,2021
2020-21,1629003,Shake Milton,Shake,1610612755,PHI,Philadelphia 76ers,42000204,2021-06-14T00:00:00,PHI @ ATL,L,15.193333333333332,0.0,0.0,0.0,4.7,4.7,16.6,0.0,23.7,0.0,0.0,2.4,4.7,27.2,1,933,933,933,1196,711,691,555,874,481,1606,1,1397,521,1,838,391,1022,1,15:12,2020,2021
2020-21,1627788,Furkan Korkmaz,Furkan,1610612755,PHI,Philadelphia 76ers,42000204,2021-06-14T00:00:00,PHI @ ATL,L,25.1,0.0,0.0,0.0,2.9,5.7,17.2,12.9,34.4,2.9,0.0,1.4,0.0,27.1,1,933,933,933,826,711,691,555,1084,564,1637,1512,767,120,1,603,1193,1031,1,25:06,2020,2021
2020-21,201588,George Hill,George,1610612755,PHI,Philadelphia 76ers,42000204,2021-06-14T00:00:00,PHI @ ATL,L,13.083333333333334,0.0,0.0,0.0,0.0,5.5,13.8,0.0,16.5,0.0,2.8,5.5,0.0,21.7,1,933,933,933,1280,711,691,555,1226,542,1427,1,1624,521,1745,1556,1193,1275,1,13:05,2020,2021
2020-21,1630178,Tyrese Maxey,Tyrese,1610612755,PHI,Philadelphia 76ers,42000204,2021-06-14T00:00:00,PHI @ ATL,L,6.933333333333334,0.0,0.0,15.6,0.0,10.4,10.4,0.0,31.2,0.0,0.0,5.2,0.0,21.8,1,933,933,933,1495,711,691,10,1226,1016,1125,1,964,521,1,1514,1193,1273,1,6:56,2020,2021
2020-21,2730,Dwight Howard,Dwight,1610612755,PHI,Philadelphia 76ers,42000204,2021-06-14T00:00:00,PHI @ ATL,L,11.75,0.0,15.3,0.0,18.4,6.1,15.3,0.0,18.4,0.0,0.0,9.2,6.1,52.1,1,933,933,933,1342,711,20,555,86,604,1531,1,1591,521,1,1776,225,164,1,11:45,2020,2021
2020-21,203552,Seth Curry,Seth,1610612755,PHI,Philadelphia 76ers,42000204,2021-06-14T00:00:00,PHI @ ATL,L,35.083333333333336,3.1,0.0,0.0,2.1,6.2,18.5,9.2,32.8,1.0,0.0,1.0,1.0,25.6,1,933,933,933,426,450,691,555,1178,608,1688,1209,861,423,1,539,1128,1107,1,35:05,2020,2021
2020-21,1627732,Ben Simmons,Ben,1610612755,PHI,Philadelphia 76ers,42000204,2021-06-14T00:00:00,PHI @ ATL,L,36.473333333333336,0.0,2.0,2.0,9.9,5.9,15.8,8.9,35.5,2.0,0.0,3.0,5.9,44.3,1,933,933,933,341,711,589,475,390,579,1562,1170,712,219,1,1036,252,318,1,36:28,2020,2021
2020-21,1629680,Matisse Thybulle,Matisse,1610612755,PHI,Philadelphia 76ers,42000204,2021-06-14T00:00:00,PHI @ ATL,L,21.301666666666662,5.1,0.0,0.0,3.4,3.4,11.8,0.0,23.7,0.0,1.7,3.4,0.0,13.5,1,933,933,933,974,218,691,555,1027,393,1277,1,1399,521,1597,1159,1193,1552,1,21:18,2020,2021
2020-21,201980,Danny Green,Danny,1610612755,PHI,Philadelphia 76ers,42000203,2021-06-11T00:00:00,PHI @ ATL,W,3.75,0.0,0.0,0.0,0.0,0.0,19.2,0.0,38.4,0.0,0.0,9.6,0.0,11.5,1,1,1,1,1655,711,691,555,1226,1,1715,1,570,521,1,1788,1193,1600,1,3:45,2020,2021
2020-21,1630178,Tyrese Maxey,Tyrese,1610612755,PHI,Philadelphia 76ers,42000203,2021-06-11T00:00:00,PHI @ ATL,W,5.695,0.0,0.0,0.0,12.6,19.0,31.6,0.0,50.6,0.0,0.0,6.3,0.0,44.2,1,1,1,1,1553,711,691,555,249,1634,1830,1,160,521,1,1643,1193,319,1,5:42,2020,2021
2020-21,203954,Joel Embiid,Joel,1610612755,PHI,Philadelphia 76ers,42000203,2021-06-11T00:00:00,PHI @ ATL,W,33.90833333333333,1.1,2.1,2.1,12.7,10.6,14.9,2.1,34.0,3.2,1.1,3.2,11.7,64.6,1,1,1,1,477,701,550,447,245,1039,1511,509,797,102,1471,1108,29,54,1,33:55,2020,2021
2020-21,1629680,Matisse Thybulle,Matisse,1610612755,PHI,Philadelphia 76ers,42000203,2021-06-11T00:00:00,PHI @ ATL,W,16.741666666666667,4.3,0.0,4.3,8.6,12.9,12.9,0.0,38.7,0.0,0.0,12.9,0.0,30.5,1,1,1,1,1147,277,691,214,468,1263,1368,1,554,521,1,1834,1193,870,1,16:45,2020,2021
2020-21,1627732,Ben Simmons,Ben,1610612755,PHI,Philadelphia 76ers,42000203,2021-06-11T00:00:00,PHI @ ATL,W,33.79666666666667,3.2,0.0,7.5,14.9,10.7,17.0,4.3,40.5,0.0,0.0,5.3,6.4,35.5,1,1,1,1,485,429,691,75,173,1043,1627,688,469,521,1,1535,206,617,1,33:48,2020,2021
2020-21,1627788,Furkan Korkmaz,Furkan,1610612755,PHI,Philadelphia 76ers,42000203,2021-06-11T00:00:00,PHI @ ATL,W,27.416666666666668,0.0,0.0,0.0,2.6,6.6,14.4,5.3,47.3,0.0,0.0,0.0,3.9,28.2,1,1,1,1,744,711,691,555,1104,644,1489,777,242,521,1,1,506,982,1,27:25,2020,2021
2020-21,1629003,Shake Milton,Shake,1610612755,PHI,Philadelphia 76ers,42000203,2021-06-11T00:00:00,PHI @ ATL,W,21.02,5.1,0.0,0.0,3.4,6.9,13.7,10.3,51.4,0.0,0.0,3.4,1.7,15.2,1,1,1,1,981,216,691,555,1021,666,1421,1315,139,521,1,1170,967,1500,1,21:01,2020,2021
2020-21,1630198,Isaiah Joe,Isaiah,1610612755,PHI,Philadelphia 76ers,42000203,2021-06-11T00:00:00,PHI @ ATL,W,0.8366666666666667,0.0,0.0,0.0,86.1,0.0,86.1,0.0,86.1,0.0,0.0,0.0,0.0,86.1,1,1,1,1,1814,711,691,555,1,1,1863,1,10,521,1,1,1193,12,1,0:50,2020,2021
2020-21,201588,George Hill,George,1610612755,PHI,Philadelphia 76ers,42000203,2021-06-11T00:00:00,PHI @ ATL,W,13.416666666666666,0.0,8.0,0.0,0.0,5.4,5.4,5.4,53.7,2.7,0.0,0.0,5.4,22.0,1,1,1,1,1268,711,77,555,1226,532,630,792,113,139,1,1,314,1263,1,13:25,2020,2021
2020-21,2730,Dwight Howard,Dwight,1610612755,PHI,Philadelphia 76ers,42000203,2021-06-11T00:00:00,PHI @ ATL,W,13.255,0.0,16.3,0.0,21.7,5.4,10.9,10.9,65.2,0.0,0.0,2.7,8.1,52.1,1,1,1,1,1272,711,13,555,47,535,1177,1367,30,521,1,944,93,163,1,13:15,2020,2021
2020-21,202699,Tobias Harris,Tobias,1610612755,PHI,Philadelphia 76ers,42000203,2021-06-11T00:00:00,PHI @ ATL,W,38.45,2.8,2.8,1.9,15.0,7.5,15.0,5.6,44.9,0.0,0.0,3.7,0.9,35.7,1,1,1,1,235,488,444,494,171,714,1519,825,306,521,1,1262,1166,602,1,38:27,2020,2021
2020-21,203552,Seth Curry,Seth,1610612755,PHI,Philadelphia 76ers,42000203,2021-06-11T00:00:00,PHI @ ATL,W,31.71333333333333,0.0,0.0,2.3,4.5,11.4,15.9,2.3,34.1,0.0,0.0,3.4,1.1,27.0,1,1,1,1,571,711,691,430,897,1103,1569,522,790,521,1,1162,1093,1036,1,31:43,2020,2021
2020-21,1627732,Ben Simmons,Ben,1610612755,PHI,Philadelphia 76ers,42000202,2021-06-08T00:00:00,PHI vs. ATL,W,34.51,0.0,0.0,0.0,4.2,4.2,7.3,8.3,41.7,1.0,0.0,2.1,2.1,26.2,1,1,1,1,456,711,691,555,925,444,820,1113,424,414,1,770,873,1078,1,34:31,2020,2021
2020-21,201980,Danny Green,Danny,1610612755,PHI,Philadelphia 76ers,42000202,2021-06-08T00:00:00,PHI vs. ATL,W,25.83333333333333,0.0,4.2,0.0,2.8,2.8,7.0,8.4,47.4,1.4,0.0,0.0,0.0,41.2,1,1,1,1,801,711,297,555,1089,361,792,1115,231,326,1,1,1193,404,1,25:50,2020,2021
2020-21,203552,Seth Curry,Seth,1610612755,PHI,Philadelphia 76ers,42000202,2021-06-08T00:00:00,PHI vs. ATL,W,28.866666666666667,10.0,3.7,3.7,5.0,2.5,6.2,7.5,39.9,0.0,1.2,3.7,0.0,29.9,1,1,1,1,685,43,338,282,843,343,728,1045,496,521,1526,1259,1193,897,1,28:52,2020,2021
2020-21,1627788,Furkan Korkmaz,Furkan,1610612755,PHI,Philadelphia 76ers,42000202,2021-06-08T00:00:00,PHI vs. ATL,W,6.006666666666667,0.0,0.0,0.0,0.0,30.0,12.0,12.0,36.0,6.0,0.0,6.0,0.0,36.0,1,1,1,1,1540,711,691,555,1226,1795,1299,1454,685,39,1,1605,1193,590,1,6:00,2020,2021
2020-21,1630178,Tyrese Maxey,Tyrese,1610612755,PHI,Philadelphia 76ers,42000202,2021-06-08T00:00:00,PHI vs. ATL,W,5.105,0.0,0.0,0.0,0.0,21.2,14.1,0.0,14.1,0.0,0.0,0.0,0.0,29.6,1,1,1,1,1577,711,691,555,1226,1697,1457,1,1673,521,1,1,1193,914,1,5:06,2020,2021
2020-21,1629680,Matisse Thybulle,Matisse,1610612755,PHI,Philadelphia 76ers,42000202,2021-06-08T00:00:00,PHI vs. ATL,W,23.62833333333333,3.0,0.0,3.0,3.0,0.0,6.1,6.1,27.4,3.0,0.0,4.6,4.6,14.0,1,1,1,1,876,454,691,346,1071,1,709,881,1163,108,1,1417,418,1540,1,23:38,2020,2021
2020-21,203118,Mike Scott,Mike,1610612755,PHI,Philadelphia 76ers,42000202,2021-06-08T00:00:00,PHI vs. ATL,W,1.05,0.0,0.0,0.0,0.0,0.0,0.0,0.0,68.6,0.0,0.0,0.0,0.0,0.0,1,1,1,1,1796,711,691,555,1226,1,1,1,24,521,1,1,1193,1720,1,1:03,2020,2021
2020-21,2730,Dwight Howard,Dwight,1610612755,PHI,Philadelphia 76ers,42000202,2021-06-08T00:00:00,PHI vs. ATL,W,10.705,0.0,13.5,0.0,13.5,16.8,13.5,10.1,20.2,0.0,0.0,0.0,3.4,49.4,1,1,1,1,1387,711,28,555,219,1550,1409,1299,1546,521,1,1,611,210,1,10:42,2020,2021
2020-21,201588,George Hill,George,1610612755,PHI,Philadelphia 76ers,42000202,2021-06-08T00:00:00,PHI vs. ATL,W,18.566666666666663,3.9,0.0,3.9,7.8,9.7,11.6,5.8,19.4,1.9,3.9,0.0,1.9,33.4,1,1,1,1,1072,332,691,264,545,953,1258,847,1564,223,1800,1,913,730,1,18:34,2020,2021
2020-21,1629003,Shake Milton,Shake,1610612755,PHI,Philadelphia 76ers,42000202,2021-06-08T00:00:00,PHI vs. ATL,W,14.25,0.0,0.0,7.6,0.0,0.0,10.1,2.5,15.2,0.0,0.0,7.6,0.0,48.3,1,1,1,1,1241,711,691,72,1226,1,1102,538,1657,521,1,1710,1193,233,1,14:15,2020,2021
2020-21,202699,Tobias Harris,Tobias,1610612755,PHI,Philadelphia 76ers,42000202,2021-06-08T00:00:00,PHI vs. ATL,W,36.81666666666667,3.9,2.0,5.9,17.6,6.8,8.8,8.8,27.4,1.0,0.0,1.0,1.0,38.3,1,1,1,1,320,329,594,122,105,665,948,1152,1165,446,1,521,1150,497,1,36:49,2020,2021
2020-21,203954,Joel Embiid,Joel,1610612755,PHI,Philadelphia 76ers,42000202,2021-06-08T00:00:00,PHI vs. ATL,W,34.66166666666667,12.5,2.1,4.2,14.5,2.1,7.3,3.1,37.4,1.0,2.1,5.2,13.5,67.1,1,1,1,1,446,28,555,232,189,321,817,575,613,419,1680,1515,15,43,1,34:40,2020,2021
2020-21,201588,George Hill,George,1610612755,PHI,Philadelphia 76ers,42000201,2021-06-06T00:00:00,PHI vs. ATL,L,10.513333333333334,0.0,0.0,0.0,0.0,30.8,20.5,13.7,34.2,0.0,0.0,3.4,6.8,0.7,1,933,933,933,1393,711,691,555,1226,1800,1749,1560,777,521,1,1168,167,1719,1,10:31,2020,2021
2020-21,203954,Joel Embiid,Joel,1610612755,PHI,Philadelphia 76ers,42000201,2021-06-06T00:00:00,PHI vs. ATL,L,38.03666666666667,3.8,2.8,0.0,15.1,18.0,1.9,5.7,28.4,2.8,0.9,3.8,9.5,60.4,1,933,933,933,258,346,442,555,168,1594,382,833,1107,122,1410,1276,63,84,1,38:02,2020,2021
2020-21,203552,Seth Curry,Seth,1610612755,PHI,Philadelphia 76ers,42000201,2021-06-06T00:00:00,PHI vs. ATL,L,36.38,0.0,0.0,0.0,0.0,18.8,2.0,7.9,29.7,0.0,0.0,2.0,3.0,30.0,1,933,933,933,350,711,691,555,1226,1630,388,1075,1034,521,1,729,698,895,1,36:23,2020,2021
2020-21,1630178,Tyrese Maxey,Tyrese,1610612755,PHI,Philadelphia 76ers,42000201,2021-06-06T00:00:00,PHI vs. ATL,L,13.766666666666667,5.2,0.0,5.2,10.5,18.3,15.7,10.5,20.9,0.0,5.2,7.8,7.8,19.4,1,933,933,933,1253,210,691,150,351,1610,1557,1330,1523,521,1820,1726,112,1370,1,13:46,2020,2021
2020-21,201980,Danny Green,Danny,1610612755,PHI,Philadelphia 76ers,42000201,2021-06-06T00:00:00,PHI vs. ATL,L,29.916666666666668,0.0,2.4,0.0,4.8,20.5,2.4,7.2,33.7,0.0,0.0,4.8,0.0,20.9,1,933,933,933,635,711,516,555,862,1683,410,1018,811,521,1,1455,1193,1323,1,29:55,2020,2021
2020-21,1629003,Shake Milton,Shake,1610612755,PHI,Philadelphia 76ers,42000201,2021-06-06T00:00:00,PHI vs. ATL,L,0.6333333333333333,0.0,0.0,0.0,0.0,113.7,0.0,0.0,113.7,0.0,0.0,0.0,0.0,-56.8,1,933,933,933,1827,711,691,555,1226,1862,1,1,7,521,1,1,1193,1864,1,0:38,2020,2021
2020-21,2730,Dwight Howard,Dwight,1610612755,PHI,Philadelphia 76ers,42000201,2021-06-06T00:00:00,PHI vs. ATL,L,8.196666666666667,0.0,0.0,0.0,0.0,30.7,13.2,17.6,26.4,0.0,0.0,8.8,0.0,25.5,1,933,933,933,1457,711,691,555,1226,1799,1391,1712,1221,521,1,1759,1193,1109,1,8:12,2020,2021
2020-21,1627732,Ben Simmons,Ben,1610612755,PHI,Philadelphia 76ers,42000201,2021-06-06T00:00:00,PHI vs. ATL,L,37.21666666666667,3.9,1.9,1.9,13.5,20.3,4.8,5.8,32.9,1.0,0.0,3.9,4.8,45.3,1,933,933,933,297,335,600,483,214,1681,589,845,859,451,1,1298,378,299,1,37:13,2020,2021
2020-21,1629680,Matisse Thybulle,Matisse,1610612755,PHI,Philadelphia 76ers,42000201,2021-06-06T00:00:00,PHI vs. ATL,L,18.571666666666665,0.0,0.0,5.8,7.8,19.4,11.6,7.8,31.0,1.9,0.0,3.9,0.0,36.2,1,933,933,933,1071,711,691,124,546,1651,1257,1066,973,224,1,1303,1193,580,1,18:34,2020,2021
2020-21,1627788,Furkan Korkmaz,Furkan,1610612755,PHI,Philadelphia 76ers,42000201,2021-06-06T00:00:00,PHI vs. ATL,L,10.901666666666667,0.0,6.6,9.9,13.2,29.7,19.8,6.6,26.4,0.0,0.0,0.0,3.3,35.7,1,933,933,933,1380,711,124,38,227,1793,1729,936,1216,521,1,1,618,604,1,10:54,2020,2021
2020-21,202699,Tobias Harris,Tobias,1610612755,PHI,Philadelphia 76ers,42000201,2021-06-06T00:00:00,PHI vs. ATL,L,35.86666666666667,14.1,0.0,6.0,12.0,20.1,2.0,6.0,28.1,0.0,0.0,0.0,2.0,42.7,1,933,933,933,386,21,691,115,273,1671,390,866,1127,521,1,1,892,360,1,35:52,2020,2021
2020-21,201980,Danny Green,Danny,1610612755,PHI,Philadelphia 76ers,42000105,2021-06-02T00:00:00,PHI vs. WAS,W,29.216666666666665,2.5,0.0,0.0,2.5,6.2,9.9,8.6,32.0,0.0,0.0,1.2,0.0,23.2,1,1,1,1,669,537,691,555,1122,610,1074,1136,911,521,1,578,1193,1218,1,29:13,2020,2021
2020-21,1629680,Matisse Thybulle,Matisse,1610612755,PHI,Philadelphia 76ers,42000105,2021-06-02T00:00:00,PHI vs. WAS,W,16.45,0.0,0.0,4.4,8.8,10.9,15.3,4.4,35.0,0.0,0.0,8.8,0.0,21.9,1,1,1,1,1154,711,691,208,459,1069,1531,697,734,521,1,1758,1193,1269,1,16:27,2020,2021
2020-21,1629730,Rayjon Tucker,Rayjon,1610612755,PHI,Philadelphia 76ers,42000105,2021-06-02T00:00:00,PHI vs. WAS,W,1.6666666666666667,0.0,0.0,0.0,0.0,0.0,0.0,0.0,43.2,0.0,0.0,21.6,21.6,21.6,1,1,1,1,1738,711,691,555,1226,1,1,1,360,521,1,1854,9,1285,1,1:40,2020,2021
2020-21,201588,George Hill,George,1610612755,PHI,Philadelphia 76ers,42000105,2021-06-02T00:00:00,PHI vs. WAS,W,14.116666666666667,0.0,5.1,0.0,0.0,15.3,0.0,5.1,25.5,0.0,0.0,2.6,5.1,24.0,1,1,1,1,1244,711,231,555,1226,1472,1,763,1271,521,1,888,349,1185,1,14:07,2020,2021
2020-21,1627732,Ben Simmons,Ben,1610612755,PHI,Philadelphia 76ers,42000105,2021-06-02T00:00:00,PHI vs. WAS,W,39.0,5.5,0.0,5.5,12.9,5.5,7.4,8.3,29.5,1.8,1.8,3.7,7.4,48.5,1,1,1,1,207,188,691,131,235,549,828,1102,1043,237,1636,1244,136,228,1,39:00,2020,2021
2020-21,203118,Mike Scott,Mike,1610612755,PHI,Philadelphia 76ers,42000105,2021-06-02T00:00:00,PHI vs. WAS,W,5.03,0.0,0.0,0.0,0.0,0.0,0.0,0.0,28.6,0.0,0.0,7.2,0.0,10.7,1,1,1,1,1582,711,691,555,1226,1,1,1,1089,521,1,1694,1193,1621,1,5:02,2020,2021
2020-21,1629003,Shake Milton,Shake,1610612755,PHI,Philadelphia 76ers,42000105,2021-06-02T00:00:00,PHI vs. WAS,W,6.7683333333333335,0.0,0.0,0.0,0.0,0.0,0.0,0.0,31.9,0.0,0.0,5.3,5.3,10.6,1,1,1,1,1508,711,691,555,1226,1,1,1,922,521,1,1532,322,1623,1,6:46,2020,2021
2020-21,203552,Seth Curry,Seth,1610612755,PHI,Philadelphia 76ers,42000105,2021-06-02T00:00:00,PHI vs. WAS,W,30.966666666666665,5.8,0.0,3.5,11.6,5.8,9.3,10.5,32.6,0.0,0.0,3.5,7.0,36.0,1,1,1,1,595,174,691,300,292,574,1001,1332,878,521,1,1181,160,587,1,30:58,2020,2021
2020-21,202699,Tobias Harris,Tobias,1610612755,PHI,Philadelphia 76ers,42000105,2021-06-02T00:00:00,PHI vs. WAS,W,36.635,0.0,2.0,2.9,9.8,9.8,7.9,8.8,29.5,1.0,0.0,2.9,4.9,58.8,1,1,1,1,330,711,592,360,394,975,872,1160,1046,443,1,1028,366,91,1,36:38,2020,2021
2020-21,1630178,Tyrese Maxey,Tyrese,1610612755,PHI,Philadelphia 76ers,42000105,2021-06-02T00:00:00,PHI vs. WAS,W,26.466666666666665,2.7,0.0,2.7,8.2,8.2,1.4,6.8,21.8,0.0,1.4,2.7,2.7,35.6,1,1,1,1,778,508,691,380,510,780,369,963,1484,521,1549,946,749,605,1,26:28,2020,2021
2020-21,1630194,Paul Reed,Paul,1610612755,PHI,Philadelphia 76ers,42000105,2021-06-02T00:00:00,PHI vs. WAS,W,1.6666666666666667,0.0,0.0,0.0,0.0,0.0,0.0,0.0,43.2,0.0,0.0,0.0,0.0,0.0,1,1,1,1,1738,711,691,555,1226,1,1,1,360,521,1,1,1193,1720,1,1:40,2020,2021
2020-21,1630198,Isaiah Joe,Isaiah,1610612755,PHI,Philadelphia 76ers,42000105,2021-06-02T00:00:00,PHI vs. WAS,W,1.6666666666666667,0.0,0.0,0.0,0.0,0.0,0.0,0.0,43.2,0.0,0.0,0.0,0.0,0.0,1,1,1,1,1738,711,691,555,1226,1,1,1,360,521,1,1,1193,1720,1,1:40,2020,2021
2020-21,2730,Dwight Howard,Dwight,1610612755,PHI,Philadelphia 76ers,42000105,2021-06-02T00:00:00,PHI vs. WAS,W,15.966666666666669,4.5,13.5,0.0,9.0,13.5,0.0,4.5,22.5,6.8,0.0,9.0,11.3,73.5,1,1,1,1,1167,260,27,555,439,1325,1,707,1449,30,1,1768,32,30,1,15:58,2020,2021
2020-21,1627788,Furkan Korkmaz,Furkan,1610612755,PHI,Philadelphia 76ers,42000105,2021-06-02T00:00:00,PHI vs. WAS,W,14.383333333333333,5.0,0.0,0.0,5.0,15.0,0.0,0.0,15.0,0.0,0.0,0.0,0.0,28.0,1,1,1,1,1236,223,691,555,840,1450,1,1,1659,521,1,1,1193,988,1,14:23,2020,2021
2020-21,201980,Danny Green,Danny,1610612755,PHI,Philadelphia 76ers,42000104,2021-05-31T00:00:00,PHI @ WAS,L,30.95,0.0,2.3,0.0,2.3,16.3,14.0,22.1,32.6,3.5,0.0,2.3,0.0,30.4,1,933,933,933,598,711,526,555,1139,1518,1443,1783,876,88,1,826,1193,878,1,30:57,2020,2021
2020-21,1629003,Shake Milton,Shake,1610612755,PHI,Philadelphia 76ers,42000104,2021-05-31T00:00:00,PHI @ WAS,L,7.05,10.2,0.0,0.0,20.4,10.2,15.3,0.0,51.1,0.0,0.0,5.1,5.1,30.6,1,933,933,933,1491,42,691,555,60,1004,1531,1,147,521,1,1506,346,863,1,7:03,2020,2021
2020-21,203552,Seth Curry,Seth,1610612755,PHI,Philadelphia 76ers,42000104,2021-05-31T00:00:00,PHI @ WAS,L,28.1,2.6,2.6,0.0,5.1,16.7,12.8,21.8,33.3,0.0,0.0,2.6,2.6,18.4,1,933,933,933,715,525,489,555,826,1539,1363,1781,838,521,1,889,777,1399,1,28:06,2020,2021
2020-21,203954,Joel Embiid,Joel,1610612755,PHI,Philadelphia 76ers,42000104,2021-05-31T00:00:00,PHI @ WAS,L,11.391666666666667,0.0,0.0,0.0,6.3,9.5,12.6,12.6,37.9,0.0,3.2,3.2,9.5,63.8,1,933,933,933,1353,711,691,555,690,928,1351,1499,588,521,1772,1094,62,61,1,11:24,2020,2021
2020-21,1627732,Ben Simmons,Ben,1610612755,PHI,Philadelphia 76ers,42000104,2021-05-31T00:00:00,PHI @ WAS,L,24.516666666666666,1.5,2.9,2.9,11.7,14.7,11.7,17.6,23.5,0.0,1.5,7.3,11.7,49.8,1,933,933,933,843,693,429,362,289,1429,1267,1715,1408,521,1566,1702,27,203,1,24:31,2020,2021
2020-21,2730,Dwight Howard,Dwight,1610612755,PHI,Philadelphia 76ers,42000104,2021-05-31T00:00:00,PHI @ WAS,L,13.645,2.6,0.0,0.0,0.0,10.6,10.6,10.6,42.2,0.0,7.9,10.6,7.9,20.6,1,933,933,933,1261,516,691,555,1226,1033,1140,1338,396,521,1844,1805,108,1334,1,13:39,2020,2021
2020-21,1630178,Tyrese Maxey,Tyrese,1610612755,PHI,Philadelphia 76ers,42000104,2021-05-31T00:00:00,PHI @ WAS,L,21.566666666666663,3.3,0.0,3.3,13.4,3.3,11.7,3.3,36.7,1.7,0.0,6.7,1.7,40.4,1,933,933,933,960,413,691,320,222,387,1260,588,647,284,1,1668,979,429,1,21:34,2020,2021
2020-21,203118,Mike Scott,Mike,1610612755,PHI,Philadelphia 76ers,42000104,2021-05-31T00:00:00,PHI @ WAS,L,16.62,0.0,0.0,0.0,0.0,15.2,17.3,23.8,30.3,2.2,2.2,4.3,2.2,24.7,1,933,933,933,1149,711,691,555,1226,1466,1642,1802,1003,179,1693,1378,857,1151,1,16:37,2020,2021
2020-21,1627788,Furkan Korkmaz,Furkan,1610612755,PHI,Philadelphia 76ers,42000104,2021-05-31T00:00:00,PHI @ WAS,L,11.281666666666666,6.4,6.4,9.6,6.4,6.4,9.6,6.4,31.9,0.0,0.0,9.6,3.2,43.4,1,933,933,933,1358,137,132,42,684,629,1030,914,923,521,1,1786,639,337,1,11:17,2020,2021
2020-21,201588,George Hill,George,1610612755,PHI,Philadelphia 76ers,42000104,2021-05-31T00:00:00,PHI @ WAS,L,22.3,0.0,3.2,0.0,0.0,11.3,11.3,17.8,48.4,0.0,0.0,1.6,8.1,27.8,1,933,933,933,933,711,392,555,1226,1098,1217,1721,205,521,1,627,97,1003,1,22:18,2020,2021
2020-21,1629680,Matisse Thybulle,Matisse,1610612755,PHI,Philadelphia 76ers,42000104,2021-05-31T00:00:00,PHI @ WAS,L,15.135,0.0,0.0,0.0,4.8,7.1,11.9,9.5,47.6,0.0,0.0,2.4,0.0,26.6,1,933,933,933,1199,711,691,555,871,685,1287,1239,227,521,1,841,1193,1054,1,15:08,2020,2021
2020-21,202699,Tobias Harris,Tobias,1610612755,PHI,Philadelphia 76ers,42000104,2021-05-31T00:00:00,PHI @ WAS,L,37.443333333333335,3.8,1.9,0.0,7.7,12.5,13.5,18.3,34.6,1.0,5.8,3.8,1.9,43.4,1,933,933,933,288,339,602,555,555,1228,1411,1728,754,454,1824,1287,917,338,1,37:27,2020,2021
2020-21,1630178,Tyrese Maxey,Tyrese,1610612755,PHI,Philadelphia 76ers,42000103,2021-05-29T00:00:00,PHI @ WAS,W,11.253333333333334,0.0,0.0,0.0,6.4,6.4,19.2,16.0,38.4,3.2,0.0,6.4,0.0,35.8,1,1,1,1,1361,711,691,555,680,630,1714,1664,572,99,1,1648,1193,594,1,11:15,2020,2021
2020-21,1630194,Paul Reed,Paul,1610612755,PHI,Philadelphia 76ers,42000103,2021-05-29T00:00:00,PHI @ WAS,W,3.733333333333333,0.0,0.0,0.0,0.0,19.3,19.3,0.0,38.6,0.0,0.0,0.0,0.0,57.9,1,1,1,1,1657,711,691,555,1226,1647,1716,1,559,521,1,1,1193,98,1,3:44,2020,2021
2020-21,202699,Tobias Harris,Tobias,1610612755,PHI,Philadelphia 76ers,42000103,2021-05-29T00:00:00,PHI @ WAS,W,31.683333333333334,2.3,3.4,2.3,11.4,12.5,10.2,11.4,27.3,0.0,1.1,2.3,4.5,46.7,1,1,1,1,572,569,368,429,302,1227,1114,1406,1172,521,1495,815,422,267,1,31:41,2020,2021
2020-21,201980,Danny Green,Danny,1610612755,PHI,Philadelphia 76ers,42000103,2021-05-29T00:00:00,PHI @ WAS,W,25.75,0.0,0.0,4.2,0.0,11.2,15.4,9.8,22.4,1.4,0.0,2.8,1.4,36.1,1,1,1,1,804,711,691,226,1226,1092,1538,1264,1459,325,1,980,1034,586,1,25:45,2020,2021
2020-21,1629003,Shake Milton,Shake,1610612755,PHI,Philadelphia 76ers,42000103,2021-05-29T00:00:00,PHI @ WAS,W,10.5,0.0,6.9,0.0,0.0,20.6,13.7,0.0,34.3,0.0,0.0,10.3,3.4,10.3,1,1,1,1,1394,711,113,555,1226,1687,1422,1,772,521,1,1798,594,1630,1,10:30,2020,2021
2020-21,1627788,Furkan Korkmaz,Furkan,1610612755,PHI,Philadelphia 76ers,42000103,2021-05-29T00:00:00,PHI @ WAS,W,9.336666666666666,0.0,0.0,11.6,0.0,7.7,30.8,7.7,46.3,0.0,0.0,0.0,0.0,29.7,1,1,1,1,1427,711,691,25,1226,734,1825,1062,264,521,1,1,1193,907,1,9:20,2020,2021
2020-21,203552,Seth Curry,Seth,1610612755,PHI,Philadelphia 76ers,42000103,2021-05-29T00:00:00,PHI @ WAS,W,27.3,0.0,2.6,0.0,2.6,7.9,11.9,9.2,26.4,0.0,0.0,2.6,0.0,35.6,1,1,1,1,749,711,480,555,1103,755,1285,1208,1219,521,1,915,1193,608,1,27:18,2020,2021
2020-21,1627732,Ben Simmons,Ben,1610612755,PHI,Philadelphia 76ers,42000103,2021-05-29T00:00:00,PHI @ WAS,W,30.26333333333333,2.4,0.0,4.8,16.7,11.9,13.1,8.3,26.2,0.0,0.0,1.2,2.4,41.0,1,1,1,1,624,554,691,181,125,1163,1384,1107,1235,521,1,566,820,408,1,30:16,2020,2021
2020-21,1630198,Isaiah Joe,Isaiah,1610612755,PHI,Philadelphia 76ers,42000103,2021-05-29T00:00:00,PHI @ WAS,W,3.6,0.0,0.0,0.0,0.0,20.0,20.0,0.0,40.0,0.0,0.0,10.0,0.0,0.0,1,1,1,1,1660,711,691,555,1226,1667,1736,1,492,521,1,1794,1193,1720,1,3:36,2020,2021
2020-21,203118,Mike Scott,Mike,1610612755,PHI,Philadelphia 76ers,42000103,2021-05-29T00:00:00,PHI @ WAS,W,6.166666666666667,0.0,0.0,0.0,0.0,11.7,23.4,0.0,35.0,0.0,0.0,0.0,0.0,42.0,1,1,1,1,1526,711,691,555,1226,1127,1789,1,733,521,1,1,1193,378,1,6:10,2020,2021
2020-21,2730,Dwight Howard,Dwight,1610612755,PHI,Philadelphia 76ers,42000103,2021-05-29T00:00:00,PHI @ WAS,W,16.03,4.5,0.0,0.0,4.5,18.0,18.0,11.2,40.4,2.2,2.2,9.0,6.7,44.5,1,1,1,1,1166,263,691,555,900,1592,1666,1395,470,170,1710,1766,176,312,1,16:02,2020,2021
2020-21,1629680,Matisse Thybulle,Matisse,1610612755,PHI,Philadelphia 76ers,42000103,2021-05-29T00:00:00,PHI @ WAS,W,18.33333333333333,0.0,0.0,0.0,7.9,17.7,11.8,9.8,43.2,0.0,2.0,5.9,2.0,14.5,1,1,1,1,1082,711,691,555,539,1583,1268,1269,358,521,1658,1592,908,1524,1,18:20,2020,2021
2020-21,203954,Joel Embiid,Joel,1610612755,PHI,Philadelphia 76ers,42000103,2021-05-29T00:00:00,PHI @ WAS,W,27.9,2.6,3.9,0.0,15.5,7.7,11.6,9.0,25.8,1.3,0.0,2.6,6.5,75.6,1,1,1,1,728,520,327,555,155,738,1252,1191,1255,341,1,896,199,24,1,27:54,2020,2021
2020-21,201588,George Hill,George,1610612755,PHI,Philadelphia 76ers,42000103,2021-05-29T00:00:00,PHI @ WAS,W,18.15,0.0,4.0,0.0,4.0,11.9,11.9,9.9,39.7,2.0,0.0,6.0,2.0,22.6,1,1,1,1,1092,711,315,555,950,1166,1289,1278,503,218,1,1600,900,1238,1,18:09,2020,2021
2020-21,1627732,Ben Simmons,Ben,1610612755,PHI,Philadelphia 76ers,42000102,2021-05-26T00:00:00,PHI vs. WAS,W,28.566666666666663,2.5,7.6,5.0,27.7,5.0,8.8,6.3,40.3,1.3,0.0,1.3,3.8,65.3,1,1,1,1,702,530,88,166,19,503,954,907,475,348,1,584,534,48,1,28:34,2020,2021
2020-21,1630194,Paul Reed,Paul,1610612755,PHI,Philadelphia 76ers,42000102,2021-05-26T00:00:00,PHI vs. WAS,W,5.1,0.0,0.0,14.1,28.2,14.1,28.2,0.0,28.2,7.1,0.0,7.1,0.0,74.8,1,1,1,1,1578,711,691,15,18,1383,1818,1,1119,27,1,1688,1193,27,1,5:06,2020,2021
2020-21,201229,Anthony Tolliver,Anthony,1610612755,PHI,Philadelphia 76ers,42000102,2021-05-26T00:00:00,PHI vs. WAS,W,1.7333333333333334,0.0,0.0,0.0,0.0,0.0,41.5,0.0,0.0,0.0,0.0,20.8,20.8,0.0,1,1,1,1,1736,711,691,555,1226,1,1850,1,1731,521,1,1853,10,1720,1,1:44,2020,2021
2020-21,203954,Joel Embiid,Joel,1610612755,PHI,Philadelphia 76ers,42000102,2021-05-26T00:00:00,PHI vs. WAS,W,26.28333333333333,2.7,0.0,5.5,11.0,5.5,9.6,6.8,43.8,0.0,0.0,1.4,6.8,46.4,1,1,1,1,781,504,691,134,320,540,1034,966,340,521,1,596,169,269,1,26:17,2020,2021
2020-21,1629680,Matisse Thybulle,Matisse,1610612755,PHI,Philadelphia 76ers,42000102,2021-05-26T00:00:00,PHI vs. WAS,W,19.91333333333333,0.0,0.0,0.0,3.6,3.6,3.6,12.7,32.5,9.0,0.0,1.8,1.8,57.9,1,1,1,1,1031,711,691,555,993,410,475,1500,880,20,1,685,949,99,1,19:55,2020,2021
2020-21,2730,Dwight Howard,Dwight,1610612755,PHI,Philadelphia 76ers,42000102,2021-05-26T00:00:00,PHI vs. WAS,W,15.95,0.0,6.8,0.0,4.5,4.5,4.5,13.5,31.6,2.3,0.0,9.0,6.8,46.7,1,1,1,1,1169,711,118,555,899,464,557,1554,944,168,1,1769,172,266,1,15:57,2020,2021
2020-21,203118,Mike Scott,Mike,1610612755,PHI,Philadelphia 76ers,42000102,2021-05-26T00:00:00,PHI vs. WAS,W,5.483333333333333,0.0,0.0,0.0,0.0,13.1,26.3,0.0,26.3,0.0,6.6,0.0,0.0,0.0,1,1,1,1,1559,711,691,555,1226,1288,1807,1,1229,521,1833,1,1193,1720,1,5:29,2020,2021
2020-21,201588,George Hill,George,1610612755,PHI,Philadelphia 76ers,42000102,2021-05-26T00:00:00,PHI vs. WAS,W,22.666666666666668,0.0,0.0,0.0,3.2,6.4,7.9,11.1,25.4,0.0,0.0,6.4,3.2,21.0,1,1,1,1,922,711,691,555,1051,625,881,1384,1279,521,1,1644,644,1319,1,22:40,2020,2021
2020-21,203552,Seth Curry,Seth,1610612755,PHI,Philadelphia 76ers,42000102,2021-05-26T00:00:00,PHI vs. WAS,W,23.07,0.0,0.0,0.0,3.1,6.2,6.2,7.8,46.8,0.0,0.0,3.1,0.0,21.1,1,1,1,1,901,711,691,555,1063,621,730,1070,251,521,1,1083,1193,1312,1,23:04,2020,2021
2020-21,1629003,Shake Milton,Shake,1610612755,PHI,Philadelphia 76ers,42000102,2021-05-26T00:00:00,PHI vs. WAS,W,13.5,0.0,0.0,0.0,0.0,10.7,10.7,16.0,37.3,2.7,2.7,2.7,0.0,22.7,1,1,1,1,1265,711,691,555,1226,1045,1154,1665,616,140,1735,925,1193,1235,1,13:30,2020,2021
2020-21,202699,Tobias Harris,Tobias,1610612755,PHI,Philadelphia 76ers,42000102,2021-05-26T00:00:00,PHI vs. WAS,W,23.28333333333333,0.0,0.0,3.1,21.6,6.2,7.7,10.8,43.3,0.0,0.0,3.1,0.0,51.5,1,1,1,1,890,711,691,342,48,614,857,1363,355,521,1,1073,1193,174,1,23:17,2020,2021
2020-21,201980,Danny Green,Danny,1610612755,PHI,Philadelphia 76ers,42000102,2021-05-26T00:00:00,PHI vs. WAS,W,21.73333333333333,0.0,3.3,0.0,3.3,3.3,11.6,6.6,49.7,3.3,0.0,3.3,0.0,25.5,1,1,1,1,950,711,380,555,1041,386,1247,938,184,93,1,1142,1193,1108,1,21:44,2020,2021
2020-21,1630198,Isaiah Joe,Isaiah,1610612755,PHI,Philadelphia 76ers,42000102,2021-05-26T00:00:00,PHI vs. WAS,W,3.333333333333333,0.0,0.0,0.0,0.0,0.0,21.6,0.0,21.6,0.0,0.0,10.8,0.0,16.2,1,1,1,1,1682,711,691,555,1226,1,1771,1,1492,521,1,1811,1193,1469,1,3:20,2020,2021
2020-21,1627788,Furkan Korkmaz,Furkan,1610612755,PHI,Philadelphia 76ers,42000102,2021-05-26T00:00:00,PHI vs. WAS,W,15.7,11.5,0.0,4.6,4.6,9.2,13.8,6.9,36.7,0.0,0.0,0.0,6.9,37.1,1,1,1,1,1176,34,691,198,894,887,1428,970,649,521,1,1,165,552,1,15:42,2020,2021
2020-21,1630178,Tyrese Maxey,Tyrese,1610612755,PHI,Philadelphia 76ers,42000102,2021-05-26T00:00:00,PHI vs. WAS,W,13.683333333333334,15.8,0.0,5.3,21.0,5.3,10.5,0.0,26.3,7.9,0.0,0.0,7.9,61.6,1,1,1,1,1260,15,691,148,52,522,1138,1,1223,23,1,1,110,71,1,13:41,2020,2021
2020-21,201980,Danny Green,Danny,1610612755,PHI,Philadelphia 76ers,42000101,2021-05-23T00:00:00,PHI vs. WAS,W,31.356666666666666,3.4,0.0,2.3,2.3,4.6,10.3,12.6,57.4,1.1,0.0,1.1,1.1,28.0,1,1,1,1,583,398,691,427,1144,471,1122,1498,82,383,1,563,1090,990,1,31:21,2020,2021
2020-21,201588,George Hill,George,1610612755,PHI,Philadelphia 76ers,42000101,2021-05-23T00:00:00,PHI vs. WAS,W,18.416666666666668,0.0,3.9,3.9,15.6,9.8,15.6,17.6,58.6,0.0,0.0,5.9,0.0,32.1,1,1,1,1,1078,711,322,261,151,966,1551,1713,72,521,1,1590,1193,790,1,18:25,2020,2021
2020-21,1630178,Tyrese Maxey,Tyrese,1610612755,PHI,Philadelphia 76ers,42000101,2021-05-23T00:00:00,PHI vs. WAS,W,6.683333333333334,0.0,0.0,0.0,10.8,0.0,10.8,10.8,75.4,0.0,0.0,0.0,5.4,16.2,1,1,1,1,1512,711,691,555,330,1,1164,1354,19,521,1,1,312,1472,1,6:41,2020,2021
2020-21,1629003,Shake Milton,Shake,1610612755,PHI,Philadelphia 76ers,42000101,2021-05-23T00:00:00,PHI vs. WAS,W,9.65,0.0,0.0,0.0,0.0,18.7,14.9,11.2,67.2,0.0,0.0,0.0,3.7,25.0,1,1,1,1,1417,711,691,555,1226,1625,1516,1390,25,521,1,1,543,1136,1,9:39,2020,2021
2020-21,1629680,Matisse Thybulle,Matisse,1610612755,PHI,Philadelphia 76ers,42000101,2021-05-23T00:00:00,PHI vs. WAS,W,13.76,0.0,0.0,0.0,0.0,13.1,15.7,18.3,62.8,5.2,0.0,2.6,0.0,35.3,1,1,1,1,1255,711,691,555,1226,1283,1558,1730,51,50,1,904,1193,624,1,13:46,2020,2021
2020-21,203552,Seth Curry,Seth,1610612755,PHI,Philadelphia 76ers,42000101,2021-05-23T00:00:00,PHI vs. WAS,W,32.126666666666665,5.6,3.4,3.4,2.2,4.5,7.8,12.3,51.5,0.0,0.0,3.4,0.0,30.6,1,1,1,1,555,185,375,312,1151,460,870,1481,138,521,1,1157,1193,865,1,32:08,2020,2021
2020-21,202699,Tobias Harris,Tobias,1610612755,PHI,Philadelphia 76ers,42000101,2021-05-23T00:00:00,PHI vs. WAS,W,37.03333333333333,3.9,3.9,4.9,25.3,8.7,10.7,17.5,58.3,0.0,2.9,0.0,2.9,49.8,1,1,1,1,306,331,324,174,31,840,1158,1709,78,521,1758,1,709,204,1,37:02,2020,2021
2020-21,1627732,Ben Simmons,Ben,1610612755,PHI,Philadelphia 76ers,42000101,2021-05-23T00:00:00,PHI vs. WAS,W,38.09,1.9,1.9,1.9,5.7,3.8,10.4,10.4,52.9,0.9,0.0,3.8,3.8,47.7,1,1,1,1,255,638,612,488,767,424,1126,1322,122,463,1,1274,535,248,1,38:05,2020,2021
2020-21,203954,Joel Embiid,Joel,1610612755,PHI,Philadelphia 76ers,42000101,2021-05-23T00:00:00,PHI vs. WAS,W,29.758333333333333,1.2,2.4,0.0,9.7,4.8,7.3,4.8,43.6,1.2,0.0,4.8,10.9,48.0,1,1,1,1,645,698,512,555,405,484,815,735,347,366,1,1460,36,241,1,29:46,2020,2021
2020-21,2730,Dwight Howard,Dwight,1610612755,PHI,Philadelphia 76ers,42000101,2021-05-23T00:00:00,PHI vs. WAS,W,18.241666666666667,0.0,5.9,0.0,7.9,9.9,17.8,27.6,78.9,0.0,2.0,3.9,9.9,29.2,1,1,1,1,1089,711,171,555,536,978,1656,1826,15,521,1660,1315,55,931,1,18:15,2020,2021
2020-21,1627788,Furkan Korkmaz,Furkan,1610612755,PHI,Philadelphia 76ers,42000101,2021-05-23T00:00:00,PHI vs. WAS,W,4.883333333333334,0.0,0.0,0.0,0.0,0.0,14.7,0.0,44.2,0.0,0.0,0.0,0.0,0.0,1,1,1,1,1588,711,691,555,1226,1,1503,1,329,521,1,1,1193,1720,1,4:53,2020,2021
