PLAYER_ID,PLAYER_NAME,PLAYER_LAST_TEAM_ID,PLAYER_LAST_TEAM_ABBREVIATION,AGE,GP,G,FGA_FREQUENCY,FGM,FGA,FG_PCT,EFG_PCT,FG2A_FREQUENCY,FG2M,FG2A,FG2_PCT,FG3A_FREQUENCY,FG3M,FG3A,FG3_PCT
1629630,Ja Morant,1610612763,MEM,22.0,56,56,0.586,7.04,12.13,0.58,0.58,0.586,7.04,12.13,0.58,0.0,0.0,0.0,
203999,Nikola Jokić,1610612743,DEN,27.0,74,74,0.645,7.68,11.43,0.671,0.671,0.645,7.68,11.43,0.671,0.0,0.0,0.0,
203507,Giannis Antetokounmpo,1610612749,MIL,27.0,67,67,0.582,7.48,10.81,0.692,0.692,0.582,7.48,10.81,0.692,0.0,0.0,0.0,
2544,LeBron James,1610612747,LAL,37.0,56,56,0.45,6.93,9.8,0.707,0.707,0.45,6.93,9.8,0.707,0.0,0.0,0.0,
1628983,Shai Gilgeous-Alexander,1610612760,OKC,23.0,56,56,0.51,5.21,9.57,0.545,0.545,0.51,5.21,9.57,0.545,0.0,0.0,0.0,
1626157,Karl-Anthony Towns,1610612750,MIN,26.0,74,74,0.583,5.92,9.54,0.62,0.62,0.583,5.92,9.54,0.62,0.0,0.0,0.0,
1627783,Pascal Siakam,1610612761,TOR,28.0,68,68,0.529,5.5,9.4,0.585,0.585,0.529,5.5,9.4,0.585,0.0,0.0,0.0,
203076,Anthony Davis,1610612747,LAL,29.0,40,40,0.537,6.65,9.33,0.713,0.713,0.537,6.65,9.33,0.713,0.0,0.0,0.0,
1627734,Domantas Sabonis,1610612758,SAC,26.0,62,62,0.745,6.18,9.31,0.664,0.664,0.745,6.18,9.31,0.664,0.0,0.0,0.0,
1629628,RJ Barrett,1610612752,NYK,22.0,69,69,0.545,4.42,9.3,0.475,0.475,0.545,4.42,9.3,0.475,0.0,0.0,0.0,
1628389,Bam Adebayo,1610612748,MIA,24.0,56,56,0.695,5.79,9.05,0.639,0.639,0.695,5.79,9.05,0.639,0.0,0.0,0.0,
203994,Jusuf Nurkić,1610612757,POR,27.0,56,56,0.84,5.27,9.02,0.584,0.584,0.84,5.27,9.02,0.584,0.0,0.0,0.0,
1628982,Melvin Frazier Jr.,1610612760,OKC,25.0,3,3,0.563,4.0,9.0,0.444,0.444,0.563,4.0,9.0,0.444,0.0,0.0,0.0,
1628386,Jarrett Allen,1610612739,CLE,24.0,56,56,0.902,6.18,8.75,0.706,0.706,0.902,6.18,8.75,0.706,0.0,0.0,0.0,
1630285,Zavier Simpson,1610612760,OKC,25.0,4,4,0.673,3.5,8.75,0.4,0.4,0.673,3.5,8.75,0.4,0.0,0.0,0.0,
1629028,Deandre Ayton,1610612756,PHX,23.0,58,58,0.727,5.88,8.69,0.677,0.677,0.727,5.88,8.69,0.677,0.0,0.0,0.0,
201566,Russell Westbrook,1610612747,LAL,33.0,78,78,0.541,4.55,8.55,0.532,0.532,0.541,4.55,8.55,0.532,0.0,0.0,0.0,
202710,Jimmy Butler III,1610612748,MIA,32.0,57,57,0.572,4.68,8.33,0.562,0.562,0.572,4.68,8.33,0.562,0.0,0.0,0.0,
1628970,Miles Bridges,1610612766,CHA,24.0,79,79,0.547,5.2,8.29,0.627,0.627,0.547,5.2,8.29,0.627,0.0,0.0,0.0,
1629658,Jaylen Hoard,1610612760,OKC,23.0,7,7,0.644,4.71,8.29,0.569,0.569,0.644,4.71,8.29,0.569,0.0,0.0,0.0,
202685,Jonas Valančiūnas,1610612740,NOP,30.0,73,73,0.644,5.07,8.22,0.617,0.617,0.644,5.07,8.22,0.617,0.0,0.0,0.0,
203078,Bradley Beal,1610612764,WAS,29.0,40,40,0.424,4.53,8.18,0.554,0.554,0.424,4.53,8.18,0.554,0.0,0.0,0.0,
1628369,Jayson Tatum,1610612738,BOS,24.0,75,75,0.395,4.76,8.12,0.586,0.586,0.395,4.76,8.12,0.586,0.0,0.0,0.0,
1630532,Franz Wagner,1610612753,ORL,20.0,79,78,0.655,4.27,8.09,0.527,0.527,0.655,4.27,8.09,0.527,0.0,0.0,0.0,
203991,Clint Capela,1610612737,ATL,28.0,74,74,0.992,4.99,8.08,0.617,0.617,0.992,4.99,8.08,0.617,0.0,0.0,0.0,
1627751,Jakob Poeltl,1610612759,SAS,26.0,68,68,0.828,5.19,8.07,0.643,0.643,0.828,5.19,8.07,0.643,0.0,0.0,0.0,
1628368,De'Aaron Fox,1610612758,SAC,24.0,58,58,0.432,4.59,8.02,0.572,0.572,0.432,4.59,8.02,0.572,0.0,0.0,0.0,
1630596,Evan Mobley,1610612739,CLE,21.0,69,69,0.647,4.68,7.78,0.601,0.601,0.647,4.68,7.78,0.601,0.0,0.0,0.0,
1627759,Jaylen Brown,1610612738,BOS,25.0,65,64,0.418,4.52,7.74,0.584,0.584,0.418,4.52,7.74,0.584,0.0,0.0,0.0,
203954,Joel Embiid,1610612755,PHI,28.0,68,68,0.386,4.87,7.57,0.643,0.643,0.386,4.87,7.57,0.643,0.0,0.0,0.0,
203497,Rudy Gobert,1610612762,UTA,30.0,66,66,0.972,5.45,7.48,0.729,0.729,0.972,5.45,7.48,0.729,0.0,0.0,0.0,
1628378,Donovan Mitchell,1610612762,UTA,25.0,67,67,0.36,4.16,7.4,0.563,0.563,0.36,4.16,7.4,0.563,0.0,0.0,0.0,
1629029,Luka Dončić,1610612742,DAL,23.0,65,65,0.342,4.62,7.38,0.625,0.625,0.342,4.62,7.38,0.625,0.0,0.0,0.0,
1628991,Jaren Jackson Jr.,1610612763,MEM,22.0,77,77,0.552,3.55,7.34,0.483,0.483,0.552,3.55,7.34,0.483,0.0,0.0,0.0,
1630567,Scottie Barnes,1610612761,TOR,20.0,74,73,0.576,4.34,7.26,0.598,0.598,0.576,4.34,7.26,0.598,0.0,0.0,0.0,
1627749,Dejounte Murray,1610612759,SAS,25.0,68,68,0.392,3.97,7.15,0.556,0.556,0.392,3.97,7.15,0.556,0.0,0.0,0.0,
202696,Nikola Vučević,1610612741,CHI,31.0,73,73,0.451,4.3,7.14,0.603,0.603,0.451,4.3,7.14,0.603,0.0,0.0,0.0,
1629027,Trae Young,1610612737,ATL,23.0,76,76,0.35,3.71,7.11,0.522,0.522,0.35,3.71,7.11,0.522,0.0,0.0,0.0,
1629012,Collin Sexton,1610612739,CLE,23.0,11,11,0.527,4.55,7.09,0.641,0.641,0.527,4.55,7.09,0.641,0.0,0.0,0.0,
202699,Tobias Harris,1610612755,PHI,29.0,73,73,0.503,4.04,7.04,0.574,0.574,0.503,4.04,7.04,0.574,0.0,0.0,0.0,
1630595,Cade Cunningham,1610612765,DET,20.0,63,63,0.438,3.65,7.03,0.519,0.519,0.438,3.65,7.03,0.519,0.0,0.0,0.0,
1627763,Malcolm Brogdon,1610612754,IND,29.0,36,36,0.464,3.92,7.0,0.56,0.56,0.464,3.92,7.0,0.56,0.0,0.0,0.0,
1630162,Anthony Edwards,1610612750,MIN,20.0,72,72,0.404,3.97,6.99,0.569,0.569,0.404,3.97,6.99,0.569,0.0,0.0,0.0,
1629640,Keldon Johnson,1610612759,SAS,22.0,75,75,0.508,3.67,6.84,0.536,0.536,0.508,3.67,6.84,0.536,0.0,0.0,0.0,
1626174,Christian Wood,1610612745,HOU,26.0,68,67,0.522,4.24,6.75,0.627,0.627,0.522,4.24,6.75,0.627,0.0,0.0,0.0,
201935,James Harden,1610612755,PHI,32.0,65,65,0.441,3.35,6.72,0.499,0.499,0.441,3.35,6.72,0.499,0.0,0.0,0.0,
1626149,Montrezl Harrell,1610612766,CHA,28.0,71,71,0.853,4.66,6.68,0.698,0.698,0.853,4.66,6.68,0.698,0.0,0.0,0.0,
1630256,Jae'Sean Tate,1610612745,HOU,26.0,78,78,0.709,3.82,6.63,0.576,0.576,0.709,3.82,6.63,0.576,0.0,0.0,0.0,
201950,Jrue Holiday,1610612749,MIL,32.0,67,66,0.458,3.64,6.52,0.558,0.558,0.458,3.64,6.52,0.558,0.0,0.0,0.0,
1628381,John Collins,1610612737,ATL,24.0,54,54,0.544,4.11,6.48,0.634,0.634,0.544,4.11,6.48,0.634,0.0,0.0,0.0,
203944,Julius Randle,1610612752,NYK,27.0,71,70,0.367,3.52,6.34,0.556,0.556,0.367,3.52,6.34,0.556,0.0,0.0,0.0,
1628963,Marvin Bagley III,1610612765,DET,23.0,48,48,0.682,3.85,6.33,0.609,0.609,0.682,3.85,6.33,0.609,0.0,0.0,0.0,
1629636,Darius Garland,1610612739,CLE,22.0,68,68,0.363,3.37,6.26,0.538,0.538,0.363,3.37,6.26,0.538,0.0,0.0,0.0,
1627826,Ivica Zubac,1610612746,LAC,25.0,76,76,0.96,3.96,6.25,0.634,0.634,0.96,3.96,6.25,0.634,0.0,0.0,0.0,
1627747,Caris LeVert,1610612739,CLE,27.0,58,57,0.424,3.41,6.24,0.547,0.547,0.424,3.41,6.24,0.547,0.0,0.0,0.0,
203897,Zach LaVine,1610612741,CHI,27.0,67,66,0.352,3.91,6.22,0.628,0.628,0.352,3.91,6.22,0.628,0.0,0.0,0.0,
1628415,Dillon Brooks,1610612763,MEM,26.0,31,31,0.377,3.32,6.19,0.536,0.536,0.377,3.32,6.19,0.536,0.0,0.0,0.0,
1626195,Willy Hernangomez,1610612740,NOP,28.0,50,48,0.917,3.24,5.98,0.542,0.542,0.917,3.24,5.98,0.542,0.0,0.0,0.0,
1629057,Robert Williams III,1610612738,BOS,24.0,60,60,0.967,4.4,5.88,0.748,0.748,0.967,4.4,5.88,0.748,0.0,0.0,0.0,
203932,Aaron Gordon,1610612743,DEN,26.0,75,75,0.526,3.91,5.85,0.667,0.667,0.526,3.91,5.85,0.667,0.0,0.0,0.0,
1630163,LaMelo Ball,1610612766,CHA,20.0,74,74,0.349,2.91,5.85,0.497,0.497,0.349,2.91,5.85,0.497,0.0,0.0,0.0,
1630581,Josh Giddey,1610612760,OKC,19.0,54,54,0.47,3.17,5.83,0.543,0.543,0.47,3.17,5.83,0.543,0.0,0.0,0.0,
1630178,Tyrese Maxey,1610612755,PHI,21.0,75,75,0.437,3.32,5.8,0.572,0.572,0.437,3.32,5.8,0.572,0.0,0.0,0.0,
1629634,Brandon Clarke,1610612763,MEM,25.0,63,63,0.826,4.05,5.75,0.704,0.704,0.826,4.05,5.75,0.704,0.0,0.0,0.0,
203083,Andre Drummond,1610612751,BKN,28.0,73,71,0.968,3.33,5.74,0.58,0.58,0.968,3.33,5.74,0.58,0.0,0.0,0.0,
1630191,Isaiah Stewart,1610612765,DET,21.0,70,69,0.827,3.13,5.73,0.546,0.546,0.827,3.13,5.73,0.546,0.0,0.0,0.0,
1626181,Norman Powell,1610612746,LAC,29.0,45,45,0.426,2.93,5.73,0.512,0.512,0.426,2.93,5.73,0.512,0.0,0.0,0.0,
204001,Kristaps Porziņģis,1610612764,WAS,26.0,51,50,0.379,3.43,5.71,0.601,0.601,0.379,3.43,5.71,0.601,0.0,0.0,0.0,
1629652,Luguentz Dort,1610612760,OKC,23.0,51,51,0.398,2.94,5.67,0.519,0.519,0.398,2.94,5.67,0.519,0.0,0.0,0.0,
202681,Kyrie Irving,1610612751,BKN,30.0,29,29,0.266,3.28,5.66,0.579,0.579,0.266,3.28,5.66,0.579,0.0,0.0,0.0,
1630224,Jalen Green,1610612745,HOU,20.0,67,67,0.397,3.09,5.66,0.546,0.546,0.397,3.09,5.66,0.546,0.0,0.0,0.0,
1628398,Kyle Kuzma,1610612764,WAS,26.0,66,66,0.397,3.48,5.64,0.618,0.618,0.397,3.48,5.64,0.618,0.0,0.0,0.0,
1628976,Wendell Carter Jr.,1610612753,ORL,23.0,62,62,0.51,3.68,5.61,0.655,0.655,0.51,3.68,5.61,0.655,0.0,0.0,0.0,
203081,Damian Lillard,1610612757,POR,31.0,29,29,0.293,2.93,5.59,0.525,0.525,0.293,2.93,5.59,0.525,0.0,0.0,0.0,
1630591,Jalen Suggs,1610612753,ORL,21.0,48,46,0.488,2.75,5.56,0.494,0.494,0.488,2.75,5.56,0.494,0.0,0.0,0.0,
1629651,Nic Claxton,1610612751,BKN,23.0,47,46,0.989,3.74,5.55,0.674,0.674,0.989,3.74,5.55,0.674,0.0,0.0,0.0,
1628419,Cameron Oliver,1610612737,ATL,25.0,2,2,0.733,4.0,5.5,0.727,0.727,0.733,4.0,5.5,0.727,0.0,0.0,0.0,
1629655,Daniel Gafford,1610612764,WAS,23.0,72,72,0.966,3.92,5.5,0.712,0.712,0.966,3.92,5.5,0.712,0.0,0.0,0.0,
201580,JaVale McGee,1610612756,PHX,34.0,74,73,0.889,3.65,5.5,0.663,0.663,0.889,3.65,5.5,0.663,0.0,0.0,0.0,
1628404,Josh Hart,1610612757,POR,27.0,53,53,0.513,3.51,5.42,0.648,0.648,0.513,3.51,5.42,0.648,0.0,0.0,0.0,
201942,DeMar DeRozan,1610612741,CHI,32.0,76,75,0.268,3.14,5.42,0.58,0.58,0.268,3.14,5.42,0.58,0.0,0.0,0.0,
1628977,Hamidou Diallo,1610612765,DET,23.0,57,56,0.599,3.3,5.4,0.61,0.61,0.599,3.3,5.4,0.61,0.0,0.0,0.0,
1628384,OG Anunoby,1610612761,TOR,24.0,48,48,0.371,3.17,5.4,0.587,0.587,0.371,3.17,5.4,0.587,0.0,0.0,0.0,
203084,Harrison Barnes,1610612758,SAC,30.0,76,76,0.497,2.95,5.39,0.546,0.546,0.497,2.95,5.39,0.546,0.0,0.0,0.0,
203952,Andrew Wiggins,1610612744,GSW,27.0,72,71,0.381,3.17,5.31,0.597,0.597,0.381,3.17,5.31,0.597,0.0,0.0,0.0,
203468,CJ McCollum,1610612740,NOP,30.0,62,59,0.28,2.81,5.26,0.534,0.534,0.28,2.81,5.26,0.534,0.0,0.0,0.0,
1628973,Jalen Brunson,1610612742,DAL,25.0,79,77,0.411,3.11,5.24,0.594,0.594,0.411,3.11,5.24,0.594,0.0,0.0,0.0,
1630578,Alperen Sengun,1610612745,HOU,19.0,72,71,0.712,2.9,5.19,0.559,0.559,0.712,2.9,5.19,0.559,0.0,0.0,0.0,
1629639,Tyler Herro,1610612748,MIA,22.0,66,64,0.304,2.82,5.17,0.545,0.545,0.304,2.82,5.17,0.545,0.0,0.0,0.0,
1629647,Darius Bazley,1610612760,OKC,22.0,69,68,0.552,2.71,5.17,0.524,0.524,0.552,2.71,5.17,0.524,0.0,0.0,0.0,
1630314,Brandon Williams,1610612757,POR,22.0,24,23,0.436,2.17,5.13,0.423,0.423,0.436,2.17,5.13,0.423,0.0,0.0,0.0,
1630678,Terry Taylor,1610612754,IND,22.0,33,30,0.767,3.52,5.09,0.69,0.69,0.767,3.52,5.09,0.69,0.0,0.0,0.0,
203903,Jordan Clarkson,1610612762,UTA,30.0,79,79,0.361,2.8,5.09,0.55,0.55,0.361,2.8,5.09,0.55,0.0,0.0,0.0,
201577,Robin Lopez,1610612753,ORL,34.0,36,34,0.91,2.92,5.06,0.577,0.577,0.91,2.92,5.06,0.577,0.0,0.0,0.0,
203924,Jerami Grant,1610612765,DET,28.0,47,46,0.336,2.68,5.0,0.536,0.536,0.336,2.68,5.0,0.536,0.0,0.0,0.0,
202704,Reggie Jackson,1610612746,LAC,32.0,74,72,0.305,2.53,4.97,0.508,0.508,0.305,2.53,4.97,0.508,0.0,0.0,0.0,
202711,Bojan Bogdanović,1610612762,UTA,33.0,69,69,0.367,2.87,4.94,0.581,0.581,0.367,2.87,4.94,0.581,0.0,0.0,0.0,
1628971,Bruce Brown,1610612751,BKN,25.0,72,70,0.702,2.82,4.93,0.572,0.572,0.702,2.82,4.93,0.572,0.0,0.0,0.0,
1626179,Terry Rozier,1610612766,CHA,28.0,72,71,0.308,2.69,4.93,0.546,0.546,0.308,2.69,4.93,0.546,0.0,0.0,0.0,
1630173,Precious Achiuwa,1610612761,TOR,22.0,73,73,0.595,2.48,4.92,0.504,0.504,0.595,2.48,4.92,0.504,0.0,0.0,0.0,
1626164,Devin Booker,1610612756,PHX,25.0,67,64,0.235,2.82,4.91,0.574,0.574,0.235,2.82,4.91,0.574,0.0,0.0,0.0,
1629617,Reggie Perry,1610612757,POR,22.0,10,9,0.62,3.0,4.9,0.612,0.612,0.62,3.0,4.9,0.612,0.0,0.0,0.0,
203500,Steven Adams,1610612763,MEM,28.0,75,75,0.958,2.75,4.87,0.564,0.564,0.958,2.75,4.87,0.564,0.0,0.0,0.0,
202331,Paul George,1610612746,LAC,32.0,31,31,0.235,2.58,4.84,0.533,0.533,0.235,2.58,4.84,0.533,0.0,0.0,0.0,
1630175,Cole Anthony,1610612753,ORL,22.0,65,63,0.343,2.26,4.82,0.47,0.47,0.343,2.26,4.82,0.47,0.0,0.0,0.0,
1630543,Isaiah Jackson,1610612754,IND,20.0,36,32,0.84,2.97,4.81,0.618,0.618,0.84,2.97,4.81,0.618,0.0,0.0,0.0,
1626158,Richaun Holmes,1610612758,SAC,28.0,44,43,0.73,3.36,4.8,0.701,0.701,0.73,3.36,4.8,0.701,0.0,0.0,0.0,
1629011,Mitchell Robinson,1610612752,NYK,24.0,71,70,1.0,3.63,4.79,0.759,0.759,1.0,3.63,4.79,0.759,0.0,0.0,0.0,
1626171,Bobby Portis,1610612749,MIL,27.0,72,70,0.394,2.69,4.76,0.566,0.566,0.394,2.69,4.76,0.566,0.0,0.0,0.0,
201939,Stephen Curry,1610612744,GSW,34.0,64,62,0.246,2.7,4.7,0.575,0.575,0.246,2.7,4.7,0.575,0.0,0.0,0.0,
201572,Brook Lopez,1610612749,MIL,34.0,13,11,0.466,3.08,4.69,0.656,0.656,0.466,3.08,4.69,0.656,0.0,0.0,0.0,
201565,Derrick Rose,1610612752,NYK,33.0,26,25,0.445,2.54,4.69,0.541,0.541,0.445,2.54,4.69,0.541,0.0,0.0,0.0,
1626163,Frank Kaminsky,1610612756,PHX,29.0,9,9,0.646,2.89,4.67,0.619,0.619,0.646,2.89,4.67,0.619,0.0,0.0,0.0,
1628365,Markelle Fultz,1610612753,ORL,24.0,18,18,0.48,2.72,4.67,0.583,0.583,0.48,2.72,4.67,0.583,0.0,0.0,0.0,
1629645,Kevin Porter Jr.,1610612745,HOU,22.0,61,60,0.351,2.34,4.66,0.504,0.504,0.351,2.34,4.66,0.504,0.0,0.0,0.0,
202355,Hassan Whiteside,1610612762,UTA,33.0,65,62,0.912,3.2,4.63,0.691,0.691,0.912,3.2,4.63,0.691,0.0,0.0,0.0,
1626166,Cameron Payne,1610612756,PHX,27.0,57,57,0.457,2.16,4.63,0.466,0.466,0.457,2.16,4.63,0.466,0.0,0.0,0.0,
1629020,Jarred Vanderbilt,1610612750,MIN,23.0,74,72,0.945,2.82,4.61,0.613,0.613,0.945,2.82,4.61,0.613,0.0,0.0,0.0,
1627739,Kris Dunn,1610612757,POR,28.0,14,14,0.627,2.29,4.57,0.5,0.5,0.627,2.29,4.57,0.5,0.0,0.0,0.0,
1630168,Onyeka Okongwu,1610612737,ATL,21.0,48,47,0.969,3.17,4.56,0.694,0.694,0.969,3.17,4.56,0.694,0.0,0.0,0.0,
203115,Will Barton,1610612743,DEN,31.0,71,69,0.36,2.46,4.54,0.543,0.543,0.36,2.46,4.54,0.543,0.0,0.0,0.0,
1629676,Isaiah Roby,1610612760,OKC,24.0,45,41,0.632,2.58,4.53,0.569,0.569,0.632,2.58,4.53,0.569,0.0,0.0,0.0,
1629637,Jaxson Hayes,1610612740,NOP,22.0,69,69,0.786,3.14,4.52,0.696,0.696,0.786,3.14,4.52,0.696,0.0,0.0,0.0,
1630231,KJ Martin,1610612745,HOU,21.0,79,77,0.676,2.77,4.47,0.62,0.62,0.676,2.77,4.47,0.62,0.0,0.0,0.0,
1630529,Herbert Jones,1610612740,NOP,23.0,77,75,0.604,2.48,4.45,0.557,0.557,0.604,2.48,4.45,0.557,0.0,0.0,0.0,
202684,Tristan Thompson,1610612741,CHI,31.0,56,52,0.943,2.41,4.45,0.542,0.542,0.943,2.41,4.45,0.542,0.0,0.0,0.0,
1627742,Brandon Ingram,1610612740,NOP,24.0,54,53,0.247,2.48,4.41,0.563,0.563,0.247,2.48,4.41,0.563,0.0,0.0,0.0,
1629659,Talen Horton-Tucker,1610612747,LAL,21.0,60,59,0.489,2.35,4.38,0.536,0.536,0.489,2.35,4.38,0.536,0.0,0.0,0.0,
202330,Gordon Hayward,1610612766,CHA,32.0,48,46,0.348,2.27,4.35,0.522,0.522,0.348,2.27,4.35,0.522,0.0,0.0,0.0,
1630549,Day'Ron Sharpe,1610612751,BKN,20.0,32,29,0.933,2.59,4.34,0.597,0.597,0.933,2.59,4.34,0.597,0.0,0.0,0.0,
1629673,Jordan Poole,1610612744,GSW,23.0,75,74,0.31,2.64,4.32,0.611,0.611,0.31,2.64,4.32,0.611,0.0,0.0,0.0,
203935,Marcus Smart,1610612738,BOS,28.0,70,69,0.427,2.34,4.3,0.545,0.545,0.427,2.34,4.3,0.545,0.0,0.0,0.0,
203939,Dwight Powell,1610612742,DAL,30.0,82,79,0.871,3.09,4.27,0.723,0.723,0.871,3.09,4.27,0.723,0.0,0.0,0.0,
201569,Eric Gordon,1610612745,HOU,33.0,57,56,0.431,2.39,4.26,0.56,0.56,0.431,2.39,4.26,0.56,0.0,0.0,0.0,
1630217,Desmond Bane,1610612763,MEM,24.0,76,75,0.292,2.33,4.24,0.55,0.55,0.292,2.33,4.24,0.55,0.0,0.0,0.0,
204456,T.J. McConnell,1610612754,IND,30.0,27,26,0.548,2.26,4.22,0.535,0.535,0.548,2.26,4.22,0.535,0.0,0.0,0.0,
1628392,Isaiah Hartenstein,1610612746,LAC,24.0,68,67,0.781,2.78,4.21,0.661,0.661,0.781,2.78,4.21,0.661,0.0,0.0,0.0,
1628374,Lauri Markkanen,1610612739,CLE,25.0,61,59,0.366,2.51,4.21,0.595,0.595,0.366,2.51,4.21,0.595,0.0,0.0,0.0,
203471,Dennis Schröder,1610612745,HOU,28.0,63,62,0.373,2.22,4.21,0.528,0.528,0.373,2.22,4.21,0.528,0.0,0.0,0.0,
1629234,Drew Eubanks,1610612757,POR,25.0,71,64,0.801,2.66,4.2,0.634,0.634,0.801,2.66,4.2,0.634,0.0,0.0,0.0,
1626167,Myles Turner,1610612754,IND,26.0,42,40,0.447,2.88,4.19,0.688,0.688,0.447,2.88,4.19,0.688,0.0,0.0,0.0,
203915,Spencer Dinwiddie,1610612742,DAL,29.0,67,63,0.383,2.21,4.19,0.527,0.527,0.383,2.21,4.19,0.527,0.0,0.0,0.0,
203486,Mason Plumlee,1610612766,CHA,32.0,72,71,0.947,2.76,4.18,0.661,0.661,0.947,2.76,4.18,0.661,0.0,0.0,0.0,
1626162,Kelly Oubre Jr.,1610612766,CHA,26.0,75,73,0.337,2.57,4.15,0.621,0.621,0.337,2.57,4.15,0.621,0.0,0.0,0.0,
1630180,Saddiq Bey,1610612765,DET,23.0,81,77,0.296,2.07,4.12,0.503,0.503,0.296,2.07,4.12,0.503,0.0,0.0,0.0,
1628370,Malik Monk,1610612747,LAL,24.0,76,73,0.376,2.49,4.08,0.61,0.61,0.376,2.49,4.08,0.61,0.0,0.0,0.0,
1628969,Mikal Bridges,1610612756,PHX,25.0,81,78,0.391,2.95,4.07,0.724,0.724,0.391,2.95,4.07,0.724,0.0,0.0,0.0,
1629631,De'Andre Hunter,1610612737,ATL,24.0,53,50,0.374,2.15,4.06,0.53,0.53,0.374,2.15,4.06,0.53,0.0,0.0,0.0,
1630167,Obi Toppin,1610612752,NYK,24.0,71,67,0.608,2.72,4.04,0.672,0.672,0.608,2.72,4.04,0.672,0.0,0.0,0.0,
201152,Thaddeus Young,1610612761,TOR,34.0,52,48,0.769,2.29,4.04,0.567,0.567,0.769,2.29,4.04,0.567,0.0,0.0,0.0,
1628401,Derrick White,1610612738,BOS,27.0,75,73,0.379,2.21,4.04,0.548,0.548,0.379,2.21,4.04,0.548,0.0,0.0,0.0,
1629611,Terance Mann,1610612746,LAC,25.0,80,78,0.466,2.44,3.99,0.611,0.611,0.466,2.44,3.99,0.611,0.0,0.0,0.0,
1630228,Jonathan Kuminga,1610612744,GSW,19.0,69,60,0.614,2.48,3.97,0.624,0.624,0.614,2.48,3.97,0.624,0.0,0.0,0.0,
201145,Jeff Green,1610612743,DEN,35.0,75,72,0.561,2.71,3.96,0.684,0.684,0.561,2.71,3.96,0.684,0.0,0.0,0.0,
1629675,Naz Reid,1610612750,MIN,22.0,77,75,0.639,2.29,3.96,0.577,0.577,0.639,2.29,3.96,0.577,0.0,0.0,0.0,
1630171,Isaac Okoro,1610612739,CLE,21.0,67,64,0.615,2.25,3.96,0.57,0.57,0.615,2.25,3.96,0.57,0.0,0.0,0.0,
202326,DeMarcus Cousins,1610612743,DEN,31.0,48,42,0.583,2.25,3.94,0.571,0.571,0.583,2.25,3.94,0.571,0.0,0.0,0.0,
202328,Greg Monroe,1610612750,MIN,32.0,14,13,0.965,2.29,3.93,0.582,0.582,0.965,2.29,3.93,0.582,0.0,0.0,0.0,
1630296,Braxton Key,1610612765,DET,25.0,11,10,0.597,2.36,3.91,0.605,0.605,0.597,2.36,3.91,0.605,0.0,0.0,0.0,
201937,Ricky Rubio,1610612754,IND,31.0,34,34,0.324,1.5,3.91,0.383,0.383,0.324,1.5,3.91,0.383,0.0,0.0,0.0,
203110,Draymond Green,1610612744,GSW,32.0,46,43,0.696,2.41,3.89,0.62,0.62,0.696,2.41,3.89,0.62,0.0,0.0,0.0,
1628449,Chris Boucher,1610612761,TOR,29.0,80,75,0.537,2.39,3.86,0.618,0.618,0.537,2.39,3.86,0.618,0.0,0.0,0.0,
1630570,Trendon Watford,1610612757,POR,21.0,48,46,0.693,2.46,3.85,0.638,0.638,0.693,2.46,3.85,0.638,0.0,0.0,0.0,
203937,Kyle Anderson,1610612763,MEM,28.0,69,69,0.565,2.0,3.84,0.521,0.521,0.565,2.0,3.84,0.521,0.0,0.0,0.0,
1630598,Aaron Wiggins,1610612760,OKC,23.0,50,42,0.564,2.22,3.8,0.584,0.584,0.564,2.22,3.8,0.584,0.0,0.0,0.0,
1629638,Nickeil Alexander-Walker,1610612762,UTA,23.0,64,55,0.361,1.81,3.78,0.479,0.479,0.361,1.81,3.78,0.479,0.0,0.0,0.0,
202687,Bismack Biyombo,1610612756,PHX,29.0,35,29,0.923,2.43,3.77,0.644,0.644,0.923,2.43,3.77,0.644,0.0,0.0,0.0,
1626168,Trey Lyles,1610612758,SAC,26.0,74,70,0.504,2.28,3.77,0.606,0.606,0.504,2.28,3.77,0.606,0.0,0.0,0.0,
201142,Kevin Durant,1610612751,BKN,33.0,55,53,0.186,2.42,3.76,0.643,0.643,0.186,2.42,3.76,0.643,0.0,0.0,0.0,
1630181,R.J. Hampton,1610612753,ORL,21.0,64,61,0.521,1.61,3.72,0.433,0.433,0.521,1.61,3.72,0.433,0.0,0.0,0.0,
1626156,D'Angelo Russell,1610612750,MIN,26.0,65,64,0.247,2.11,3.71,0.568,0.568,0.247,2.11,3.71,0.568,0.0,0.0,0.0,
201144,Mike Conley,1610612762,UTA,34.0,72,72,0.338,1.78,3.71,0.479,0.479,0.338,1.78,3.71,0.479,0.0,0.0,0.0,
1628964,Mo Bamba,1610612753,ORL,24.0,71,69,0.426,2.31,3.7,0.624,0.624,0.426,2.31,3.7,0.624,0.0,0.0,0.0,
1630558,Davion Mitchell,1610612758,SAC,23.0,74,73,0.328,2.04,3.69,0.553,0.553,0.328,2.04,3.69,0.553,0.0,0.0,0.0,
1626172,Kevon Looney,1610612744,GSW,26.0,81,77,0.835,2.37,3.68,0.644,0.644,0.835,2.37,3.68,0.644,0.0,0.0,0.0,
203114,Khris Middleton,1610612749,MIL,30.0,66,63,0.236,2.05,3.65,0.56,0.56,0.236,2.05,3.65,0.56,0.0,0.0,0.0,
1630537,Chris Duarte,1610612754,IND,25.0,55,52,0.322,1.96,3.64,0.54,0.54,0.322,1.96,3.64,0.54,0.0,0.0,0.0,
1630183,Jaden McDaniels,1610612750,MIN,21.0,70,68,0.452,2.16,3.59,0.602,0.602,0.452,2.16,3.59,0.602,0.0,0.0,0.0,
1629052,Oshae Brissett,1610612754,IND,24.0,67,62,0.474,1.78,3.58,0.496,0.496,0.474,1.78,3.58,0.496,0.0,0.0,0.0,
1628997,Caleb Martin,1610612748,MIA,26.0,60,55,0.517,2.13,3.53,0.604,0.604,0.517,2.13,3.53,0.604,0.0,0.0,0.0,
1630209,Omer Yurtseven,1610612748,MIA,24.0,56,45,0.811,2.05,3.52,0.584,0.584,0.811,2.05,3.52,0.584,0.0,0.0,0.0,
201143,Al Horford,1610612738,BOS,36.0,68,62,0.422,2.1,3.49,0.603,0.603,0.422,2.1,3.49,0.603,0.0,0.0,0.0,
202339,Eric Bledsoe,1610612757,POR,32.0,53,48,0.407,1.98,3.49,0.568,0.568,0.407,1.98,3.49,0.568,0.0,0.0,0.0,
1628372,Dennis Smith Jr.,1610612757,POR,24.0,37,33,0.683,1.68,3.49,0.481,0.481,0.683,1.68,3.49,0.481,0.0,0.0,0.0,
1630188,Jalen Smith,1610612754,IND,22.0,50,43,0.523,2.26,3.48,0.649,0.649,0.523,2.26,3.48,0.649,0.0,0.0,0.0,
1629056,Terence Davis,1610612758,SAC,25.0,29,25,0.391,1.97,3.48,0.564,0.564,0.391,1.97,3.48,0.564,0.0,0.0,0.0,
1629023,P.J. Washington,1610612766,CHA,23.0,65,60,0.421,2.15,3.46,0.622,0.622,0.421,2.15,3.46,0.622,0.0,0.0,0.0,
1627745,Damian Jones,1610612758,SAC,27.0,55,49,0.714,2.56,3.45,0.742,0.742,0.714,2.56,3.45,0.742,0.0,0.0,0.0,
1630553,Keon Johnson,1610612757,POR,20.0,36,33,0.456,1.56,3.42,0.455,0.455,0.456,1.56,3.42,0.455,0.0,0.0,0.0,
203458,Alex Len,1610612758,SAC,29.0,39,35,0.756,2.05,3.41,0.602,0.602,0.756,2.05,3.41,0.602,0.0,0.0,0.0,
1629002,Chimezie Metu,1610612758,SAC,25.0,59,57,0.446,2.05,3.39,0.605,0.605,0.446,2.05,3.39,0.605,0.0,0.0,0.0,
1630166,Deni Avdija,1610612764,WAS,21.0,82,75,0.48,1.89,3.39,0.558,0.558,0.48,1.89,3.39,0.558,0.0,0.0,0.0,
1626204,Larry Nance Jr.,1610612740,NOP,29.0,46,45,0.628,2.15,3.37,0.639,0.639,0.628,2.15,3.37,0.639,0.0,0.0,0.0,
200746,LaMarcus Aldridge,1610612751,BKN,36.0,47,42,0.34,2.13,3.32,0.641,0.641,0.34,2.13,3.32,0.641,0.0,0.0,0.0,
1630169,Tyrese Haliburton,1610612754,IND,22.0,76,73,0.28,1.91,3.3,0.578,0.578,0.28,1.91,3.3,0.578,0.0,0.0,0.0,
203482,Kelly Olynyk,1610612765,DET,31.0,40,38,0.462,1.88,3.3,0.568,0.568,0.462,1.88,3.3,0.568,0.0,0.0,0.0,
2730,Dwight Howard,1610612747,LAL,36.0,60,55,0.89,2.08,3.25,0.641,0.641,0.89,2.08,3.25,0.641,0.0,0.0,0.0,
1627832,Fred VanVleet,1610612761,TOR,28.0,65,58,0.192,1.46,3.25,0.45,0.45,0.192,1.46,3.25,0.45,0.0,0.0,0.0,
1630544,Tre Mann,1610612760,OKC,21.0,60,52,0.332,1.37,3.25,0.421,0.421,0.332,1.37,3.25,0.421,0.0,0.0,0.0,
201949,James Johnson,1610612751,BKN,35.0,62,57,0.657,1.89,3.24,0.582,0.582,0.657,1.89,3.24,0.582,0.0,0.0,0.0,
1629750,Javonte Green,1610612741,CHI,28.0,65,64,0.646,2.09,3.23,0.648,0.648,0.646,2.09,3.23,0.648,0.0,0.0,0.0,
1626159,Justise Winslow,1610612757,POR,26.0,47,39,0.594,1.79,3.23,0.553,0.553,0.594,1.79,3.23,0.553,0.0,0.0,0.0,
203526,Raul Neto,1610612764,WAS,30.0,70,63,0.512,1.79,3.23,0.553,0.553,0.512,1.79,3.23,0.553,0.0,0.0,0.0,
203926,Doug McDermott,1610612759,SAS,30.0,51,50,0.353,1.71,3.22,0.53,0.53,0.353,1.71,3.22,0.53,0.0,0.0,0.0,
1628380,Zach Collins,1610612759,SAS,24.0,28,27,0.581,1.68,3.21,0.522,0.522,0.581,1.68,3.21,0.522,0.0,0.0,0.0,
1630528,Josh Christopher,1610612745,HOU,20.0,74,64,0.472,1.86,3.19,0.585,0.585,0.472,1.86,3.19,0.585,0.0,0.0,0.0,
1629048,Goga Bitadze,1610612754,IND,22.0,50,38,0.631,2.12,3.18,0.667,0.667,0.631,2.12,3.18,0.667,0.0,0.0,0.0,
1627761,DeAndre' Bembry,1610612749,MIL,27.0,56,46,0.802,1.93,3.18,0.607,0.607,0.802,1.93,3.18,0.607,0.0,0.0,0.0,
1630613,Duane Washington Jr.,1610612754,IND,22.0,48,41,0.356,1.42,3.17,0.447,0.447,0.356,1.42,3.17,0.447,0.0,0.0,0.0,
1630245,Ayo Dosunmu,1610612741,CHI,22.0,77,71,0.454,1.99,3.16,0.63,0.63,0.454,1.99,3.16,0.63,0.0,0.0,0.0,
1630197,Aleksej Pokusevski,1610612760,OKC,20.0,61,53,0.421,1.79,3.15,0.568,0.568,0.421,1.79,3.15,0.568,0.0,0.0,0.0,
1629018,Gary Trent Jr.,1610612761,TOR,23.0,70,66,0.203,1.5,3.14,0.477,0.477,0.203,1.5,3.14,0.477,0.0,0.0,0.0,
203473,Dewayne Dedmon,1610612748,MIA,32.0,67,62,0.721,1.97,3.12,0.632,0.632,0.721,1.97,3.12,0.632,0.0,0.0,0.0,
1629117,Wenyen Gabriel,1610612747,LAL,25.0,25,21,0.722,1.84,3.12,0.59,0.59,0.722,1.84,3.12,0.59,0.0,0.0,0.0,
1627780,Gary Payton II,1610612744,GSW,29.0,70,58,0.636,2.37,3.1,0.765,0.765,0.636,2.37,3.1,0.765,0.0,0.0,0.0,
1629642,Nassir Little,1610612757,POR,22.0,42,40,0.413,1.93,3.1,0.623,0.623,0.413,1.93,3.1,0.623,0.0,0.0,0.0,
1627737,Marquese Chriss,1610612742,DAL,24.0,34,30,0.784,1.5,3.09,0.486,0.486,0.784,1.5,3.09,0.486,0.0,0.0,0.0,
1628966,Keita Bates-Diop,1610612759,SAS,26.0,59,50,0.692,1.83,3.08,0.593,0.593,0.692,1.83,3.08,0.593,0.0,0.0,0.0,
1629001,De'Anthony Melton,1610612763,MEM,24.0,72,69,0.323,1.5,3.08,0.486,0.486,0.323,1.5,3.08,0.486,0.0,0.0,0.0,
1628998,Cody Martin,1610612766,CHA,26.0,70,68,0.514,1.81,3.07,0.591,0.591,0.514,1.81,3.07,0.591,0.0,0.0,0.0,
1629021,Moritz Wagner,1610612753,ORL,25.0,63,54,0.485,2.08,3.05,0.682,0.682,0.485,2.08,3.05,0.682,0.0,0.0,0.0,
1628418,Thomas Bryant,1610612764,WAS,24.0,27,24,0.554,2.0,3.04,0.659,0.659,0.554,2.0,3.04,0.659,0.0,0.0,0.0,
1629003,Shake Milton,1610612755,PHI,25.0,55,44,0.414,1.65,3.04,0.545,0.545,0.414,1.65,3.04,0.545,0.0,0.0,0.0,
1628464,Daniel Theis,1610612738,BOS,30.0,47,45,0.488,2.21,3.02,0.732,0.732,0.488,2.21,3.02,0.732,0.0,0.0,0.0,
1629632,Coby White,1610612741,CHI,22.0,61,54,0.286,1.66,3.02,0.549,0.549,0.286,1.66,3.02,0.549,0.0,0.0,0.0,
1629022,Lonnie Walker IV,1610612759,SAS,23.0,70,63,0.276,1.76,3.01,0.583,0.583,0.276,1.76,3.01,0.583,0.0,0.0,0.0,
1629635,Sekou Doumbouya,1610612747,LAL,21.0,2,2,0.75,2.0,3.0,0.667,0.667,0.75,2.0,3.0,0.667,0.0,0.0,0.0,
1628238,Paris Bass,1610612756,PHX,26.0,1,1,0.75,2.0,3.0,0.667,0.667,0.75,2.0,3.0,0.667,0.0,0.0,0.0,
1629603,Mamadi Diakite,1610612760,OKC,25.0,13,13,0.83,1.85,3.0,0.615,0.615,0.83,1.85,3.0,0.615,0.0,0.0,0.0,
203469,Cody Zeller,1610612757,POR,29.0,27,25,0.9,1.74,3.0,0.58,0.58,0.9,1.74,3.0,0.58,0.0,0.0,0.0,
1629008,Michael Porter Jr.,1610612743,DEN,24.0,9,9,0.262,1.67,3.0,0.556,0.556,0.262,1.67,3.0,0.556,0.0,0.0,0.0,
201599,DeAndre Jordan,1610612755,PHI,33.0,48,43,0.986,1.92,2.94,0.652,0.652,0.986,1.92,2.94,0.652,0.0,0.0,0.0,
1629026,Kenrich Williams,1610612760,OKC,27.0,49,45,0.454,1.71,2.94,0.583,0.583,0.454,1.71,2.94,0.583,0.0,0.0,0.0,
1628420,Monté Morris,1610612743,DEN,27.0,75,71,0.283,1.79,2.92,0.612,0.612,0.283,1.79,2.92,0.612,0.0,0.0,0.0,
202691,Klay Thompson,1610612744,GSW,32.0,32,31,0.164,1.66,2.91,0.57,0.57,0.164,1.66,2.91,0.57,0.0,0.0,0.0,
1630561,David Duke Jr.,1610612751,BKN,22.0,22,16,0.593,1.27,2.91,0.438,0.438,0.593,1.27,2.91,0.438,0.0,0.0,0.0,
1630240,Saben Lee,1610612765,DET,23.0,36,32,0.612,1.42,2.89,0.49,0.49,0.612,1.42,2.89,0.49,0.0,0.0,0.0,
203506,Victor Oladipo,1610612748,MIA,30.0,8,7,0.315,1.75,2.88,0.609,0.609,0.315,1.75,2.88,0.609,0.0,0.0,0.0,
1629060,Rui Hachimura,1610612764,WAS,24.0,42,37,0.317,1.88,2.86,0.658,0.658,0.317,1.88,2.86,0.658,0.0,0.0,0.0,
1629014,Anfernee Simons,1610612757,POR,23.0,57,51,0.205,1.44,2.86,0.503,0.503,0.205,1.44,2.86,0.503,0.0,0.0,0.0,
1627827,Dorian Finney-Smith,1610612742,DAL,29.0,80,72,0.327,1.8,2.83,0.637,0.637,0.327,1.8,2.83,0.637,0.0,0.0,0.0,
1627741,Buddy Hield,1610612754,IND,29.0,80,70,0.209,1.5,2.83,0.531,0.531,0.209,1.5,2.83,0.531,0.0,0.0,0.0,
1628962,Udoka Azubuike,1610612762,UTA,22.0,17,14,0.98,2.18,2.82,0.771,0.771,0.98,2.18,2.82,0.771,0.0,0.0,0.0,
1630200,Tre Jones,1610612759,SAS,22.0,69,62,0.574,1.59,2.81,0.567,0.567,0.574,1.59,2.81,0.567,0.0,0.0,0.0,
1628402,Frank Jackson,1610612765,DET,24.0,53,47,0.306,1.49,2.79,0.534,0.534,0.306,1.49,2.79,0.534,0.0,0.0,0.0,
1630199,Cassius Stanley,1610612765,DET,22.0,9,8,0.543,1.56,2.78,0.56,0.56,0.543,1.56,2.78,0.56,0.0,0.0,0.0,
1630846,Olivier Sarr,1610612760,OKC,23.0,22,19,0.604,1.73,2.77,0.623,0.623,0.604,1.73,2.77,0.623,0.0,0.0,0.0,
1629669,Jaylen Nowell,1610612750,MIN,22.0,62,52,0.414,1.52,2.76,0.55,0.55,0.414,1.52,2.76,0.55,0.0,0.0,0.0,
1626224,Cedi Osman,1610612739,CLE,27.0,66,54,0.316,1.65,2.74,0.602,0.602,0.316,1.65,2.74,0.602,0.0,0.0,0.0,
203992,Bogdan Bogdanović,1610612737,ATL,29.0,63,58,0.217,1.43,2.73,0.523,0.523,0.217,1.43,2.73,0.523,0.0,0.0,0.0,
1630177,Theo Maledon,1610612760,OKC,21.0,51,43,0.438,1.29,2.73,0.475,0.475,0.438,1.29,2.73,0.475,0.0,0.0,0.0,
200782,P.J. Tucker,1610612748,MIA,37.0,71,66,0.451,1.59,2.72,0.585,0.585,0.451,1.59,2.72,0.585,0.0,0.0,0.0,
1628021,David Nwaba,1610612745,HOU,29.0,46,37,0.71,1.48,2.72,0.544,0.544,0.71,1.48,2.72,0.544,0.0,0.0,0.0,
1630205,Lamar Stevens,1610612739,CLE,24.0,63,49,0.536,1.67,2.71,0.614,0.614,0.536,1.67,2.71,0.614,0.0,0.0,0.0,
201933,Blake Griffin,1610612751,BKN,33.0,56,49,0.487,1.61,2.71,0.592,0.592,0.487,1.61,2.71,0.592,0.0,0.0,0.0,
1629650,Moses Brown,1610612739,CLE,22.0,40,30,1.0,1.6,2.7,0.593,0.593,1.0,1.6,2.7,0.593,0.0,0.0,0.0,
1629629,Cam Reddish,1610612752,NYK,22.0,49,43,0.321,1.45,2.67,0.542,0.542,0.321,1.45,2.67,0.542,0.0,0.0,0.0,
1628411,Wes Iwundu,1610612737,ATL,27.0,3,3,0.444,1.0,2.67,0.375,0.375,0.444,1.0,2.67,0.375,0.0,0.0,0.0,
1627767,Cheick Diallo,1610612765,DET,25.0,3,3,1.0,1.0,2.67,0.375,0.375,1.0,1.0,2.67,0.375,0.0,0.0,0.0,
202362,Lance Stephenson,1610612754,IND,31.0,46,38,0.378,1.63,2.65,0.615,0.615,0.378,1.63,2.65,0.615,0.0,0.0,0.0,
203914,Gary Harris,1610612753,ORL,27.0,61,53,0.291,1.54,2.64,0.584,0.584,0.291,1.54,2.64,0.584,0.0,0.0,0.0,
203210,JaMychal Green,1610612743,DEN,32.0,67,62,0.537,1.67,2.63,0.636,0.636,0.537,1.67,2.63,0.636,0.0,0.0,0.0,
1630214,Xavier Tillman,1610612763,MEM,23.0,53,41,0.644,1.45,2.62,0.554,0.554,0.644,1.45,2.62,0.554,0.0,0.0,0.0,
1627884,Derrick Jones Jr.,1610612741,CHI,25.0,51,43,0.682,1.65,2.61,0.632,0.632,0.682,1.65,2.61,0.632,0.0,0.0,0.0,
202683,Enes Freedom,1610612738,BOS,30.0,34,28,0.907,1.38,2.59,0.534,0.534,0.907,1.38,2.59,0.534,0.0,0.0,0.0,
1630184,Kira Lewis Jr.,1610612740,NOP,21.0,24,21,0.425,1.54,2.58,0.597,0.597,0.425,1.54,2.58,0.597,0.0,0.0,0.0,
203920,Khem Birch,1610612761,TOR,29.0,55,48,0.71,1.42,2.58,0.549,0.549,0.71,1.42,2.58,0.549,0.0,0.0,0.0,
201609,Goran Dragic,1610612751,BKN,36.0,21,19,0.358,1.48,2.57,0.574,0.574,0.358,1.48,2.57,0.574,0.0,0.0,0.0,
1630165,Killian Hayes,1610612765,DET,20.0,65,58,0.372,1.38,2.57,0.539,0.539,0.372,1.38,2.57,0.539,0.0,0.0,0.0,
202689,Kemba Walker,1610612752,NYK,32.0,37,34,0.257,1.27,2.57,0.495,0.495,0.257,1.27,2.57,0.495,0.0,0.0,0.0,
1630547,James Bouknight,1610612766,CHA,21.0,30,22,0.558,1.0,2.57,0.39,0.39,0.558,1.0,2.57,0.39,0.0,0.0,0.0,
201976,Patrick Beverley,1610612750,MIN,33.0,58,54,0.339,1.36,2.55,0.534,0.534,0.339,1.36,2.55,0.534,0.0,0.0,0.0,
1628988,Aaron Holiday,1610612756,PHX,25.0,63,53,0.473,1.33,2.54,0.525,0.525,0.473,1.33,2.54,0.525,0.0,0.0,0.0,
1630631,Jose Alvarado,1610612740,NOP,24.0,53,44,0.462,1.43,2.53,0.567,0.567,0.462,1.43,2.53,0.567,0.0,0.0,0.0,
1629604,CJ Elleby,1610612757,POR,22.0,58,44,0.474,1.24,2.52,0.493,0.493,0.474,1.24,2.52,0.493,0.0,0.0,0.0,
203901,Elfrid Payton,1610612756,PHX,28.0,49,38,0.732,1.08,2.51,0.431,0.431,0.732,1.08,2.51,0.431,0.0,0.0,0.0,
202357,Nemanja Bjelica,1610612744,GSW,34.0,70,60,0.521,1.4,2.5,0.56,0.56,0.521,1.4,2.5,0.56,0.0,0.0,0.0,
201586,Serge Ibaka,1610612749,MIL,32.0,53,45,0.458,1.62,2.49,0.652,0.652,0.458,1.62,2.49,0.652,0.0,0.0,0.0,
1630526,Jeremiah Robinson-Earl,1610612760,OKC,21.0,49,45,0.377,1.35,2.49,0.541,0.541,0.377,1.35,2.49,0.541,0.0,0.0,0.0,
202709,Cory Joseph,1610612765,DET,30.0,65,57,0.405,1.32,2.49,0.531,0.531,0.405,1.32,2.49,0.531,0.0,0.0,0.0,
1630170,Devin Vassell,1610612759,SAS,21.0,71,63,0.225,1.39,2.42,0.576,0.576,0.225,1.39,2.42,0.576,0.0,0.0,0.0,
1626169,Stanley Johnson,1610612747,LAL,26.0,48,42,0.458,1.38,2.4,0.574,0.574,0.458,1.38,2.4,0.574,0.0,0.0,0.0,
1630230,Naji Marshall,1610612740,NOP,24.0,55,46,0.491,1.36,2.4,0.568,0.568,0.491,1.36,2.4,0.568,0.0,0.0,0.0,
202324,Derrick Favors,1610612760,OKC,30.0,39,32,0.511,1.41,2.38,0.591,0.591,0.511,1.41,2.38,0.591,0.0,0.0,0.0,
1627936,Alex Caruso,1610612741,CHI,28.0,41,37,0.377,1.17,2.37,0.495,0.495,0.377,1.17,2.37,0.495,0.0,0.0,0.0,
1628367,Josh Jackson,1610612758,SAC,25.0,50,40,0.408,1.36,2.36,0.576,0.576,0.408,1.36,2.36,0.576,0.0,0.0,0.0,
1628989,Kevin Huerter,1610612737,ATL,23.0,74,65,0.229,1.32,2.35,0.563,0.563,0.229,1.32,2.35,0.563,0.0,0.0,0.0,
1630695,Micah Potter,1610612765,DET,24.0,3,2,0.636,1.33,2.33,0.571,0.571,0.636,1.33,2.33,0.571,0.0,0.0,0.0,
1628476,Derrick Walton Jr.,1610612765,DET,27.0,3,3,0.269,0.67,2.33,0.286,0.286,0.269,0.67,2.33,0.286,0.0,0.0,0.0,
1630686,Georgios Kalaitzakis,1610612760,OKC,23.0,13,7,0.448,1.46,2.31,0.633,0.633,0.448,1.46,2.31,0.633,0.0,0.0,0.0,
203484,Kentavious Caldwell-Pope,1610612764,WAS,29.0,77,69,0.214,1.21,2.31,0.522,0.522,0.214,1.21,2.31,0.522,0.0,0.0,0.0,
1629667,Jalen McDaniels,1610612766,CHA,24.0,54,45,0.498,1.35,2.3,0.589,0.589,0.498,1.35,2.3,0.589,0.0,0.0,0.0,
1629661,Cameron Johnson,1610612756,PHX,26.0,65,59,0.251,1.49,2.29,0.651,0.651,0.251,1.49,2.29,0.651,0.0,0.0,0.0,
1630172,Patrick Williams,1610612741,CHI,20.0,17,15,0.382,1.41,2.29,0.615,0.615,0.382,1.41,2.29,0.615,0.0,0.0,0.0,
203648,Thanasis Antetokounmpo,1610612749,MIL,29.0,48,32,0.859,1.4,2.29,0.609,0.609,0.859,1.4,2.29,0.609,0.0,0.0,0.0,
1629680,Matisse Thybulle,1610612755,PHI,25.0,66,57,0.5,1.58,2.27,0.693,0.693,0.5,1.58,2.27,0.693,0.0,0.0,0.0,
1630192,Zeke Nnaji,1610612743,DEN,21.0,41,35,0.5,1.34,2.27,0.591,0.591,0.5,1.34,2.27,0.591,0.0,0.0,0.0,
1630535,Greg Brown III,1610612757,POR,20.0,48,38,0.577,1.25,2.27,0.55,0.55,0.577,1.25,2.27,0.55,0.0,0.0,0.0,
1630568,Luka Garza,1610612765,DET,23.0,31,25,0.504,1.35,2.26,0.6,0.6,0.504,1.35,2.26,0.6,0.0,0.0,0.0,
1630222,Mason Jones,1610612747,LAL,23.0,4,4,0.6,1.25,2.25,0.556,0.556,0.6,1.25,2.25,0.556,0.0,0.0,0.0,
1629035,Carsen Edwards,1610612765,DET,24.0,4,2,0.3,0.5,2.25,0.222,0.222,0.3,0.5,2.25,0.222,0.0,0.0,0.0,
1629670,Jordan Nwora,1610612749,MIL,23.0,62,47,0.301,1.26,2.24,0.561,0.561,0.301,1.26,2.24,0.561,0.0,0.0,0.0,
1630527,Brandon Boston,1610612746,LAC,20.0,50,39,0.364,1.12,2.24,0.5,0.5,0.364,1.12,2.24,0.5,0.0,0.0,0.0,
202692,Alec Burks,1610612752,NYK,30.0,80,69,0.249,0.94,2.24,0.419,0.419,0.249,0.94,2.24,0.419,0.0,0.0,0.0,
1628978,Donte DiVincenzo,1610612758,SAC,25.0,42,39,0.277,0.95,2.21,0.43,0.43,0.277,0.95,2.21,0.43,0.0,0.0,0.0,
202397,Ish Smith,1610612764,WAS,33.0,64,50,0.335,0.97,2.2,0.44,0.44,0.335,0.97,2.2,0.44,0.0,0.0,0.0,
203501,Tim Hardaway Jr.,1610612742,DAL,30.0,42,35,0.174,1.31,2.19,0.598,0.598,0.174,1.31,2.19,0.598,0.0,0.0,0.0,
1630583,Santi Aldama,1610612763,MEM,21.0,31,25,0.531,1.29,2.19,0.588,0.588,0.531,1.29,2.19,0.588,0.0,0.0,0.0,
203490,Otto Porter Jr.,1610612744,GSW,29.0,62,52,0.328,1.34,2.18,0.615,0.615,0.328,1.34,2.18,0.615,0.0,0.0,0.0,
1629599,Amir Coffey,1610612746,LAC,25.0,68,47,0.323,1.29,2.18,0.595,0.595,0.323,1.29,2.18,0.595,0.0,0.0,0.0,
1629643,Chuma Okeke,1610612753,ORL,23.0,70,61,0.262,1.2,2.16,0.556,0.556,0.262,1.2,2.16,0.556,0.0,0.0,0.0,
1628960,Grayson Allen,1610612749,MIL,26.0,66,59,0.25,1.2,2.15,0.556,0.556,0.25,1.2,2.15,0.556,0.0,0.0,0.0,
1629649,Ignas Brazdeikis,1610612753,ORL,23.0,42,30,0.479,1.17,2.14,0.544,0.544,0.479,1.17,2.14,0.544,0.0,0.0,0.0,
203516,James Ennis III,1610612743,DEN,31.0,7,6,0.625,1.14,2.14,0.533,0.533,0.625,1.14,2.14,0.533,0.0,0.0,0.0,
202693,Markieff Morris,1610612748,MIA,32.0,17,14,0.316,1.35,2.12,0.639,0.639,0.316,1.35,2.12,0.639,0.0,0.0,0.0,
1630194,Paul Reed,1610612755,PHI,23.0,38,23,0.833,1.34,2.11,0.638,0.638,0.833,1.34,2.11,0.638,0.0,0.0,0.0,
1630182,Josh Green,1610612742,DAL,21.0,67,53,0.551,1.33,2.1,0.631,0.631,0.551,1.33,2.1,0.631,0.0,0.0,0.0,
1627788,Furkan Korkmaz,1610612755,PHI,24.0,67,55,0.3,1.22,2.1,0.582,0.582,0.3,1.22,2.1,0.582,0.0,0.0,0.0,
200794,Paul Millsap,1610612755,PHI,37.0,33,29,0.605,1.06,2.09,0.507,0.507,0.605,1.06,2.09,0.507,0.0,0.0,0.0,
1626196,Josh Richardson,1610612759,SAS,28.0,64,54,0.254,1.05,2.09,0.5,0.5,0.254,1.05,2.09,0.5,0.0,0.0,0.0,
1630193,Immanuel Quickley,1610612752,NYK,23.0,77,62,0.225,1.1,2.08,0.531,0.531,0.225,1.1,2.08,0.531,0.0,0.0,0.0,
203095,Evan Fournier,1610612752,NYK,29.0,79,66,0.175,1.01,2.08,0.488,0.488,0.175,1.01,2.08,0.488,0.0,0.0,0.0,
201588,George Hill,1610612749,MIL,36.0,54,45,0.404,1.22,2.06,0.595,0.595,0.404,1.22,2.06,0.595,0.0,0.0,0.0,
201567,Kevin Love,1610612739,CLE,33.0,74,61,0.198,1.24,2.04,0.609,0.609,0.198,1.24,2.04,0.609,0.0,0.0,0.0,
1630563,Joshua Primo,1610612759,SAS,19.0,50,40,0.378,1.02,2.04,0.5,0.5,0.378,1.02,2.04,0.5,0.0,0.0,0.0,
1628470,Torrey Craig,1610612756,PHX,31.0,78,58,0.359,1.36,2.03,0.671,0.671,0.359,1.36,2.03,0.671,0.0,0.0,0.0,
1628366,Lonzo Ball,1610612741,CHI,24.0,35,30,0.185,1.11,2.03,0.549,0.549,0.185,1.11,2.03,0.549,0.0,0.0,0.0,
1629672,Eric Paschall,1610612762,UTA,25.0,58,41,0.498,1.17,2.02,0.581,0.581,0.498,1.17,2.02,0.581,0.0,0.0,0.0,
1629684,Grant Williams,1610612738,BOS,23.0,76,61,0.357,1.25,2.01,0.621,0.621,0.357,1.25,2.01,0.621,0.0,0.0,0.0,
1630538,Bones Hyland,1610612743,DEN,21.0,69,60,0.243,1.01,2.01,0.504,0.504,0.243,1.01,2.01,0.504,0.0,0.0,0.0,
1630286,Trevon Scott,1610612739,CLE,25.0,2,1,0.667,1.5,2.0,0.75,0.75,0.667,1.5,2.0,0.75,0.0,0.0,0.0,
1630233,Nathan Knight,1610612750,MIN,24.0,37,23,0.841,1.11,2.0,0.554,0.554,0.841,1.11,2.0,0.554,0.0,0.0,0.0,
1629674,Neemias Queta,1610612758,SAC,22.0,15,9,0.789,1.07,2.0,0.533,0.533,0.789,1.07,2.0,0.533,0.0,0.0,0.0,
1630787,Cameron McGriff,1610612757,POR,24.0,3,3,0.429,1.0,2.0,0.5,0.5,0.429,1.0,2.0,0.5,0.0,0.0,0.0,
1630273,Freddie Gillespie,1610612753,ORL,25.0,9,8,0.818,0.78,2.0,0.389,0.389,0.818,0.78,2.0,0.389,0.0,0.0,0.0,
1628396,Tony Bradley,1610612741,CHI,24.0,55,39,0.878,1.16,1.96,0.593,0.593,0.878,1.16,1.96,0.593,0.0,0.0,0.0,
1630556,Kessler Edwards,1610612751,BKN,21.0,48,36,0.352,0.94,1.96,0.479,0.479,0.352,0.94,1.96,0.479,0.0,0.0,0.0,
1630557,Corey Kispert,1610612764,WAS,23.0,77,63,0.292,1.38,1.95,0.707,0.707,0.292,1.38,1.95,0.707,0.0,0.0,0.0,
202738,Isaiah Thomas,1610612766,CHA,33.0,22,21,0.257,0.77,1.95,0.395,0.395,0.257,0.77,1.95,0.395,0.0,0.0,0.0,
1629111,Jock Landale,1610612759,SAS,26.0,54,41,0.515,1.26,1.94,0.648,0.648,0.515,1.26,1.94,0.648,0.0,0.0,0.0,
1629719,Devontae Cacok,1610612759,SAS,25.0,15,11,0.935,1.33,1.93,0.69,0.69,0.935,1.33,1.93,0.69,0.0,0.0,0.0,
1629308,Juan Toscano-Anderson,1610612744,GSW,29.0,73,51,0.6,1.15,1.93,0.596,0.596,0.6,1.15,1.93,0.596,0.0,0.0,0.0,
1630249,Vít Krejčí,1610612760,OKC,22.0,30,20,0.347,1.1,1.93,0.569,0.569,0.347,1.1,1.93,0.569,0.0,0.0,0.0,
203496,Robert Covington,1610612746,LAC,31.0,71,59,0.275,1.06,1.93,0.547,0.547,0.275,1.06,1.93,0.547,0.0,0.0,0.0,
200768,Kyle Lowry,1610612748,MIA,36.0,63,50,0.193,1.19,1.92,0.62,0.62,0.193,1.19,1.92,0.62,0.0,0.0,0.0,
1630235,Trent Forrest,1610612762,UTA,24.0,60,42,0.742,1.08,1.92,0.565,0.565,0.742,1.08,1.92,0.565,0.0,0.0,0.0,
1629076,Tyler Cook,1610612741,CHI,24.0,20,15,1.0,1.15,1.9,0.605,0.605,1.0,1.15,1.9,0.605,0.0,0.0,0.0,
1629644,KZ Okpala,1610612748,MIA,23.0,21,12,0.58,0.95,1.9,0.5,0.5,0.58,0.95,1.9,0.5,0.0,0.0,0.0,
1627814,Damion Lee,1610612744,GSW,29.0,62,45,0.314,1.31,1.89,0.692,0.692,0.314,1.31,1.89,0.692,0.0,0.0,0.0,
1629164,Brandon Goodwin,1610612739,CLE,26.0,36,26,0.442,0.92,1.89,0.485,0.485,0.442,0.92,1.89,0.485,0.0,0.0,0.0,
1627777,Georges Niang,1610612755,PHI,29.0,76,59,0.254,1.07,1.88,0.566,0.566,0.254,1.07,1.88,0.566,0.0,0.0,0.0,
1626246,Boban Marjanović,1610612742,DAL,33.0,23,17,0.614,1.26,1.87,0.674,0.674,0.614,1.26,1.87,0.674,0.0,0.0,0.0,
203082,Terrence Ross,1610612753,ORL,31.0,63,55,0.213,1.05,1.87,0.559,0.559,0.213,1.05,1.87,0.559,0.0,0.0,0.0,
1630264,Anthony Gill,1610612764,WAS,29.0,44,28,0.752,1.07,1.86,0.573,0.573,0.752,1.07,1.86,0.573,0.0,0.0,0.0,
203925,Joe Harris,1610612751,BKN,30.0,14,12,0.21,0.79,1.86,0.423,0.423,0.21,0.79,1.86,0.423,0.0,0.0,0.0,
1630559,Austin Reaves,1610612747,LAL,24.0,61,49,0.352,1.21,1.84,0.661,0.661,0.352,1.21,1.84,0.661,0.0,0.0,0.0,
1629623,Lindell Wigginton,1610612749,MIL,24.0,19,13,0.574,0.89,1.84,0.486,0.486,0.574,0.89,1.84,0.486,0.0,0.0,0.0,
1629103,Kelan Martin,1610612738,BOS,26.0,30,25,0.322,1.0,1.83,0.545,0.545,0.322,1.0,1.83,0.545,0.0,0.0,0.0,
1629660,Ty Jerome,1610612760,OKC,24.0,48,37,0.268,0.92,1.83,0.5,0.5,0.268,0.92,1.83,0.5,0.0,0.0,0.0,
203457,Nerlens Noel,1610612752,NYK,28.0,25,20,0.75,1.0,1.8,0.556,0.556,0.75,1.0,1.8,0.556,0.0,0.0,0.0,
1630533,Ziaire Williams,1610612763,MEM,20.0,61,45,0.262,1.31,1.79,0.734,0.734,0.262,1.31,1.79,0.734,0.0,0.0,0.0,
1626145,Tyus Jones,1610612763,MEM,26.0,72,60,0.237,1.01,1.79,0.566,0.566,0.237,1.01,1.79,0.566,0.0,0.0,0.0,
1630560,Cam Thomas,1610612751,BKN,20.0,67,45,0.237,0.93,1.78,0.521,0.521,0.237,0.93,1.78,0.521,0.0,0.0,0.0,
1628391,D.J. Wilson,1610612761,TOR,26.0,4,3,0.467,1.75,1.75,1.0,1.0,0.467,1.75,1.75,1.0,0.0,0.0,0.0,
201959,Taj Gibson,1610612752,NYK,37.0,51,40,0.546,1.04,1.75,0.596,0.596,0.546,1.04,1.75,0.596,0.0,0.0,0.0,
1629168,BJ Johnson,1610612753,ORL,26.0,4,4,0.28,0.5,1.75,0.286,0.286,0.28,0.5,1.75,0.286,0.0,0.0,0.0,
1626220,Royce O'Neale,1610612762,UTA,29.0,77,65,0.3,1.08,1.73,0.624,0.624,0.3,1.08,1.73,0.624,0.0,0.0,0.0,
201568,Danilo Gallinari,1610612737,ATL,33.0,66,48,0.191,1.03,1.73,0.596,0.596,0.191,1.03,1.73,0.596,0.0,0.0,0.0,
1630625,Dalano Banton,1610612761,TOR,22.0,64,52,0.55,0.91,1.73,0.523,0.523,0.55,0.91,1.73,0.523,0.0,0.0,0.0,
1629641,Romeo Langford,1610612759,SAS,22.0,48,39,0.435,0.9,1.73,0.518,0.518,0.435,0.9,1.73,0.518,0.0,0.0,0.0,
1629633,Jarrett Culver,1610612763,MEM,23.0,36,28,0.47,0.81,1.72,0.468,0.468,0.47,0.81,1.72,0.468,0.0,0.0,0.0,
1626192,Pat Connaughton,1610612749,MIL,29.0,65,55,0.224,1.11,1.71,0.649,0.649,0.224,1.11,1.71,0.649,0.0,0.0,0.0,
203087,Jeremy Lamb,1610612758,SAC,30.0,56,40,0.277,0.79,1.71,0.458,0.458,0.277,0.79,1.71,0.458,0.0,0.0,0.0,
1628981,Bruno Fernando,1610612745,HOU,23.0,30,14,0.927,1.13,1.7,0.667,0.667,0.927,1.13,1.7,0.667,0.0,0.0,0.0,
1627752,Taurean Prince,1610612750,MIN,28.0,69,58,0.299,1.03,1.7,0.607,0.607,0.299,1.03,1.7,0.607,0.0,0.0,0.0,
1626153,Delon Wright,1610612737,ATL,30.0,77,60,0.487,0.88,1.7,0.519,0.519,0.487,0.88,1.7,0.519,0.0,0.0,0.0,
202694,Marcus Morris Sr.,1610612746,LAC,32.0,53,37,0.134,0.83,1.7,0.489,0.489,0.134,0.83,1.7,0.489,0.0,0.0,0.0,
200752,Rudy Gay,1610612762,UTA,35.0,55,44,0.245,1.02,1.69,0.602,0.602,0.245,1.02,1.69,0.602,0.0,0.0,0.0,
1630187,Daniel Oturu,1610612761,TOR,22.0,3,2,0.833,1.0,1.67,0.6,0.6,0.833,1.0,1.67,0.6,0.0,0.0,0.0,
203658,Norvel Pelle,1610612762,UTA,29.0,3,2,1.0,1.0,1.67,0.6,0.6,1.0,1.0,1.67,0.6,0.0,0.0,0.0,
1627820,Tyrone Wallace,1610612740,NOP,28.0,6,4,0.5,0.83,1.67,0.5,0.5,0.5,0.83,1.67,0.5,0.0,0.0,0.0,
200765,Rajon Rondo,1610612739,CLE,36.0,39,28,0.367,0.77,1.67,0.462,0.462,0.367,0.77,1.67,0.462,0.0,0.0,0.0,
1629150,Emanuel Terry,1610612756,PHX,25.0,3,3,1.0,0.0,1.67,0.0,0.0,1.0,0.0,1.67,0.0,0.0,0.0,0.0,
1629162,Jordan McLaughlin,1610612750,MIN,26.0,62,47,0.515,0.92,1.66,0.553,0.553,0.515,0.92,1.66,0.553,0.0,0.0,0.0,
1629646,Charles Bassey,1610612755,PHI,21.0,23,16,0.809,1.17,1.65,0.711,0.711,0.809,1.17,1.65,0.711,0.0,0.0,0.0,
1630208,Nick Richards,1610612766,CHA,24.0,49,36,0.953,1.1,1.65,0.667,0.667,0.953,1.1,1.65,0.667,0.0,0.0,0.0,
101108,Chris Paul,1610612756,PHX,37.0,64,50,0.145,1.03,1.64,0.629,0.629,0.145,1.03,1.64,0.629,0.0,0.0,0.0,
203107,Tomas Satoransky,1610612764,WAS,30.0,55,44,0.471,0.84,1.64,0.511,0.511,0.471,0.84,1.64,0.511,0.0,0.0,0.0,
1629216,Gabe Vincent,1610612748,MIA,26.0,68,52,0.216,0.9,1.63,0.55,0.55,0.216,0.9,1.63,0.55,0.0,0.0,0.0,
1630227,Daishen Nix,1610612745,HOU,20.0,24,19,0.582,0.83,1.63,0.513,0.513,0.582,0.83,1.63,0.513,0.0,0.0,0.0,
203090,Maurice Harkless,1610612758,SAC,29.0,46,35,0.423,1.11,1.61,0.689,0.689,0.423,1.11,1.61,0.689,0.0,0.0,0.0,
1627736,Malik Beasley,1610612750,MIN,25.0,79,58,0.149,0.77,1.61,0.48,0.48,0.149,0.77,1.61,0.48,0.0,0.0,0.0,
1628427,Vlatko Čančar,1610612743,DEN,25.0,15,12,0.585,1.0,1.6,0.625,0.625,0.585,1.0,1.6,0.625,0.0,0.0,0.0,
1630602,Chaundee Brown Jr.,1610612737,ATL,23.0,5,4,0.25,0.6,1.6,0.375,0.375,0.25,0.6,1.6,0.375,0.0,0.0,0.0,
203085,Austin Rivers,1610612743,DEN,29.0,67,55,0.304,0.97,1.58,0.613,0.613,0.304,0.97,1.58,0.613,0.0,0.0,0.0,
1628972,Troy Brown Jr.,1610612741,CHI,22.0,66,49,0.403,0.82,1.58,0.519,0.519,0.403,0.82,1.58,0.519,0.0,0.0,0.0,
1627863,Danuel House Jr.,1610612762,UTA,29.0,42,30,0.328,0.71,1.55,0.462,0.462,0.328,0.71,1.55,0.462,0.0,0.0,0.0,
1629723,John Konchar,1610612763,MEM,26.0,72,51,0.42,1.03,1.53,0.673,0.673,0.42,1.03,1.53,0.673,0.0,0.0,0.0,
203552,Seth Curry,1610612751,BKN,31.0,64,45,0.133,0.92,1.53,0.602,0.602,0.133,0.92,1.53,0.602,0.0,0.0,0.0,
1630186,Jahmi'us Ramsey,1610612758,SAC,21.0,19,11,0.5,0.74,1.53,0.483,0.483,0.5,0.74,1.53,0.483,0.0,0.0,0.0,
202954,Brad Wanamaker,1610612764,WAS,32.0,23,18,0.455,0.57,1.52,0.371,0.371,0.455,0.57,1.52,0.371,0.0,0.0,0.0,
1629622,Max Strus,1610612748,MIA,26.0,68,48,0.183,0.91,1.51,0.602,0.602,0.183,0.91,1.51,0.602,0.0,0.0,0.0,
1627885,Shaquille Harrison,1610612751,BKN,28.0,2,1,0.5,1.0,1.5,0.667,0.667,0.5,1.0,1.5,0.667,0.0,0.0,0.0,
1629203,Jemerrio Jones,1610612747,LAL,27.0,2,2,1.0,1.0,1.5,0.667,0.667,1.0,1.0,1.5,0.667,0.0,0.0,0.0,
1627846,Abdel Nader,1610612756,PHX,28.0,14,11,0.6,0.57,1.5,0.381,0.381,0.6,0.57,1.5,0.381,0.0,0.0,0.0,
2546,Carmelo Anthony,1610612747,LAL,38.0,69,47,0.141,0.9,1.48,0.608,0.608,0.141,0.9,1.48,0.608,0.0,0.0,0.0,
1626208,Keifer Sykes,1610612754,IND,28.0,32,21,0.247,0.84,1.47,0.574,0.574,0.247,0.84,1.47,0.574,0.0,0.0,0.0,
1628035,Alfonzo McKinnie,1610612741,CHI,29.0,17,11,0.41,0.76,1.47,0.52,0.52,0.41,0.76,1.47,0.52,0.0,0.0,0.0,
1626161,Willie Cauley-Stein,1610612755,PHI,28.0,20,12,0.829,0.65,1.45,0.448,0.448,0.829,0.65,1.45,0.448,0.0,0.0,0.0,
1630572,Sandro Mamukelashvili,1610612749,MIL,23.0,41,21,0.513,0.8,1.44,0.559,0.559,0.513,0.8,1.44,0.559,0.0,0.0,0.0,
1628993,Alize Johnson,1610612740,NOP,26.0,23,13,0.868,0.7,1.43,0.485,0.485,0.868,0.7,1.43,0.485,0.0,0.0,0.0,
202688,Brandon Knight,1610612742,DAL,30.0,5,3,0.28,1.2,1.4,0.857,0.857,0.28,1.2,1.4,0.857,0.0,0.0,0.0,
1629607,Jared Harper,1610612740,NOP,24.0,5,3,0.269,0.8,1.4,0.571,0.571,0.269,0.8,1.4,0.571,0.0,0.0,0.0,
1629735,Chris Silva,1610612748,MIA,25.0,10,6,0.933,0.8,1.4,0.571,0.571,0.933,0.8,1.4,0.571,0.0,0.0,0.0,
1626147,Justin Anderson,1610612754,IND,28.0,16,11,0.232,0.88,1.38,0.636,0.636,0.232,0.88,1.38,0.636,0.0,0.0,0.0,
2617,Udonis Haslem,1610612748,MIA,42.0,13,9,0.581,0.69,1.38,0.5,0.5,0.581,0.69,1.38,0.5,0.0,0.0,0.0,
101150,Lou Williams,1610612737,ATL,35.0,56,44,0.241,0.68,1.38,0.494,0.494,0.241,0.68,1.38,0.494,0.0,0.0,0.0,
1629683,Quinndary Weatherspoon,1610612744,GSW,25.0,11,7,0.714,1.0,1.36,0.733,0.733,0.714,1.0,1.36,0.733,0.0,0.0,0.0,
1628984,Devonte' Graham,1610612740,NOP,27.0,75,56,0.127,0.67,1.36,0.49,0.49,0.127,0.67,1.36,0.49,0.0,0.0,0.0,
203200,Justin Holiday,1610612758,SAC,33.0,74,50,0.15,0.7,1.34,0.525,0.525,0.15,0.7,1.34,0.525,0.0,0.0,0.0,
1628436,Luke Kornet,1610612738,BOS,26.0,15,7,0.741,0.87,1.33,0.65,0.65,0.741,0.87,1.33,0.65,0.0,0.0,0.0,
1628408,PJ Dozier,1610612743,DEN,25.0,18,12,0.242,0.67,1.33,0.5,0.5,0.242,0.67,1.33,0.5,0.0,0.0,0.0,
1628537,Jaylen Morris,1610612759,SAS,26.0,3,2,0.667,0.0,1.33,0.0,0.0,0.667,0.0,1.33,0.0,0.0,0.0,0.0,
202340,Avery Bradley,1610612747,LAL,31.0,62,36,0.231,0.65,1.31,0.494,0.494,0.231,0.65,1.31,0.494,0.0,0.0,0.0,
1629004,Svi Mykhailiuk,1610612761,TOR,25.0,56,36,0.312,0.73,1.3,0.562,0.562,0.312,0.73,1.3,0.562,0.0,0.0,0.0,
1630267,Facundo Campazzo,1610612743,DEN,31.0,65,43,0.284,0.65,1.29,0.5,0.5,0.284,0.65,1.29,0.5,0.0,0.0,0.0,
1630579,Jericho Sims,1610612752,NYK,23.0,41,24,0.963,0.95,1.27,0.75,0.75,0.963,0.95,1.27,0.75,0.0,0.0,0.0,
2738,Andre Iguodala,1610612744,GSW,38.0,30,18,0.322,0.87,1.27,0.684,0.684,0.322,0.87,1.27,0.684,0.0,0.0,0.0,
203953,Jabari Parker,1610612738,BOS,27.0,12,7,0.395,0.67,1.25,0.533,0.533,0.395,0.67,1.25,0.533,0.0,0.0,0.0,
1629013,Landry Shamet,1610612756,PHX,25.0,69,46,0.177,0.59,1.25,0.477,0.477,0.177,0.59,1.25,0.477,0.0,0.0,0.0,
1628467,Maxi Kleber,1610612742,DAL,30.0,59,38,0.206,0.88,1.24,0.712,0.712,0.206,0.88,1.24,0.712,0.0,0.0,0.0,
1630530,Trey Murphy III,1610612740,NOP,22.0,62,35,0.278,0.58,1.24,0.468,0.468,0.278,0.58,1.24,0.468,0.0,0.0,0.0,
1630606,Javonte Smart,1610612748,MIA,23.0,17,13,0.35,0.47,1.24,0.381,0.381,0.35,0.47,1.24,0.381,0.0,0.0,0.0,
203488,Mike Muscala,1610612760,OKC,30.0,43,32,0.214,0.74,1.23,0.604,0.604,0.214,0.74,1.23,0.604,0.0,0.0,0.0,
1629678,Admiral Schofield,1610612753,ORL,25.0,38,24,0.357,0.68,1.21,0.565,0.565,0.357,0.68,1.21,0.565,0.0,0.0,0.0,
203504,Trey Burke,1610612742,DAL,29.0,42,25,0.237,0.67,1.21,0.549,0.549,0.237,0.67,1.21,0.549,0.0,0.0,0.0,
203585,Rodney McGruder,1610612765,DET,30.0,50,28,0.275,0.62,1.2,0.517,0.517,0.275,0.62,1.2,0.517,0.0,0.0,0.0,
1629875,Xavier Moon,1610612746,LAC,27.0,10,7,0.235,0.5,1.2,0.417,0.417,0.235,0.5,1.2,0.417,0.0,0.0,0.0,
202066,Garrett Temple,1610612740,NOP,36.0,58,35,0.239,0.71,1.19,0.594,0.594,0.239,0.71,1.19,0.594,0.0,0.0,0.0,
1630219,Skylar Mays,1610612737,ATL,24.0,28,12,0.516,0.75,1.18,0.636,0.636,0.516,0.75,1.18,0.636,0.0,0.0,0.0,
1630585,Marcus Garrett,1610612748,MIA,23.0,12,6,0.667,0.25,1.17,0.214,0.214,0.667,0.25,1.17,0.214,0.0,0.0,0.0,
202083,Wesley Matthews,1610612749,MIL,35.0,49,31,0.259,0.65,1.16,0.561,0.561,0.259,0.65,1.16,0.561,0.0,0.0,0.0,
1630176,Vernon Carey Jr.,1610612764,WAS,21.0,7,2,0.615,0.86,1.14,0.75,0.75,0.615,0.86,1.14,0.75,0.0,0.0,0.0,
1629006,Josh Okogie,1610612750,MIN,23.0,49,27,0.538,0.57,1.14,0.5,0.5,0.538,0.57,1.14,0.5,0.0,0.0,0.0,
204060,Joe Ingles,1610612757,POR,34.0,45,30,0.179,0.73,1.13,0.647,0.647,0.179,0.73,1.13,0.647,0.0,0.0,0.0,
1629139,Yuta Watanabe,1610612761,TOR,27.0,38,20,0.312,0.58,1.13,0.512,0.512,0.312,0.58,1.13,0.512,0.0,0.0,0.0,
203109,Jae Crowder,1610612756,PHX,31.0,67,42,0.138,0.66,1.12,0.587,0.587,0.138,0.66,1.12,0.587,0.0,0.0,0.0,
1627854,Bryn Forbes,1610612743,DEN,28.0,75,38,0.156,0.57,1.12,0.512,0.512,0.156,0.57,1.12,0.512,0.0,0.0,0.0,
1628539,Mychal Mulder,1610612748,MIA,28.0,17,10,0.247,0.35,1.12,0.316,0.316,0.247,0.35,1.12,0.316,0.0,0.0,0.0,
1630201,Malachi Flynn,1610612761,TOR,24.0,44,25,0.262,0.57,1.09,0.521,0.521,0.262,0.57,1.09,0.521,0.0,0.0,0.0,
1629605,Tacko Fall,1610612739,CLE,26.0,11,5,1.0,0.45,1.09,0.417,0.417,1.0,0.45,1.09,0.417,0.0,0.0,0.0,
1629626,Bol Bol,1610612753,ORL,22.0,14,7,0.556,0.86,1.07,0.8,0.8,0.556,0.86,1.07,0.8,0.0,0.0,0.0,
1628379,Luke Kennard,1610612746,LAC,26.0,70,43,0.117,0.57,1.07,0.533,0.533,0.117,0.57,1.07,0.533,0.0,0.0,0.0,
1630551,Justin Champagnie,1610612761,TOR,21.0,36,19,0.567,0.56,1.06,0.526,0.526,0.567,0.56,1.06,0.526,0.0,0.0,0.0,
1630552,Jalen Johnson,1610612737,ATL,20.0,22,11,0.561,0.86,1.05,0.826,0.826,0.561,0.86,1.05,0.826,0.0,0.0,0.0,
1629726,Garrison Mathews,1610612745,HOU,25.0,65,43,0.148,0.65,1.05,0.618,0.618,0.148,0.65,1.05,0.618,0.0,0.0,0.0,
1629130,Duncan Robinson,1610612748,MIA,28.0,79,45,0.114,0.62,1.05,0.59,0.59,0.114,0.62,1.05,0.59,0.0,0.0,0.0,
1629718,Charlie Brown Jr.,1610612755,PHI,25.0,22,8,0.59,0.41,1.05,0.391,0.391,0.59,0.41,1.05,0.391,0.0,0.0,0.0,
1629731,Dean Wade,1610612739,CLE,25.0,51,28,0.244,0.75,1.04,0.717,0.717,0.244,0.75,1.04,0.717,0.0,0.0,0.0,
1627789,Timothe Luwawu-Cabarrot,1610612737,ATL,27.0,52,29,0.29,0.52,1.04,0.5,0.5,0.29,0.52,1.04,0.5,0.0,0.0,0.0,
201587,Nicolas Batum,1610612746,LAC,33.0,58,36,0.156,0.74,1.03,0.717,0.717,0.156,0.74,1.03,0.717,0.0,0.0,0.0,
203463,Ben McLemore,1610612757,POR,29.0,64,33,0.122,0.63,1.03,0.606,0.606,0.122,0.63,1.03,0.606,0.0,0.0,0.0,
1628400,Semi Ojeleye,1610612746,LAC,27.0,30,14,0.313,0.3,1.03,0.29,0.29,0.313,0.3,1.03,0.29,0.0,0.0,0.0,
1630215,Jared Butler,1610612762,UTA,21.0,42,23,0.285,0.48,1.02,0.465,0.465,0.285,0.48,1.02,0.465,0.0,0.0,0.0,
1628373,Frank Ntilikina,1610612742,DAL,23.0,58,33,0.265,0.47,1.02,0.458,0.458,0.265,0.47,1.02,0.458,0.0,0.0,0.0,
203493,Reggie Bullock Jr.,1610612742,DAL,31.0,68,37,0.138,0.59,1.01,0.58,0.58,0.138,0.59,1.01,0.58,0.0,0.0,0.0,
1628591,Craig Sword,1610612764,WAS,28.0,3,1,0.75,1.0,1.0,1.0,1.0,0.75,1.0,1.0,1.0,0.0,0.0,0.0,
1629005,Malik Newman,1610612739,CLE,25.0,1,1,0.2,1.0,1.0,1.0,1.0,0.2,1.0,1.0,1.0,0.0,0.0,0.0,
1629958,Ahmad Caver,1610612754,IND,25.0,1,1,1.0,1.0,1.0,1.0,1.0,1.0,1.0,1.0,1.0,0.0,0.0,0.0,
1629653,Devon Dotson,1610612741,CHI,22.0,11,8,0.478,0.82,1.0,0.818,0.818,0.478,0.82,1.0,0.818,0.0,0.0,0.0,
1630758,Aleem Ford,1610612753,ORL,24.0,5,4,0.25,0.8,1.0,0.8,0.8,0.25,0.8,1.0,0.8,0.0,0.0,0.0,
1630322,Lindy Waters III,1610612760,OKC,24.0,25,15,0.143,0.64,1.0,0.64,0.64,0.143,0.64,1.0,0.64,0.0,0.0,0.0,
1629783,Shaq Buchanan,1610612763,MEM,25.0,2,1,0.5,0.5,1.0,0.5,0.5,0.5,0.5,1.0,0.5,0.0,0.0,0.0,
1630644,Mac McClung,1610612747,LAL,23.0,2,1,0.333,0.5,1.0,0.5,0.5,0.333,0.5,1.0,0.5,0.0,0.0,0.0,
1630288,Jeff Dowtin Jr.,1610612753,ORL,25.0,9,4,0.346,0.44,1.0,0.444,0.444,0.346,0.44,1.0,0.444,0.0,0.0,0.0,
1629682,Tremont Waters,1610612764,WAS,24.0,3,2,0.214,0.33,1.0,0.333,0.333,0.214,0.33,1.0,0.333,0.0,0.0,0.0,
1629309,Trayvon Palmer,1610612765,DET,27.0,1,1,1.0,0.0,1.0,0.0,0.0,1.0,0.0,1.0,0.0,0.0,0.0,0.0,
1630624,Feron Hunt,1610612752,NYK,22.0,2,1,1.0,0.0,1.0,0.0,0.0,1.0,0.0,1.0,0.0,0.0,0.0,0.0,
203816,Scotty Hopson,1610612760,OKC,32.0,1,1,0.25,0.0,1.0,0.0,0.0,0.25,0.0,1.0,0.0,0.0,0.0,0.0,
1629597,Zylan Cheatham,1610612762,UTA,26.0,1,1,0.333,0.0,1.0,0.0,0.0,0.333,0.0,1.0,0.0,0.0,0.0,0.0,
1629686,Deividas Sirvydis,1610612765,DET,22.0,3,2,0.3,0.0,1.0,0.0,0.0,0.3,0.0,1.0,0.0,0.0,0.0,0.0,
1630648,Jordan Schakel,1610612764,WAS,24.0,4,2,0.364,0.0,1.0,0.0,0.0,0.364,0.0,1.0,0.0,0.0,0.0,0.0,
1630202,Payton Pritchard,1610612738,BOS,24.0,71,41,0.188,0.45,0.99,0.457,0.457,0.188,0.45,0.99,0.457,0.0,0.0,0.0,
1630541,Moses Moody,1610612744,GSW,20.0,51,29,0.282,0.55,0.98,0.56,0.56,0.282,0.55,0.98,0.56,0.0,0.0,0.0,
1629681,Killian Tillie,1610612763,MEM,24.0,35,18,0.281,0.4,0.97,0.412,0.412,0.281,0.4,0.97,0.412,0.0,0.0,0.0,
1630586,Usman Garuba,1610612745,HOU,20.0,24,11,0.523,0.58,0.96,0.609,0.609,0.523,0.58,0.96,0.609,0.0,0.0,0.0,
2772,Trevor Ariza,1610612747,LAL,37.0,24,12,0.232,0.54,0.96,0.565,0.565,0.232,0.54,0.96,0.565,0.0,0.0,0.0,
201988,Patty Mills,1610612751,BKN,33.0,81,48,0.098,0.52,0.96,0.538,0.538,0.098,0.52,0.96,0.538,0.0,0.0,0.0,
1628425,Sterling Brown,1610612742,DAL,27.0,49,27,0.297,0.49,0.94,0.522,0.522,0.297,0.49,0.94,0.522,0.0,0.0,0.0,
1629833,Keljin Blevins,1610612757,POR,26.0,31,15,0.261,0.32,0.94,0.345,0.345,0.261,0.32,0.94,0.345,0.0,0.0,0.0,
1627823,Juancho Hernangomez,1610612762,UTA,26.0,40,21,0.349,0.5,0.93,0.541,0.541,0.349,0.5,0.93,0.541,0.0,0.0,0.0,
203145,Kent Bazemore,1610612747,LAL,32.0,39,22,0.259,0.33,0.92,0.361,0.361,0.259,0.33,0.92,0.361,0.0,0.0,0.0,
1627774,Jake Layman,1610612750,MIN,28.0,34,17,0.425,0.56,0.91,0.613,0.613,0.425,0.56,0.91,0.613,0.0,0.0,0.0,
1630243,Trevelin Queen,1610612745,HOU,25.0,10,6,0.273,0.6,0.9,0.667,0.667,0.273,0.6,0.9,0.667,0.0,0.0,0.0,
1628778,Paul Watson,1610612760,OKC,27.0,9,4,0.229,0.56,0.89,0.625,0.625,0.229,0.56,0.89,0.625,0.0,0.0,0.0,
1629657,Kyle Guy,1610612748,MIA,24.0,19,9,0.262,0.37,0.89,0.412,0.412,0.262,0.37,0.89,0.412,0.0,0.0,0.0,
1630250,Marko Simonovic,1610612741,CHI,22.0,9,5,0.533,0.33,0.89,0.375,0.375,0.533,0.33,0.89,0.375,0.0,0.0,0.0,
1630174,Aaron Nesmith,1610612738,BOS,22.0,52,27,0.253,0.6,0.88,0.674,0.674,0.253,0.6,0.88,0.674,0.0,0.0,0.0,
1630206,Jay Scrubb,1610612746,LAC,21.0,17,8,0.333,0.47,0.88,0.533,0.533,0.333,0.47,0.88,0.533,0.0,0.0,0.0,
1630466,Gabriel Deck,1610612760,OKC,27.0,7,4,0.429,0.57,0.86,0.667,0.667,0.429,0.57,0.86,0.667,0.0,0.0,0.0,
1630612,Ruben Nembhard Jr.,1610612739,CLE,23.0,14,7,0.667,0.43,0.86,0.5,0.5,0.667,0.43,0.86,0.5,0.0,0.0,0.0,
1628432,Davon Reed,1610612743,DEN,27.0,48,31,0.255,0.48,0.85,0.561,0.561,0.255,0.48,0.85,0.561,0.0,0.0,0.0,
201571,D.J. Augustin,1610612747,LAL,34.0,55,33,0.212,0.4,0.85,0.468,0.468,0.212,0.4,0.85,0.468,0.0,0.0,0.0,
1630587,Isaiah Livers,1610612765,DET,23.0,19,12,0.178,0.53,0.84,0.625,0.625,0.178,0.53,0.84,0.625,0.0,0.0,0.0,
204025,Tim Frazier,1610612739,CLE,31.0,12,6,0.222,0.42,0.83,0.5,0.5,0.222,0.42,0.83,0.5,0.0,0.0,0.0,
1630688,Ish Wainright,1610612756,PHX,27.0,44,17,0.36,0.45,0.82,0.556,0.556,0.36,0.45,0.82,0.556,0.0,0.0,0.0,
1629619,Myles Powell,1610612755,PHI,24.0,11,5,0.529,0.36,0.82,0.444,0.444,0.529,0.36,0.82,0.444,0.0,0.0,0.0,
1630637,Carlik Jones,1610612743,DEN,24.0,5,3,0.444,0.2,0.8,0.25,0.25,0.444,0.2,0.8,0.25,0.0,0.0,0.0,
1629712,Didi Louzada,1610612757,POR,22.0,9,5,0.212,0.11,0.78,0.143,0.143,0.212,0.11,0.78,0.143,0.0,0.0,0.0,
1628995,Kevin Knox II,1610612737,ATL,22.0,30,15,0.271,0.5,0.77,0.652,0.652,0.271,0.5,0.77,0.652,0.0,0.0,0.0,
1630271,Brodric Thomas,1610612738,BOS,25.0,12,7,0.5,0.5,0.75,0.667,0.667,0.5,0.5,0.75,0.667,0.0,0.0,0.0,
1630190,Elijah Hughes,1610612757,POR,24.0,36,17,0.188,0.47,0.75,0.63,0.63,0.188,0.47,0.75,0.63,0.0,0.0,0.0,
1629755,Hassani Gravett,1610612753,ORL,25.0,8,5,0.158,0.38,0.75,0.5,0.5,0.158,0.38,0.75,0.5,0.0,0.0,0.0,
1630994,Gabriel Lundberg,1610612756,PHX,27.0,4,1,0.158,0.0,0.75,0.0,0.0,0.158,0.0,0.75,0.0,0.0,0.0,0.0,
1630195,Leandro Bolmaro,1610612750,MIN,21.0,35,15,0.463,0.29,0.71,0.4,0.4,0.463,0.29,0.71,0.4,0.0,0.0,0.0,
1629312,Haywood Highsmith,1610612748,MIA,25.0,19,6,0.283,0.21,0.68,0.308,0.308,0.283,0.21,0.68,0.308,0.0,0.0,0.0,
201954,Darren Collison,1610612747,LAL,34.0,3,2,0.286,0.67,0.67,1.0,1.0,0.286,0.67,0.67,1.0,0.0,0.0,0.0,
1627760,Cat Barber,1610612737,ATL,27.0,3,2,0.5,0.0,0.67,0.0,0.0,0.5,0.0,0.67,0.0,0.0,0.0,0.0,
1627782,Wayne Selden,1610612752,NYK,27.0,3,2,0.5,0.0,0.67,0.0,0.0,0.5,0.0,0.67,0.0,0.0,0.0,0.0,
1630210,Markus Howard,1610612743,DEN,23.0,31,11,0.198,0.23,0.65,0.35,0.35,0.198,0.23,0.65,0.35,0.0,0.0,0.0,
202722,Dāvis Bertāns,1610612742,DAL,29.0,56,25,0.131,0.3,0.64,0.472,0.472,0.131,0.3,0.64,0.472,0.0,0.0,0.0,
1630536,Sharife Cooper,1610612737,ATL,21.0,13,5,0.571,0.15,0.62,0.25,0.25,0.571,0.15,0.62,0.25,0.0,0.0,0.0,
1630550,JT Thor,1610612766,CHA,19.0,33,12,0.364,0.42,0.61,0.7,0.7,0.364,0.42,0.61,0.7,0.0,0.0,0.0,
203918,Rodney Hood,1610612746,LAC,29.0,52,21,0.197,0.35,0.6,0.581,0.581,0.197,0.35,0.6,0.581,0.0,0.0,0.0,
1629962,Devin Cannady,1610612753,ORL,26.0,5,2,0.068,0.0,0.6,0.0,0.0,0.068,0.0,0.6,0.0,0.0,0.0,0.0,
1629717,Armoni Brooks,1610612761,TOR,24.0,54,21,0.111,0.41,0.59,0.688,0.688,0.111,0.41,0.59,0.688,0.0,0.0,0.0,
1630792,Malcolm Hill,1610612741,CHI,26.0,19,9,0.212,0.42,0.58,0.727,0.727,0.212,0.42,0.58,0.727,0.0,0.0,0.0,
201980,Danny Green,1610612755,PHI,35.0,62,27,0.113,0.29,0.58,0.5,0.5,0.113,0.29,0.58,0.5,0.0,0.0,0.0,
1630698,Kevin Pangos,1610612739,CLE,29.0,24,8,0.304,0.25,0.58,0.429,0.429,0.304,0.25,0.58,0.429,0.0,0.0,0.0,
1630540,Miles McBride,1610612752,NYK,21.0,40,13,0.219,0.25,0.58,0.435,0.435,0.219,0.25,0.58,0.435,0.0,0.0,0.0,
1630225,Isaiah Todd,1610612764,WAS,20.0,12,6,0.269,0.17,0.58,0.286,0.286,0.269,0.17,0.58,0.286,0.0,0.0,0.0,
1630582,Yves Pons,1610612763,MEM,23.0,12,6,0.438,0.17,0.58,0.286,0.286,0.438,0.17,0.58,0.286,0.0,0.0,0.0,
1630218,Robert Woodard II,1610612759,SAS,22.0,12,4,0.438,0.08,0.58,0.143,0.143,0.438,0.08,0.58,0.143,0.0,0.0,0.0,
204038,Langston Galloway,1610612749,MIL,30.0,7,3,0.154,0.14,0.57,0.25,0.25,0.154,0.14,0.57,0.25,0.0,0.0,0.0,
203503,Tony Snell,1610612740,NOP,30.0,53,23,0.17,0.32,0.55,0.586,0.586,0.17,0.32,0.55,0.586,0.0,0.0,0.0,
1630691,Jamorko Pickett,1610612765,DET,24.0,13,5,0.14,0.38,0.54,0.714,0.714,0.14,0.38,0.54,0.714,0.0,0.0,0.0,
1627756,Denzel Valentine,1610612762,UTA,28.0,24,10,0.197,0.21,0.54,0.385,0.385,0.197,0.21,0.54,0.385,0.0,0.0,0.0,
203524,Solomon Hill,1610612737,ATL,31.0,13,6,0.35,0.08,0.54,0.143,0.143,0.35,0.08,0.54,0.143,0.0,0.0,0.0,
1630238,Malik Fitts,1610612738,BOS,24.0,15,4,0.421,0.2,0.53,0.375,0.375,0.421,0.2,0.53,0.375,0.0,0.0,0.0,
1629067,Isaac Bonga,1610612761,TOR,22.0,15,5,0.615,0.13,0.53,0.25,0.25,0.615,0.13,0.53,0.25,0.0,0.0,0.0,
202334,Ed Davis,1610612739,CLE,33.0,31,7,1.0,0.35,0.52,0.688,0.688,1.0,0.35,0.52,0.688,0.0,0.0,0.0,
1629185,Chris Chiozza,1610612744,GSW,26.0,33,11,0.215,0.12,0.52,0.235,0.235,0.215,0.12,0.52,0.235,0.0,0.0,0.0,
1629656,Quentin Grimes,1610612752,NYK,22.0,45,14,0.098,0.33,0.51,0.652,0.652,0.098,0.33,0.51,0.652,0.0,0.0,0.0,
1628422,Damyean Dotson,1610612752,NYK,28.0,2,1,0.25,0.5,0.5,1.0,1.0,0.25,0.5,0.5,1.0,0.0,0.0,0.0,
1630531,Jaden Springer,1610612755,PHI,19.0,2,1,1.0,0.5,0.5,1.0,1.0,1.0,0.5,0.5,1.0,0.0,0.0,0.0,
1628221,Gabe York,1610612754,IND,28.0,2,1,0.143,0.5,0.5,1.0,1.0,0.143,0.5,0.5,1.0,0.0,0.0,0.0,
1629752,Juwan Morgan,1610612738,BOS,25.0,2,1,0.333,0.5,0.5,1.0,1.0,0.333,0.5,0.5,1.0,0.0,0.0,0.0,
1629685,Dylan Windler,1610612739,CLE,25.0,50,15,0.255,0.3,0.5,0.6,0.6,0.255,0.3,0.5,0.6,0.0,0.0,0.0,
1629663,Louis King,1610612758,SAC,23.0,10,5,0.106,0.3,0.5,0.6,0.6,0.106,0.3,0.5,0.6,0.0,0.0,0.0,
1630589,Moses Wright,1610612742,DAL,23.0,4,1,0.5,0.25,0.5,0.5,0.5,0.5,0.25,0.5,0.5,0.0,0.0,0.0,
1629620,Justin Robinson,1610612765,DET,24.0,24,8,0.132,0.21,0.5,0.417,0.417,0.132,0.21,0.5,0.417,0.0,0.0,0.0,
1630565,Aaron Henry,1610612755,PHI,22.0,6,2,0.6,0.17,0.5,0.333,0.333,0.6,0.17,0.5,0.333,0.0,0.0,0.0,
1630692,Jordan Goodwin,1610612764,WAS,23.0,2,1,0.333,0.0,0.5,0.0,0.0,0.333,0.0,0.5,0.0,0.0,0.0,0.0,
1630207,Nate Hinton,1610612754,IND,23.0,2,1,1.0,0.0,0.5,0.0,0.0,1.0,0.0,0.5,0.0,0.0,0.0,0.0,
1630640,MJ Walker,1610612756,PHX,24.0,2,1,0.25,0.0,0.5,0.0,0.0,0.25,0.0,0.5,0.0,0.0,0.0,0.0,
1629109,Gary Clark,1610612740,NOP,27.0,37,13,0.214,0.14,0.49,0.278,0.278,0.214,0.14,0.49,0.278,0.0,0.0,0.0,
203476,Gorgui Dieng,1610612737,ATL,32.0,44,16,0.188,0.3,0.48,0.619,0.619,0.188,0.3,0.48,0.619,0.0,0.0,0.0,
1627822,Petr Cornelie,1610612743,DEN,26.0,13,4,0.4,0.31,0.46,0.667,0.667,0.4,0.31,0.46,0.667,0.0,0.0,0.0,
1630539,Kai Jones,1610612766,CHA,21.0,20,8,0.643,0.4,0.45,0.889,0.889,0.643,0.4,0.45,0.889,0.0,0.0,0.0,
1629730,Rayjon Tucker,1610612749,MIL,24.0,5,1,0.222,0.4,0.4,1.0,1.0,0.222,0.4,0.4,1.0,0.0,0.0,0.0,
201961,Wayne Ellington,1610612747,LAL,34.0,43,11,0.063,0.28,0.35,0.8,0.8,0.063,0.28,0.35,0.8,0.0,0.0,0.0,
1629600,Jarron Cumberland,1610612757,POR,24.0,3,1,0.5,0.33,0.33,1.0,1.0,0.5,0.33,0.33,1.0,0.0,0.0,0.0,
1630198,Isaiah Joe,1610612755,PHI,22.0,55,12,0.102,0.18,0.33,0.556,0.556,0.102,0.18,0.33,0.556,0.0,0.0,0.0,
1628990,Chandler Hutchison,1610612756,PHX,26.0,6,2,1.0,0.17,0.33,0.5,0.5,1.0,0.17,0.33,0.5,0.0,0.0,0.0,
1628975,Jevon Carter,1610612749,MIL,26.0,66,16,0.087,0.09,0.33,0.273,0.273,0.087,0.09,0.33,0.273,0.0,0.0,0.0,
1630216,Cassius Winston,1610612764,WAS,24.0,7,1,0.182,0.0,0.29,0.0,0.0,0.182,0.0,0.29,0.0,0.0,0.0,0.0,
1630647,Eugene Omoruyi,1610612742,DAL,25.0,4,1,0.2,0.25,0.25,1.0,1.0,0.2,0.25,0.25,1.0,0.0,0.0,0.0,
1630643,Jay Huff,1610612747,LAL,24.0,4,1,0.333,0.0,0.25,0.0,0.0,0.333,0.0,0.25,0.0,0.0,0.0,0.0,
1628994,George King,1610612742,DAL,28.0,4,1,0.2,0.0,0.25,0.0,0.0,0.2,0.0,0.25,0.0,0.0,0.0,0.0,
1630573,Sam Hauser,1610612738,BOS,24.0,26,4,0.12,0.15,0.23,0.667,0.667,0.12,0.15,0.23,0.667,0.0,0.0,0.0,
1630580,Joe Wieskamp,1610612759,SAS,22.0,29,6,0.107,0.14,0.21,0.667,0.667,0.107,0.14,0.21,0.667,0.0,0.0,0.0,
1630593,McKinley Wright IV,1610612750,MIN,23.0,5,1,0.333,0.2,0.2,1.0,1.0,0.333,0.2,0.2,1.0,0.0,0.0,0.0,
1630241,Sam Merrill,1610612763,MEM,26.0,6,1,0.042,0.17,0.17,1.0,1.0,0.042,0.17,0.17,1.0,0.0,0.0,0.0,
1629033,Theo Pinson,1610612742,DAL,26.0,19,3,0.077,0.05,0.16,0.333,0.333,0.077,0.05,0.16,0.333,0.0,0.0,0.0,
1630555,Joel Ayayi,1610612764,WAS,22.0,7,1,0.167,0.0,0.14,0.0,0.0,0.167,0.0,0.14,0.0,0.0,0.0,0.0,
203917,Nik Stauskas,1610612738,BOS,28.0,8,1,0.071,0.0,0.13,0.0,0.0,0.071,0.0,0.13,0.0,0.0,0.0,0.0,
1630270,Xavier Sneed,1610612762,UTA,24.0,9,1,0.1,0.11,0.11,1.0,1.0,0.1,0.11,0.11,1.0,0.0,0.0,0.0,
1627853,Ryan Arcidiacono,1610612752,NYK,28.0,10,1,0.083,0.1,0.1,1.0,1.0,0.083,0.1,0.1,1.0,0.0,0.0,0.0,
1629671,Miye Oni,1610612762,UTA,24.0,16,1,0.111,0.06,0.06,1.0,1.0,0.111,0.06,0.06,1.0,0.0,0.0,0.0,
1629744,Matt Thomas,1610612741,CHI,27.0,40,2,0.015,0.03,0.05,0.5,0.5,0.015,0.03,0.05,0.5,0.0,0.0,0.0,
