CLOSE_DEF_PERSON_ID,PLAYER_NAME,PLAYER_LAST_TEAM_ID,PLAYER_LAST_TEAM_ABBREVIATION,PLAYER_POSITION,AGE,GP,G,FREQ,FGM_LT_10,FGA_LT_10,LT_10_PCT,NS_LT_10_PCT,PLUSMINUS
203497,Rudy Gobert,1610612762,UTA,C,29.0,71,71,0.488,359,772,0.465,0.591,-0.126
203999,Nikola Jokić,1610612743,DEN,C,26.0,71,71,0.527,385,673,0.572,0.587,-0.015
1627751,Jakob Poeltl,1610612759,SAS,C,25.0,69,68,0.553,328,660,0.497,0.585,-0.088
1627734,Domantas Sabonis,1610612754,IND,F-C,25.0,61,61,0.59,353,652,0.541,0.587,-0.046
202696,Nikola Vučević,1610612741,CHI,C,30.0,69,69,0.508,339,600,0.565,0.594,-0.029
201572,Brook Lopez,1610612749,MIL,C,33.0,69,69,0.43,286,588,0.486,0.584,-0.098
202683,Enes Freedom,1610612757,POR,C,29.0,69,69,0.549,332,569,0.583,0.591,-0.008
1628386,Jarrett Allen,1610612739,CLE,C,23.0,63,63,0.574,289,541,0.534,0.592,-0.058
1629028,Deandre Ayton,1610612756,PHX,C,22.0,67,67,0.468,281,536,0.524,0.587,-0.063
203991,Clint Capela,1610612737,ATL,C,27.0,63,63,0.555,268,533,0.503,0.589,-0.086
202685,Jonas Valančiūnas,1610612763,MEM,C,29.0,62,62,0.51,294,530,0.555,0.589,-0.035
203482,Kelly Olynyk,1610612745,HOU,F-C,30.0,70,70,0.493,302,517,0.584,0.583,0.001
1629023,P.J. Washington,1610612766,CHA,F,22.0,63,63,0.557,296,513,0.577,0.58,-0.003
203496,Robert Covington,1610612757,POR,F,30.0,67,67,0.521,300,513,0.585,0.58,0.005
203944,Julius Randle,1610612752,NYK,F-C,26.0,70,70,0.492,261,507,0.515,0.588,-0.073
1630191,Isaiah Stewart,1610612765,DET,F-C,20.0,68,67,0.553,245,493,0.497,0.578,-0.081
1626167,Myles Turner,1610612754,IND,C-F,25.0,46,46,0.596,236,489,0.483,0.586,-0.103
1627741,Buddy Hield,1610612758,SAC,G,28.0,69,69,0.506,286,488,0.586,0.57,0.016
203486,Mason Plumlee,1610612765,DET,F-C,31.0,56,56,0.593,304,488,0.623,0.599,0.024
1626158,Richaun Holmes,1610612758,SAC,F,27.0,60,59,0.544,261,487,0.536,0.59,-0.054
203954,Joel Embiid,1610612755,PHI,C-F,27.0,51,51,0.537,262,478,0.548,0.586,-0.038
1626220,Royce O'Neale,1610612762,UTA,F,28.0,71,71,0.477,283,472,0.6,0.578,0.021
203952,Andrew Wiggins,1610612744,GSW,F,26.0,70,70,0.45,245,471,0.52,0.575,-0.055
203457,Nerlens Noel,1610612752,NYK,C-F,27.0,63,63,0.647,245,464,0.528,0.587,-0.059
1627826,Ivica Zubac,1610612746,LAC,C,24.0,71,70,0.446,237,459,0.516,0.6,-0.083
1628464,Daniel Theis,1610612741,CHI,F-C,29.0,65,64,0.516,251,455,0.552,0.588,-0.036
203200,Justin Holiday,1610612754,IND,F-G,32.0,71,71,0.506,248,453,0.547,0.578,-0.03
1628969,Mikal Bridges,1610612756,PHX,F,24.0,69,69,0.521,266,450,0.591,0.584,0.008
1627749,Dejounte Murray,1610612759,SAS,G,24.0,67,66,0.554,265,428,0.619,0.575,0.045
1629675,Naz Reid,1610612750,MIN,C-F,21.0,69,68,0.543,227,427,0.532,0.587,-0.055
201577,Robin Lopez,1610612764,WAS,C,33.0,70,69,0.486,229,423,0.541,0.589,-0.047
1628449,Chris Boucher,1610612761,TOR,F-C,28.0,60,60,0.528,235,422,0.557,0.583,-0.027
203110,Draymond Green,1610612744,GSW,F,31.0,62,61,0.458,213,420,0.507,0.585,-0.078
1629628,RJ Barrett,1610612752,NYK,F-G,21.0,71,71,0.424,222,417,0.532,0.574,-0.041
1626157,Karl-Anthony Towns,1610612750,MIN,C-F,25.0,50,50,0.505,238,416,0.572,0.6,-0.028
1630171,Isaac Okoro,1610612739,CLE,F-G,20.0,67,67,0.473,257,413,0.622,0.567,0.055
1628381,John Collins,1610612737,ATL,F-C,23.0,63,63,0.489,239,408,0.586,0.584,0.002
1629640,Keldon Johnson,1610612759,SAS,F-G,21.0,69,68,0.508,234,405,0.578,0.584,-0.006
1628976,Wendell Carter Jr.,1610612753,ORL,C-F,22.0,54,54,0.523,206,402,0.512,0.595,-0.082
1626179,Terry Rozier,1610612766,CHA,G,27.0,68,68,0.428,248,396,0.626,0.565,0.062
1629029,Luka Dončić,1610612742,DAL,F-G,22.0,66,66,0.455,219,394,0.556,0.575,-0.02
1627783,Pascal Siakam,1610612761,TOR,F,27.0,56,56,0.45,230,394,0.584,0.585,-0.001
201980,Danny Green,1610612755,PHI,G,34.0,69,69,0.434,215,393,0.547,0.572,-0.025
202324,Derrick Favors,1610612762,UTA,F,29.0,68,68,0.555,229,393,0.583,0.592,-0.01
1628970,Miles Bridges,1610612766,CHA,F,23.0,65,65,0.472,220,387,0.568,0.579,-0.011
1626149,Montrezl Harrell,1610612747,LAL,F-C,27.0,68,63,0.5,203,384,0.529,0.585,-0.056
1629130,Duncan Robinson,1610612748,MIA,F,27.0,70,70,0.467,221,379,0.583,0.57,0.013
202699,Tobias Harris,1610612755,PHI,F,28.0,62,61,0.501,213,376,0.566,0.572,-0.005
1628389,Bam Adebayo,1610612748,MIA,C-F,23.0,62,62,0.438,200,375,0.533,0.585,-0.052
203920,Khem Birch,1610612761,TOR,C,28.0,66,63,0.503,207,374,0.553,0.573,-0.02
201152,Thaddeus Young,1610612741,CHI,F,33.0,68,68,0.498,224,371,0.604,0.58,0.024
1629632,Coby White,1610612741,CHI,G,21.0,69,67,0.464,222,370,0.6,0.556,0.044
203500,Steven Adams,1610612740,NOP,C,27.0,56,56,0.461,212,370,0.573,0.6,-0.027
204001,Kristaps Porziņģis,1610612742,DAL,F-C,25.0,43,43,0.52,199,370,0.538,0.587,-0.049
1628415,Dillon Brooks,1610612763,MEM,G-F,25.0,67,67,0.423,206,368,0.56,0.569,-0.009
1628989,Kevin Huerter,1610612737,ATL,G-F,22.0,69,69,0.458,203,365,0.556,0.562,-0.006
1626164,Devin Booker,1610612756,PHX,G,24.0,65,65,0.446,223,364,0.613,0.581,0.032
1630162,Anthony Edwards,1610612750,MIN,G,19.0,71,71,0.451,205,363,0.565,0.568,-0.003
203471,Dennis Schröder,1610612747,LAL,G,27.0,61,61,0.473,234,362,0.646,0.572,0.074
201587,Nicolas Batum,1610612746,LAC,G-F,32.0,67,67,0.516,193,361,0.535,0.574,-0.039
1629008,Michael Porter Jr.,1610612743,DEN,F,23.0,60,60,0.514,201,358,0.561,0.581,-0.019
1629676,Isaiah Roby,1610612760,OKC,F,23.0,60,59,0.552,218,358,0.609,0.594,0.015
1628368,De'Aaron Fox,1610612758,SAC,G,23.0,56,56,0.434,211,357,0.591,0.57,0.021
1627832,Fred VanVleet,1610612761,TOR,G,27.0,52,52,0.479,192,357,0.538,0.569,-0.031
201145,Jeff Green,1610612751,BKN,F,34.0,68,68,0.437,213,352,0.605,0.584,0.021
1629647,Darius Bazley,1610612760,OKC,F-G,21.0,54,54,0.435,208,352,0.591,0.587,0.004
1629627,Zion Williamson,1610612740,NOP,F,20.0,59,59,0.428,196,350,0.56,0.584,-0.024
1630172,Patrick Williams,1610612741,CHI,F,19.0,71,70,0.486,202,349,0.579,0.583,-0.005
1627763,Malcolm Brogdon,1610612754,IND,G,28.0,55,54,0.499,202,347,0.582,0.577,0.005
203925,Joe Harris,1610612751,BKN,G-F,29.0,69,69,0.474,182,340,0.535,0.57,-0.035
1630256,Jae'Sean Tate,1610612745,HOU,F,25.0,70,70,0.444,200,337,0.593,0.576,0.018
1626171,Bobby Portis,1610612749,MIL,F,26.0,65,64,0.465,184,337,0.546,0.587,-0.041
201566,Russell Westbrook,1610612764,WAS,G,32.0,64,63,0.467,188,337,0.558,0.573,-0.015
203937,Kyle Anderson,1610612763,MEM,F-G,27.0,69,69,0.449,184,337,0.546,0.578,-0.032
1626174,Christian Wood,1610612745,HOU,F,25.0,41,41,0.469,174,336,0.518,0.585,-0.067
1629630,Ja Morant,1610612763,MEM,G,21.0,63,63,0.48,203,335,0.606,0.573,0.033
202339,Eric Bledsoe,1610612740,NOP,G,31.0,69,68,0.39,201,333,0.604,0.566,0.038
1626162,Kelly Oubre Jr.,1610612744,GSW,F-G,25.0,54,53,0.516,176,333,0.529,0.577,-0.048
1626172,Kevon Looney,1610612744,GSW,F,25.0,60,60,0.498,184,331,0.556,0.581,-0.026
1628978,Donte DiVincenzo,1610612749,MIL,G,24.0,65,63,0.468,184,331,0.556,0.572,-0.016
1630183,Jaden McDaniels,1610612750,MIN,F,20.0,61,61,0.511,167,329,0.508,0.574,-0.066
203114,Khris Middleton,1610612749,MIL,F,29.0,67,67,0.394,193,327,0.59,0.577,0.014
1629020,Jarred Vanderbilt,1610612750,MIN,F,22.0,63,59,0.543,171,325,0.526,0.589,-0.063
203083,Andre Drummond,1610612747,LAL,C,27.0,46,46,0.522,194,325,0.597,0.598,-0.001
203493,Reggie Bullock Jr.,1610612752,NYK,G-F,30.0,64,63,0.464,200,325,0.615,0.572,0.044
202687,Bismack Biyombo,1610612766,CHA,C,28.0,64,63,0.473,165,324,0.509,0.584,-0.075
1626153,Delon Wright,1610612758,SAC,G,29.0,61,60,0.535,192,322,0.596,0.574,0.023
1628367,Josh Jackson,1610612765,DET,G-F,24.0,62,62,0.524,184,322,0.571,0.561,0.01
1629027,Trae Young,1610612737,ATL,G,22.0,63,62,0.473,191,320,0.597,0.555,0.042
203897,Zach LaVine,1610612741,CHI,G-F,26.0,58,58,0.439,176,319,0.552,0.57,-0.018
202711,Bojan Bogdanović,1610612762,UTA,F,32.0,72,72,0.458,171,319,0.536,0.579,-0.043
1630214,Xavier Tillman,1610612763,MEM,F,22.0,59,57,0.535,177,317,0.558,0.591,-0.033
203458,Alex Len,1610612764,WAS,C,28.0,63,61,0.552,163,315,0.517,0.595,-0.077
2730,Dwight Howard,1610612755,PHI,C-F,35.0,69,67,0.538,172,315,0.546,0.583,-0.037
1627759,Jaylen Brown,1610612738,BOS,G-F,24.0,58,58,0.435,173,310,0.558,0.573,-0.015
201599,DeAndre Jordan,1610612751,BKN,C,32.0,57,56,0.405,173,310,0.558,0.593,-0.035
203084,Harrison Barnes,1610612758,SAC,F,29.0,56,55,0.481,179,310,0.577,0.593,-0.016
1628467,Maxi Kleber,1610612742,DAL,F,29.0,50,50,0.463,170,310,0.548,0.579,-0.03
203081,Damian Lillard,1610612757,POR,G,30.0,64,62,0.404,183,309,0.592,0.567,0.025
1628374,Lauri Markkanen,1610612741,CHI,F-C,24.0,50,50,0.531,177,307,0.577,0.573,0.004
1628407,Dwayne Bacon,1610612753,ORL,G-F,25.0,70,69,0.435,185,306,0.605,0.574,0.031
101108,Chris Paul,1610612756,PHX,G,36.0,68,67,0.452,194,305,0.636,0.569,0.067
1627732,Ben Simmons,1610612755,PHI,G-F,24.0,58,57,0.444,165,304,0.543,0.573,-0.03
203145,Kent Bazemore,1610612744,GSW,G-F,31.0,66,65,0.508,143,303,0.472,0.566,-0.094
202331,Paul George,1610612746,LAC,F,31.0,54,54,0.434,173,301,0.575,0.577,-0.002
1627747,Caris LeVert,1610612754,IND,G,26.0,47,47,0.495,175,301,0.581,0.568,0.013
201188,Marc Gasol,1610612747,LAL,C,36.0,52,50,0.515,182,301,0.605,0.585,0.019
201950,Jrue Holiday,1610612749,MIL,G,31.0,58,58,0.392,148,301,0.492,0.579,-0.087
203469,Cody Zeller,1610612766,CHA,F-C,28.0,47,46,0.566,173,301,0.575,0.581,-0.006
1629636,Darius Garland,1610612739,CLE,G,21.0,54,52,0.459,176,299,0.589,0.555,0.034
201586,Serge Ibaka,1610612746,LAC,F,31.0,41,41,0.521,164,299,0.548,0.586,-0.037
1628369,Jayson Tatum,1610612738,BOS,F-G,23.0,64,64,0.473,175,299,0.585,0.579,0.006
1630169,Tyrese Haliburton,1610612758,SAC,G,21.0,56,56,0.495,190,296,0.642,0.57,0.071
202684,Tristan Thompson,1610612738,BOS,C-F,30.0,54,53,0.464,157,294,0.534,0.584,-0.05
1629060,Rui Hachimura,1610612764,WAS,F,23.0,56,56,0.427,166,294,0.565,0.585,-0.021
1627827,Dorian Finney-Smith,1610612742,DAL,F,28.0,60,59,0.423,142,294,0.483,0.576,-0.093
1628398,Kyle Kuzma,1610612747,LAL,F,25.0,68,66,0.461,163,292,0.558,0.577,-0.019
1629655,Daniel Gafford,1610612764,WAS,F-C,22.0,52,52,0.622,155,290,0.534,0.586,-0.052
204456,T.J. McConnell,1610612754,IND,G,29.0,68,66,0.459,178,289,0.616,0.555,0.061
1629634,Brandon Clarke,1610612763,MEM,F,24.0,59,56,0.519,145,288,0.503,0.587,-0.083
203926,Doug McDermott,1610612754,IND,F,29.0,65,65,0.529,160,288,0.556,0.577,-0.021
200768,Kyle Lowry,1610612761,TOR,G,35.0,46,46,0.475,161,288,0.559,0.565,-0.006
203078,Bradley Beal,1610612764,WAS,G,28.0,59,59,0.384,167,287,0.582,0.578,0.004
1630180,Saddiq Bey,1610612765,DET,F,22.0,70,67,0.486,168,286,0.587,0.576,0.012
1629012,Collin Sexton,1610612739,CLE,G,22.0,60,59,0.413,174,284,0.613,0.571,0.041
202709,Cory Joseph,1610612765,DET,G,29.0,61,59,0.478,162,283,0.572,0.566,0.006
1630166,Deni Avdija,1610612764,WAS,F,20.0,53,52,0.498,153,283,0.541,0.579,-0.039
203524,Solomon Hill,1610612737,ATL,F,30.0,71,70,0.478,162,282,0.574,0.576,-0.002
1629134,Kendrick Nunn,1610612748,MIA,G,25.0,54,54,0.441,157,282,0.557,0.563,-0.007
1627742,Brandon Ingram,1610612740,NOP,F,23.0,59,58,0.485,163,281,0.58,0.575,0.005
202681,Kyrie Irving,1610612751,BKN,G,29.0,54,53,0.458,164,281,0.584,0.575,0.008
203507,Giannis Antetokounmpo,1610612749,MIL,F,26.0,59,59,0.409,143,278,0.514,0.592,-0.078
1626192,Pat Connaughton,1610612749,MIL,G,28.0,68,65,0.394,157,277,0.567,0.568,-0.001
203484,Kentavious Caldwell-Pope,1610612747,LAL,G,28.0,67,67,0.455,164,275,0.596,0.569,0.028
1629639,Tyler Herro,1610612748,MIA,G,21.0,52,51,0.467,148,274,0.54,0.558,-0.018
1629650,Moses Brown,1610612738,BOS,C,21.0,41,40,0.504,157,274,0.573,0.584,-0.011
1629731,Dean Wade,1610612739,CLE,F-C,24.0,60,56,0.578,156,274,0.569,0.574,-0.005
202066,Garrett Temple,1610612741,CHI,G-F,35.0,56,55,0.434,155,273,0.568,0.563,0.005
203526,Raul Neto,1610612764,WAS,G,29.0,63,62,0.483,158,273,0.579,0.563,0.016
1628366,Lonzo Ball,1610612740,NOP,G,23.0,53,53,0.404,159,272,0.585,0.558,0.026
203109,Jae Crowder,1610612756,PHX,F,30.0,58,58,0.465,153,272,0.563,0.577,-0.015
1628984,Devonte' Graham,1610612766,CHA,G,26.0,54,53,0.454,172,272,0.632,0.571,0.062
1626195,Willy Hernangomez,1610612740,NOP,C-F,27.0,44,42,0.561,170,271,0.627,0.589,0.038
1628425,Sterling Brown,1610612745,HOU,G-F,26.0,51,50,0.484,172,271,0.635,0.565,0.069
1628971,Bruce Brown,1610612751,BKN,G-F,24.0,65,60,0.427,149,271,0.55,0.574,-0.025
202704,Reggie Jackson,1610612746,LAC,G,31.0,66,63,0.439,139,268,0.519,0.561,-0.042
203901,Elfrid Payton,1610612752,NYK,G,27.0,61,61,0.408,151,267,0.566,0.563,0.002
203903,Jordan Clarkson,1610612762,UTA,G,29.0,68,65,0.477,150,267,0.562,0.568,-0.006
201937,Ricky Rubio,1610612750,MIN,G,30.0,67,66,0.433,155,263,0.589,0.573,0.016
1630177,Theo Maledon,1610612760,OKC,G,20.0,64,62,0.467,158,262,0.603,0.563,0.04
1629308,Juan Toscano-Anderson,1610612744,GSW,F,28.0,51,47,0.497,150,261,0.575,0.576,-0.002
1629611,Terance Mann,1610612746,LAC,G-F,24.0,62,59,0.485,154,260,0.592,0.571,0.022
202689,Kemba Walker,1610612760,OKC,G,31.0,43,43,0.446,164,259,0.633,0.585,0.049
1629013,Landry Shamet,1610612751,BKN,G,24.0,61,59,0.482,154,259,0.595,0.571,0.024
203382,Aron Baynes,1610612761,TOR,C-F,34.0,52,52,0.495,138,258,0.535,0.589,-0.054
1630197,Aleksej Pokusevski,1610612760,OKC,C,19.0,44,42,0.513,145,257,0.564,0.568,-0.004
201568,Danilo Gallinari,1610612737,ATL,F,32.0,51,50,0.487,155,257,0.603,0.58,0.023
1626181,Norman Powell,1610612757,POR,G,28.0,69,69,0.396,146,255,0.573,0.573,0.0
200752,Rudy Gay,1610612759,SAS,F-G,34.0,63,62,0.449,133,251,0.53,0.58,-0.05
200794,Paul Millsap,1610612743,DEN,F,36.0,55,52,0.482,143,251,0.57,0.584,-0.014
1629022,Lonnie Walker IV,1610612759,SAS,G-F,22.0,60,58,0.494,146,250,0.584,0.568,0.016
203924,Jerami Grant,1610612765,DET,F,27.0,54,53,0.453,149,249,0.598,0.588,0.01
202695,Kawhi Leonard,1610612746,LAC,F,30.0,52,52,0.447,150,249,0.602,0.584,0.018
203939,Dwight Powell,1610612742,DAL,F-C,29.0,57,53,0.503,138,249,0.554,0.583,-0.028
1629680,Matisse Thybulle,1610612755,PHI,G-F,24.0,64,61,0.472,133,249,0.534,0.556,-0.022
203095,Evan Fournier,1610612738,BOS,G-F,28.0,41,41,0.485,140,248,0.565,0.57,-0.005
203501,Tim Hardaway Jr.,1610612742,DAL,G-F,29.0,70,68,0.339,152,248,0.613,0.572,0.041
1630164,James Wiseman,1610612744,GSW,C,20.0,38,38,0.544,148,248,0.597,0.588,0.009
1628401,Derrick White,1610612759,SAS,G,26.0,36,35,0.487,122,246,0.496,0.568,-0.072
201942,DeMar DeRozan,1610612759,SAS,G-F,31.0,61,60,0.482,151,245,0.616,0.577,0.039
1629652,Luguentz Dort,1610612760,OKC,G,22.0,51,50,0.381,146,245,0.596,0.576,0.02
1628404,Josh Hart,1610612740,NOP,G,26.0,46,46,0.401,151,244,0.619,0.581,0.038
1626161,Willie Cauley-Stein,1610612742,DAL,C,27.0,53,49,0.485,130,244,0.533,0.586,-0.053
202710,Jimmy Butler III,1610612748,MIA,F,31.0,50,48,0.409,143,244,0.586,0.568,0.018
201935,James Harden,1610612751,BKN,G,31.0,44,44,0.441,138,243,0.568,0.584,-0.016
203468,CJ McCollum,1610612757,POR,G,29.0,46,45,0.397,134,242,0.554,0.559,-0.005
1629234,Drew Eubanks,1610612759,SAS,F-C,24.0,53,51,0.564,127,241,0.527,0.585,-0.058
1628963,Marvin Bagley III,1610612758,SAC,F,22.0,42,41,0.482,157,241,0.651,0.581,0.071
203994,Jusuf Nurkić,1610612757,POR,C,26.0,36,36,0.508,134,241,0.556,0.592,-0.036
203992,Bogdan Bogdanović,1610612737,ATL,G,28.0,44,44,0.426,124,240,0.517,0.563,-0.047
203115,Will Barton,1610612743,DEN,G,30.0,54,53,0.428,147,239,0.615,0.577,0.038
1629659,Talen Horton-Tucker,1610612747,LAL,G,20.0,65,64,0.45,134,237,0.565,0.57,-0.004
202722,Dāvis Bertāns,1610612764,WAS,F,28.0,56,56,0.431,120,237,0.506,0.558,-0.052
1628378,Donovan Mitchell,1610612762,UTA,G,24.0,53,53,0.461,136,236,0.576,0.567,0.009
201933,Blake Griffin,1610612751,BKN,F,32.0,46,46,0.416,141,235,0.6,0.6,0.0
1629057,Robert Williams III,1610612738,BOS,C-F,23.0,52,51,0.453,128,234,0.547,0.583,-0.036
200782,P.J. Tucker,1610612749,MIL,F,36.0,52,52,0.446,134,233,0.575,0.58,-0.005
203076,Anthony Davis,1610612747,LAL,F-C,28.0,36,35,0.458,133,233,0.571,0.583,-0.012
203967,Dario Šarić,1610612756,PHX,F-C,27.0,47,47,0.522,134,233,0.575,0.578,-0.003
1630267,Facundo Campazzo,1610612743,DEN,G,30.0,63,56,0.422,136,233,0.584,0.562,0.021
1627750,Jamal Murray,1610612743,DEN,G,24.0,47,46,0.398,144,232,0.621,0.579,0.042
201565,Derrick Rose,1610612752,NYK,G,32.0,50,50,0.494,126,232,0.543,0.561,-0.018
201959,Taj Gibson,1610612752,NYK,F,36.0,44,44,0.545,125,231,0.541,0.589,-0.048
201939,Stephen Curry,1610612744,GSW,G,33.0,62,62,0.457,133,231,0.576,0.56,0.016
1629006,Josh Okogie,1610612750,MIN,G,22.0,58,55,0.455,138,231,0.597,0.579,0.018
1628988,Aaron Holiday,1610612754,IND,G,24.0,64,61,0.461,118,230,0.513,0.557,-0.044
1626196,Josh Richardson,1610612742,DAL,G,27.0,59,57,0.421,128,229,0.559,0.564,-0.005
1630163,LaMelo Ball,1610612766,CHA,G,19.0,50,49,0.455,134,227,0.59,0.565,0.026
203932,Aaron Gordon,1610612743,DEN,F,25.0,49,49,0.455,125,226,0.553,0.582,-0.029
201144,Mike Conley,1610612762,UTA,G,33.0,51,49,0.412,116,226,0.513,0.556,-0.043
1627814,Damion Lee,1610612744,GSW,G-F,28.0,56,55,0.533,123,224,0.549,0.573,-0.023
1629661,Cameron Johnson,1610612756,PHX,F,25.0,59,57,0.474,126,221,0.57,0.577,-0.007
202322,John Wall,1610612745,HOU,G,30.0,40,40,0.486,127,221,0.575,0.567,0.007
1630175,Cole Anthony,1610612753,ORL,G,21.0,45,44,0.45,131,221,0.593,0.555,0.038
1628983,Shai Gilgeous-Alexander,1610612760,OKC,G-F,22.0,34,34,0.443,128,221,0.579,0.573,0.007
1629026,Kenrich Williams,1610612760,OKC,G-F,26.0,63,61,0.411,134,220,0.609,0.571,0.039
1629684,Grant Williams,1610612738,BOS,F,22.0,63,55,0.457,111,219,0.507,0.572,-0.065
1630173,Precious Achiuwa,1610612748,MIA,F,21.0,55,51,0.505,117,218,0.537,0.583,-0.046
1627884,Derrick Jones Jr.,1610612757,POR,F,24.0,56,54,0.431,123,217,0.567,0.577,-0.01
1626156,D'Angelo Russell,1610612750,MIN,G,25.0,41,40,0.476,131,216,0.606,0.563,0.043
1628973,Jalen Brunson,1610612742,DAL,G,24.0,68,64,0.405,119,215,0.553,0.557,-0.003
1629643,Chuma Okeke,1610612753,ORL,F,22.0,44,42,0.49,124,215,0.577,0.584,-0.007
202693,Markieff Morris,1610612747,LAL,F,31.0,60,53,0.475,122,215,0.567,0.583,-0.015
202694,Marcus Morris Sr.,1610612746,LAC,F,31.0,57,56,0.455,121,214,0.565,0.583,-0.017
204060,Joe Ingles,1610612762,UTA,F-G,33.0,67,64,0.401,124,213,0.582,0.575,0.007
1629003,Shake Milton,1610612755,PHI,G-F,24.0,63,60,0.434,120,212,0.566,0.559,0.007
1629004,Svi Mykhailiuk,1610612760,OKC,G-F,24.0,63,57,0.434,132,211,0.626,0.57,0.056
202330,Gordon Hayward,1610612766,CHA,F,31.0,43,43,0.479,113,210,0.538,0.582,-0.044
1626163,Frank Kaminsky,1610612756,PHX,F-C,28.0,46,46,0.5,115,208,0.553,0.584,-0.031
203107,Tomas Satoransky,1610612741,CHI,G,29.0,58,56,0.484,120,208,0.577,0.558,0.019
1628384,OG Anunoby,1610612761,TOR,F,23.0,43,43,0.414,102,208,0.49,0.586,-0.096
2546,Carmelo Anthony,1610612757,POR,F,37.0,66,64,0.396,122,208,0.587,0.584,0.002
1629001,De'Anthony Melton,1610612763,MEM,G,23.0,51,50,0.492,118,207,0.57,0.571,0.0
1628396,Tony Bradley,1610612760,OKC,C-F,23.0,40,40,0.56,105,205,0.512,0.589,-0.077
1627936,Alex Caruso,1610612747,LAL,G,27.0,58,58,0.463,106,205,0.517,0.559,-0.042
1628977,Hamidou Diallo,1610612765,DET,G,22.0,51,49,0.46,118,204,0.578,0.57,0.009
203552,Seth Curry,1610612755,PHI,G,30.0,57,52,0.387,126,204,0.618,0.557,0.061
1630202,Payton Pritchard,1610612738,BOS,G,23.0,66,61,0.469,127,203,0.626,0.562,0.064
1629048,Goga Bitadze,1610612754,IND,C-F,21.0,44,41,0.621,103,203,0.507,0.579,-0.072
1628964,Mo Bamba,1610612753,ORL,C,23.0,43,40,0.508,112,202,0.554,0.593,-0.038
1629021,Moritz Wagner,1610612753,ORL,F-C,24.0,43,40,0.498,113,199,0.568,0.582,-0.014
1629637,Jaxson Hayes,1610612740,NOP,C-F,21.0,56,53,0.463,112,198,0.566,0.588,-0.023
201952,Jeff Teague,1610612749,MIL,G,33.0,55,53,0.503,103,197,0.523,0.563,-0.041
201988,Patty Mills,1610612759,SAS,G,32.0,67,64,0.364,121,196,0.617,0.571,0.046
1630170,Devin Vassell,1610612759,SAS,G-F,20.0,61,56,0.539,113,195,0.579,0.568,0.011
1626204,Larry Nance Jr.,1610612739,CLE,F-C,28.0,35,35,0.47,109,195,0.559,0.591,-0.032
2544,LeBron James,1610612747,LAL,F,36.0,44,43,0.444,99,194,0.51,0.573,-0.062
203488,Mike Muscala,1610612760,OKC,F-C,29.0,34,33,0.534,104,194,0.536,0.586,-0.05
203506,Victor Oladipo,1610612748,MIA,G,29.0,31,31,0.467,105,193,0.544,0.565,-0.021
1629018,Gary Trent Jr.,1610612761,TOR,G-F,22.0,54,52,0.402,117,193,0.606,0.568,0.039
2738,Andre Iguodala,1610612748,MIA,G-F,37.0,61,59,0.388,111,191,0.581,0.583,-0.002
200746,LaMarcus Aldridge,1610612751,BKN,C-F,35.0,26,26,0.5,106,191,0.555,0.58,-0.025
203082,Terrence Ross,1610612753,ORL,G-F,30.0,45,45,0.434,104,190,0.547,0.573,-0.025
203087,Jeremy Lamb,1610612754,IND,G-F,29.0,36,36,0.523,105,190,0.553,0.576,-0.023
1629667,Jalen McDaniels,1610612766,CHA,F-C,23.0,44,40,0.457,115,190,0.605,0.562,0.043
202954,Brad Wanamaker,1610612766,CHA,G,31.0,61,54,0.469,116,190,0.611,0.556,0.055
201609,Goran Dragic,1610612748,MIA,G,35.0,49,45,0.471,111,189,0.587,0.559,0.028
202326,DeMarcus Cousins,1610612746,LAC,C,30.0,41,38,0.46,108,186,0.581,0.584,-0.003
1629011,Mitchell Robinson,1610612752,NYK,C-F,23.0,30,30,0.511,107,185,0.578,0.592,-0.013
1628379,Luke Kennard,1610612746,LAC,G,25.0,59,53,0.451,119,185,0.643,0.565,0.079
201580,JaVale McGee,1610612743,DEN,C-F,33.0,46,44,0.539,90,185,0.486,0.571,-0.085
1628420,Monté Morris,1610612743,DEN,G,26.0,47,46,0.448,99,184,0.538,0.575,-0.037
1628960,Grayson Allen,1610612763,MEM,G,25.0,50,47,0.408,103,183,0.563,0.565,-0.002
201142,Kevin Durant,1610612751,BKN,F,32.0,35,35,0.435,92,181,0.508,0.585,-0.077
1629056,Terence Davis,1610612758,SAC,G,24.0,59,54,0.506,114,180,0.633,0.571,0.062
202692,Alec Burks,1610612752,NYK,G,29.0,49,48,0.411,86,179,0.48,0.562,-0.081
1626145,Tyus Jones,1610612763,MEM,G,25.0,70,64,0.461,103,179,0.575,0.556,0.02
1630193,Immanuel Quickley,1610612752,NYK,G,22.0,63,59,0.424,94,176,0.534,0.566,-0.032
203935,Marcus Smart,1610612738,BOS,G,27.0,48,43,0.355,94,176,0.534,0.572,-0.038
1629052,Oshae Brissett,1610612754,IND,F-G,23.0,20,20,0.638,103,176,0.585,0.57,0.015
1629162,Jordan McLaughlin,1610612750,MIN,G,25.0,51,49,0.493,86,174,0.494,0.548,-0.054
1626224,Cedi Osman,1610612739,CLE,F,26.0,59,52,0.397,104,174,0.598,0.565,0.033
201143,Al Horford,1610612738,BOS,C-F,35.0,27,27,0.425,103,173,0.595,0.598,-0.002
1628998,Cody Martin,1610612766,CHA,F,25.0,49,46,0.471,103,173,0.595,0.565,0.03
1629726,Garrison Mathews,1610612764,WAS,G,24.0,61,54,0.458,112,171,0.655,0.57,0.085
1630231,KJ Martin,1610612745,HOU,F,20.0,45,44,0.509,85,171,0.497,0.584,-0.087
1630217,Desmond Bane,1610612763,MEM,G,23.0,68,64,0.372,89,170,0.524,0.573,-0.049
1629651,Nic Claxton,1610612751,BKN,F-C,22.0,32,31,0.491,88,169,0.521,0.572,-0.051
1629645,Kevin Porter Jr.,1610612745,HOU,G-F,21.0,26,26,0.523,98,168,0.583,0.58,0.004
201949,James Johnson,1610612740,NOP,F,34.0,51,44,0.406,95,167,0.569,0.573,-0.004
203210,JaMychal Green,1610612743,DEN,F-C,31.0,57,53,0.446,95,166,0.572,0.579,-0.007
1630168,Onyeka Okongwu,1610612737,ATL,F-C,20.0,48,43,0.537,96,166,0.578,0.585,-0.007
1630201,Malachi Flynn,1610612761,TOR,G,23.0,45,39,0.447,97,166,0.584,0.568,0.016
1629638,Nickeil Alexander-Walker,1610612740,NOP,G,22.0,44,39,0.452,99,165,0.6,0.572,0.028
1627854,Bryn Forbes,1610612749,MIL,G,27.0,68,61,0.4,107,165,0.648,0.571,0.077
1629672,Eric Paschall,1610612744,GSW,F,24.0,40,40,0.511,87,165,0.527,0.571,-0.044
203503,Tony Snell,1610612737,ATL,G,29.0,46,44,0.439,98,164,0.598,0.582,0.015
1628408,PJ Dozier,1610612743,DEN,G-F,24.0,49,47,0.435,86,163,0.528,0.564,-0.037
1629139,Yuta Watanabe,1610612761,TOR,G-F,26.0,50,46,0.528,91,162,0.562,0.561,0.001
1626169,Stanley Johnson,1610612761,TOR,F-G,25.0,57,48,0.408,90,162,0.556,0.578,-0.023
1627752,Taurean Prince,1610612739,CLE,F,27.0,41,39,0.453,95,162,0.586,0.582,0.004
1629014,Anfernee Simons,1610612757,POR,G,22.0,59,52,0.448,102,162,0.63,0.565,0.065
1628997,Caleb Martin,1610612766,CHA,F,25.0,50,47,0.434,86,161,0.534,0.567,-0.032
1627736,Malik Beasley,1610612750,MIN,G,24.0,36,36,0.462,99,160,0.619,0.569,0.05
1626166,Cameron Payne,1610612756,PHX,G,26.0,58,53,0.442,87,159,0.547,0.567,-0.02
202083,Wesley Matthews,1610612747,LAL,G,34.0,58,50,0.411,85,159,0.535,0.576,-0.042
1627777,Georges Niang,1610612762,UTA,F,28.0,70,50,0.405,75,158,0.475,0.562,-0.087
1628392,Isaiah Hartenstein,1610612739,CLE,C-F,23.0,44,41,0.515,86,158,0.544,0.599,-0.055
1629635,Sekou Doumbouya,1610612765,DET,F,20.0,53,46,0.483,90,158,0.57,0.573,-0.003
202355,Hassan Whiteside,1610612758,SAC,C,32.0,33,30,0.495,86,157,0.548,0.591,-0.044
1627789,Timothe Luwawu-Cabarrot,1610612751,BKN,G-F,26.0,57,53,0.374,95,153,0.621,0.576,0.045
203476,Gorgui Dieng,1610612759,SAS,C,31.0,38,35,0.489,98,151,0.649,0.596,0.053
1627823,Juancho Hernangomez,1610612750,MIN,F,25.0,49,45,0.486,91,151,0.603,0.58,0.023
1628021,David Nwaba,1610612745,HOU,G-F,28.0,30,30,0.495,76,148,0.514,0.568,-0.055
1628422,Damyean Dotson,1610612739,CLE,G,27.0,45,43,0.492,77,148,0.52,0.567,-0.047
201961,Wayne Ellington,1610612765,DET,G,33.0,45,43,0.43,84,147,0.571,0.564,0.007
1627756,Denzel Valentine,1610612741,CHI,G,27.0,60,51,0.441,89,147,0.605,0.57,0.035
1628539,Mychal Mulder,1610612744,GSW,G,27.0,54,50,0.487,80,146,0.548,0.55,-0.002
1630181,R.J. Hampton,1610612753,ORL,G,20.0,45,40,0.462,85,146,0.582,0.569,0.013
101150,Lou Williams,1610612737,ATL,G,34.0,66,59,0.392,87,145,0.6,0.563,0.037
1628436,Luke Kornet,1610612738,BOS,F-C,25.0,29,28,0.573,75,145,0.517,0.577,-0.06
2772,Trevor Ariza,1610612748,MIA,F,36.0,28,28,0.432,85,145,0.586,0.574,0.013
202357,Nemanja Bjelica,1610612748,MIA,F,33.0,35,35,0.551,80,141,0.567,0.586,-0.019
203118,Mike Scott,1610612755,PHI,F,32.0,49,45,0.475,86,141,0.61,0.572,0.038
1629629,Cam Reddish,1610612737,ATL,F-G,21.0,26,26,0.461,99,141,0.702,0.565,0.137
1627863,Danuel House Jr.,1610612745,HOU,F-G,28.0,36,34,0.467,71,141,0.504,0.568,-0.065
1627788,Furkan Korkmaz,1610612755,PHI,G-F,23.0,54,50,0.428,85,140,0.607,0.575,0.032
201976,Patrick Beverley,1610612746,LAC,G,32.0,37,37,0.479,78,140,0.557,0.58,-0.023
1630240,Saben Lee,1610612765,DET,G,22.0,46,39,0.451,80,139,0.576,0.555,0.02
203918,Rodney Hood,1610612761,TOR,G-F,28.0,48,45,0.495,83,138,0.601,0.573,0.029
202397,Ish Smith,1610612764,WAS,G,32.0,42,38,0.406,81,136,0.596,0.57,0.026
1629669,Jaylen Nowell,1610612750,MIN,G,21.0,41,38,0.489,67,135,0.496,0.567,-0.071
1629723,John Konchar,1610612763,MEM,G,25.0,43,39,0.57,74,135,0.548,0.572,-0.024
203463,Ben McLemore,1610612747,LAL,G,28.0,47,43,0.491,82,135,0.607,0.572,0.035
1628410,Edmond Sumner,1610612754,IND,G,25.0,48,42,0.496,77,134,0.575,0.568,0.006
1627745,Damian Jones,1610612758,SAC,C,26.0,35,30,0.536,65,133,0.489,0.584,-0.095
201571,D.J. Augustin,1610612745,HOU,G,33.0,54,43,0.395,83,132,0.629,0.573,0.055
1628470,Torrey Craig,1610612756,PHX,F,30.0,47,42,0.414,75,132,0.568,0.57,-0.002
1630165,Killian Hayes,1610612765,DET,G,19.0,26,25,0.5,69,131,0.527,0.552,-0.025
1627761,DeAndre' Bembry,1610612761,TOR,G-F,26.0,47,42,0.436,71,130,0.546,0.565,-0.019
1628400,Semi Ojeleye,1610612738,BOS,F,26.0,55,48,0.391,74,129,0.574,0.587,-0.014
1629631,De'Andre Hunter,1610612737,ATL,F-G,23.0,23,22,0.454,63,129,0.488,0.567,-0.078
203090,Maurice Harkless,1610612758,SAC,F-G,28.0,35,32,0.399,72,128,0.563,0.564,-0.001
1629002,Chimezie Metu,1610612758,SAC,F-C,24.0,33,30,0.479,78,127,0.614,0.573,0.042
203516,James Ennis III,1610612753,ORL,F,30.0,40,38,0.374,68,126,0.54,0.577,-0.038
1626184,Chasson Randle,1610612753,ORL,G,28.0,38,34,0.393,70,126,0.556,0.55,0.005
203914,Gary Harris,1610612753,ORL,G,26.0,38,35,0.354,79,125,0.632,0.57,0.062
201567,Kevin Love,1610612739,CLE,F-C,32.0,24,24,0.484,78,124,0.629,0.589,0.04
1629109,Gary Clark,1610612755,PHI,F,26.0,36,32,0.471,77,124,0.621,0.579,0.041
1630184,Kira Lewis Jr.,1610612740,NOP,G,20.0,49,45,0.422,71,124,0.573,0.539,0.033
1629642,Nassir Little,1610612757,POR,F-G,21.0,44,38,0.496,76,123,0.618,0.572,0.046
1629673,Jordan Poole,1610612744,GSW,G,22.0,46,40,0.466,70,123,0.569,0.558,0.011
1630178,Tyrese Maxey,1610612755,PHI,G,20.0,58,41,0.416,71,119,0.597,0.551,0.045
1630273,Freddie Gillespie,1610612761,TOR,F,24.0,20,20,0.63,65,119,0.546,0.592,-0.045
203487,Michael Carter-Williams,1610612753,ORL,G,29.0,31,31,0.365,65,118,0.551,0.574,-0.024
204020,Tyler Johnson,1610612751,BKN,G,29.0,37,33,0.502,67,117,0.573,0.565,0.008
1628370,Malik Monk,1610612766,CHA,G,23.0,39,35,0.451,75,114,0.658,0.57,0.088
1628975,Jevon Carter,1610612756,PHX,G,25.0,57,50,0.502,73,112,0.652,0.57,0.081
1630167,Obi Toppin,1610612752,NYK,F,23.0,60,53,0.413,56,112,0.5,0.583,-0.083
203504,Trey Burke,1610612742,DAL,G,28.0,56,42,0.436,59,112,0.527,0.518,0.009
1630230,Naji Marshall,1610612740,NOP,F,23.0,27,26,0.429,60,111,0.541,0.56,-0.02
202335,Patrick Patterson,1610612746,LAC,F,32.0,37,30,0.406,62,110,0.564,0.575,-0.011
1629660,Ty Jerome,1610612760,OKC,G-F,23.0,33,30,0.407,71,110,0.645,0.558,0.088
200765,Rajon Rondo,1610612746,LAC,G,35.0,44,41,0.401,63,110,0.573,0.564,0.008
1630174,Aaron Nesmith,1610612738,BOS,G-F,21.0,38,34,0.476,63,109,0.578,0.568,0.01
1629685,Dylan Windler,1610612739,CLE,G-F,24.0,31,30,0.565,62,109,0.569,0.569,0.0
203960,JaKarr Sampson,1610612754,IND,F,28.0,25,22,0.609,56,109,0.514,0.579,-0.065
1627774,Jake Layman,1610612750,MIN,F,27.0,43,38,0.54,66,109,0.606,0.578,0.027
1628391,D.J. Wilson,1610612745,HOU,F,25.0,33,29,0.453,66,107,0.617,0.577,0.04
1628372,Dennis Smith Jr.,1610612765,DET,G,23.0,23,21,0.545,55,104,0.529,0.556,-0.028
1626143,Jahlil Okafor,1610612765,DET,C-F,25.0,26,22,0.523,61,102,0.598,0.586,0.012
1628382,Justin Jackson,1610612749,MIL,F,26.0,34,31,0.479,59,102,0.578,0.567,0.011
1629740,Nicolo Melli,1610612742,DAL,F,30.0,41,34,0.502,60,101,0.594,0.569,0.025
1630237,Anthony Lamb,1610612745,HOU,F,23.0,22,20,0.532,70,100,0.7,0.572,0.128
1628402,Frank Jackson,1610612765,DET,G,23.0,35,33,0.455,50,97,0.515,0.546,-0.03
1630271,Brodric Thomas,1610612739,CLE,G,24.0,26,23,0.545,52,96,0.542,0.566,-0.024
1628972,Troy Brown Jr.,1610612741,CHI,G-F,21.0,33,29,0.457,57,95,0.6,0.564,0.036
1630205,Lamar Stevens,1610612739,CLE,F,23.0,37,33,0.5,53,95,0.558,0.57,-0.013
202334,Ed Davis,1610612750,MIN,C-F,32.0,20,20,0.541,54,93,0.581,0.582,-0.001
1629644,KZ Okpala,1610612748,MIA,F-G,22.0,33,21,0.435,53,93,0.57,0.583,-0.013
203085,Austin Rivers,1610612743,DEN,G,28.0,34,30,0.357,53,92,0.576,0.555,0.021
202340,Avery Bradley,1610612745,HOU,G,30.0,27,26,0.414,62,91,0.681,0.595,0.086
203648,Thanasis Antetokounmpo,1610612749,MIL,F,28.0,46,37,0.425,48,90,0.533,0.574,-0.041
201588,George Hill,1610612755,PHI,G,35.0,29,25,0.371,48,88,0.545,0.55,-0.005
200755,JJ Redick,1610612742,DAL,G,37.0,43,36,0.439,60,87,0.69,0.573,0.117
1626159,Justise Winslow,1610612763,MEM,F-G,25.0,26,24,0.412,48,87,0.552,0.577,-0.025
1628411,Wes Iwundu,1610612740,NOP,F,26.0,34,31,0.465,49,86,0.57,0.567,0.003
1626168,Trey Lyles,1610612759,SAS,F,25.0,22,20,0.573,44,86,0.512,0.565,-0.053
1630192,Zeke Nnaji,1610612743,DEN,F-C,20.0,36,31,0.469,55,84,0.655,0.579,0.076
1629067,Isaac Bonga,1610612764,WAS,G,21.0,38,30,0.462,41,84,0.488,0.574,-0.086
1629677,Luka Samanic,1610612759,SAS,F,21.0,27,23,0.532,34,84,0.405,0.553,-0.148
1628990,Chandler Hutchison,1610612764,WAS,F-G,25.0,25,22,0.539,52,83,0.627,0.562,0.064
1629216,Gabe Vincent,1610612748,MIA,G,25.0,42,31,0.32,38,83,0.458,0.581,-0.124
201569,Eric Gordon,1610612745,HOU,G,32.0,27,27,0.383,48,82,0.585,0.566,0.019
203490,Otto Porter Jr.,1610612753,ORL,F,28.0,27,25,0.451,52,82,0.634,0.591,0.043
1629076,Tyler Cook,1610612765,DET,F,23.0,29,20,0.536,43,81,0.531,0.578,-0.048
1629633,Jarrett Culver,1610612750,MIN,G-F,22.0,33,28,0.42,44,81,0.543,0.553,-0.009
1628383,Justin Patton,1610612745,HOU,C,24.0,13,12,0.571,44,80,0.55,0.57,-0.02
1629164,Brandon Goodwin,1610612737,ATL,G,25.0,42,34,0.346,42,80,0.525,0.556,-0.031
1628385,Harry Giles III,1610612757,POR,F-C,23.0,35,30,0.388,45,78,0.577,0.58,-0.004
1629103,Kelan Martin,1610612754,IND,F,25.0,26,24,0.57,39,77,0.506,0.569,-0.062
1629622,Max Strus,1610612748,MIA,G-F,25.0,32,29,0.369,52,76,0.684,0.591,0.093
1626246,Boban Marjanović,1610612742,DAL,C,32.0,30,23,0.432,50,76,0.658,0.586,0.072
1629662,Mfiondu Kabengele,1610612739,CLE,F-C,23.0,33,25,0.555,38,76,0.5,0.591,-0.091
1628991,Jaren Jackson Jr.,1610612763,MEM,F-C,21.0,11,11,0.575,43,73,0.589,0.578,0.011
1628418,Thomas Bryant,1610612764,WAS,C-F,23.0,10,10,0.459,40,73,0.548,0.585,-0.037
202734,E'Twaun Moore,1610612756,PHX,G,32.0,26,23,0.48,44,72,0.611,0.565,0.046
1629717,Armoni Brooks,1610612745,HOU,G,23.0,19,18,0.455,44,71,0.62,0.571,0.049
1629671,Miye Oni,1610612762,UTA,G-F,23.0,47,30,0.324,39,70,0.557,0.57,-0.012
1629750,Javonte Green,1610612741,CHI,G-F,27.0,34,28,0.434,45,69,0.652,0.562,0.09
1629610,DaQuan Jeffries,1610612759,SAS,G-F,23.0,28,24,0.376,37,68,0.544,0.576,-0.032
1629658,Jaylen Hoard,1610612760,OKC,F,22.0,18,18,0.532,35,66,0.53,0.563,-0.033
1630198,Isaiah Joe,1610612755,PHI,G,21.0,34,28,0.442,42,65,0.646,0.554,0.092
1630182,Josh Green,1610612742,DAL,G,20.0,32,27,0.496,40,64,0.625,0.555,0.07
1628995,Kevin Knox II,1610612752,NYK,F,21.0,37,27,0.448,43,64,0.672,0.563,0.109
1627853,Ryan Arcidiacono,1610612741,CHI,G,27.0,41,29,0.417,33,63,0.524,0.548,-0.024
1627846,Abdel Nader,1610612756,PHX,F,27.0,20,20,0.496,37,60,0.617,0.557,0.06
203922,Glenn Robinson III,1610612758,SAC,F,27.0,21,20,0.462,34,60,0.567,0.56,0.007
1630235,Trent Forrest,1610612762,UTA,G,23.0,25,23,0.557,36,59,0.61,0.554,0.056
204038,Langston Galloway,1610612756,PHX,G,29.0,37,26,0.487,30,58,0.517,0.567,-0.05
202329,Al-Farouq Aminu,1610612741,CHI,F,30.0,23,22,0.385,32,57,0.561,0.583,-0.022
1627885,Shaquille Harrison,1610612743,DEN,G,27.0,29,19,0.432,37,57,0.649,0.579,0.07
1630185,Nico Mannion,1610612744,GSW,G,20.0,24,22,0.46,39,57,0.684,0.554,0.13
1629744,Matt Thomas,1610612762,UTA,G,26.0,36,28,0.487,41,56,0.732,0.587,0.145
1630222,Mason Jones,1610612755,PHI,G,22.0,28,21,0.509,34,56,0.607,0.557,0.05
1629670,Jordan Nwora,1610612749,MIL,F,22.0,22,17,0.514,29,54,0.537,0.574,-0.037
1629743,Donta Hall,1610612753,ORL,C,23.0,11,10,0.53,25,53,0.472,0.607,-0.135
1628778,Paul Watson,1610612761,TOR,G,26.0,22,22,0.546,28,53,0.528,0.568,-0.04
1628966,Keita Bates-Diop,1610612759,SAS,F,25.0,23,19,0.552,29,53,0.547,0.591,-0.044
1630221,Josh Hall,1610612760,OKC,F,20.0,19,16,0.426,32,52,0.615,0.555,0.06
1628035,Alfonzo McKinnie,1610612747,LAL,F,28.0,27,25,0.533,30,49,0.612,0.572,0.04
1629617,Reggie Perry,1610612751,BKN,F-C,21.0,22,20,0.405,31,49,0.633,0.565,0.068
1629010,Jerome Robinson,1610612764,WAS,G,24.0,16,13,0.403,30,48,0.625,0.566,0.059
1630233,Nathan Knight,1610612737,ATL,F-C,23.0,28,23,0.375,20,48,0.417,0.589,-0.173
1628373,Frank Ntilikina,1610612752,NYK,G,22.0,24,20,0.457,28,48,0.583,0.578,0.006
1628981,Bruno Fernando,1610612737,ATL,F-C,22.0,28,22,0.387,30,48,0.625,0.593,0.032
203473,Dewayne Dedmon,1610612748,MIA,C,31.0,16,16,0.511,27,48,0.563,0.577,-0.015
1630466,Gabriel Deck,1610612760,OKC,F,26.0,10,10,0.56,27,47,0.574,0.594,-0.019
1629649,Ignas Brazdeikis,1610612753,ORL,F,22.0,10,10,0.511,25,46,0.543,0.56,-0.017
1629599,Amir Coffey,1610612746,LAC,G-F,24.0,28,19,0.421,21,45,0.467,0.559,-0.093
1629713,Justin James,1610612758,SAC,G-F,24.0,26,18,0.383,22,44,0.5,0.549,-0.049
101141,Ersan Ilyasova,1610612762,UTA,F,34.0,16,12,0.506,25,43,0.581,0.536,0.045
203521,Matthew Dellavedova,1610612739,CLE,G,30.0,12,11,0.531,28,43,0.651,0.572,0.079
1629185,Chris Chiozza,1610612751,BKN,G,25.0,20,14,0.457,23,42,0.548,0.55,-0.002
1629641,Romeo Langford,1610612738,BOS,G-F,21.0,17,14,0.412,17,42,0.405,0.569,-0.165
1630194,Paul Reed,1610612755,PHI,F,22.0,21,17,0.482,21,41,0.512,0.58,-0.068
1629605,Tacko Fall,1610612738,BOS,C,25.0,17,15,0.432,19,41,0.463,0.576,-0.112
1630187,Daniel Oturu,1610612746,LAC,C,21.0,19,16,0.532,19,41,0.463,0.547,-0.084
1629117,Wenyen Gabriel,1610612740,NOP,F,24.0,18,15,0.406,20,41,0.488,0.543,-0.055
1630200,Tre Jones,1610612759,SAS,G,21.0,29,21,0.46,24,40,0.6,0.531,0.069
1626188,Quinn Cook,1610612739,CLE,G,28.0,20,15,0.535,19,38,0.5,0.527,-0.027
1629751,Dakota Mathias,1610612755,PHI,G,25.0,7,6,0.543,19,38,0.5,0.569,-0.069
203953,Jabari Parker,1610612738,BOS,F,26.0,12,12,0.552,16,37,0.432,0.573,-0.141
1628455,Mike James,1610612751,BKN,G,30.0,12,11,0.457,23,37,0.622,0.564,0.057
1630219,Skylar Mays,1610612737,ATL,G,23.0,27,20,0.435,18,37,0.486,0.548,-0.061
1628427,Vlatko Čančar,1610612743,DEN,F,24.0,31,19,0.34,27,36,0.75,0.591,0.159
1630210,Markus Howard,1610612743,DEN,G,22.0,27,20,0.443,25,35,0.714,0.591,0.123
1629657,Kyle Guy,1610612758,SAC,G,23.0,25,22,0.442,22,34,0.647,0.561,0.086
1630253,Sean McDermott,1610612763,MEM,F,24.0,13,11,0.465,21,33,0.636,0.548,0.088
203121,Darius Miller,1610612760,OKC,F,31.0,15,14,0.492,15,32,0.469,0.584,-0.115
1628414,Sindarius Thornwell,1610612753,ORL,G,26.0,16,11,0.427,19,32,0.594,0.564,0.029
1630264,Anthony Gill,1610612764,WAS,F,28.0,19,15,0.39,15,32,0.469,0.545,-0.076
1629035,Carsen Edwards,1610612738,BOS,G,23.0,25,16,0.369,17,31,0.548,0.593,-0.044
1628419,Cameron Oliver,1610612745,HOU,F,24.0,4,4,0.652,20,30,0.667,0.56,0.106
203585,Rodney McGruder,1610612765,DET,G,29.0,14,10,0.476,17,30,0.567,0.574,-0.007
1629682,Tremont Waters,1610612738,BOS,G,23.0,21,12,0.405,16,30,0.533,0.545,-0.012
1630188,Jalen Smith,1610612756,PHX,F-C,21.0,19,8,0.408,19,29,0.655,0.568,0.087
1629346,Alen Smailagic,1610612744,GSW,F,20.0,9,8,0.58,16,29,0.552,0.558,-0.007
1629752,Juwan Morgan,1610612762,UTA,F,24.0,18,12,0.492,13,29,0.448,0.583,-0.134
1628993,Alize Johnson,1610612751,BKN,F,25.0,14,12,0.433,18,29,0.621,0.549,0.071
1629714,Jarrell Brantley,1610612762,UTA,F,25.0,20,16,0.583,17,28,0.607,0.555,0.052
1629017,Khyri Thomas,1610612745,HOU,G,25.0,5,5,0.435,13,27,0.481,0.564,-0.082
1629066,Rodions Kurucs,1610612749,MIL,F,23.0,15,11,0.529,14,27,0.519,0.579,-0.06
1629718,Charlie Brown Jr.,1610612760,OKC,G,24.0,9,9,0.482,18,27,0.667,0.561,0.106
1630176,Vernon Carey Jr.,1610612766,CHA,F-C,20.0,17,12,0.551,11,27,0.407,0.565,-0.157
1629604,CJ Elleby,1610612757,POR,F-G,21.0,22,15,0.433,8,26,0.308,0.534,-0.226
1629735,Chris Silva,1610612758,SAC,F,24.0,9,8,0.51,11,26,0.423,0.57,-0.147
1629626,Bol Bol,1610612743,DEN,C-F,21.0,24,16,0.4,17,26,0.654,0.574,0.08
1630223,Jalen Harris,1610612761,TOR,G,22.0,13,9,0.403,14,25,0.56,0.585,-0.025
203957,Danté Exum,1610612745,HOU,G,25.0,5,5,0.532,11,25,0.44,0.56,-0.12
1630241,Sam Merrill,1610612749,MIL,G,25.0,22,15,0.325,13,25,0.52,0.563,-0.043
1628365,Markelle Fultz,1610612753,ORL,G,23.0,8,8,0.364,18,24,0.75,0.571,0.179
1629603,Mamadi Diakite,1610612749,MIL,F,24.0,12,9,0.407,10,24,0.417,0.564,-0.148
1628395,Jordan Bell,1610612744,GSW,F,26.0,5,5,0.571,13,24,0.542,0.579,-0.037
1629648,Jordan Bone,1610612753,ORL,G,23.0,11,9,0.511,12,23,0.522,0.549,-0.028
1629686,Deividas Sirvydis,1610612765,DET,F-G,21.0,16,9,0.451,15,23,0.652,0.587,0.066
1630189,Tyler Bey,1610612742,DAL,F,23.0,15,13,0.489,14,22,0.636,0.518,0.119
1627748,Thon Maker,1610612739,CLE,F-C,24.0,8,7,0.457,14,21,0.667,0.568,0.098
2760,Anderson Varejao,1610612739,CLE,F,38.0,5,5,0.724,11,21,0.524,0.579,-0.055
1627812,Yogi Ferrell,1610612746,LAC,G,28.0,9,7,0.488,14,21,0.667,0.569,0.098
1629681,Killian Tillie,1610612763,MEM,F-C,23.0,14,9,0.339,8,20,0.4,0.61,-0.21
1629663,Louis King,1610612758,SAC,F,22.0,6,5,0.588,12,20,0.6,0.523,0.077
1629683,Quinndary Weatherspoon,1610612759,SAS,G,24.0,14,10,0.4,14,20,0.7,0.501,0.199
1629725,Jeremiah Martin,1610612739,CLE,G,25.0,8,8,0.633,11,19,0.579,0.528,0.051
1629719,Devontae Cacok,1610612747,LAL,F,24.0,18,11,0.422,9,19,0.474,0.545,-0.071
203998,Bruno Caboclo,1610612745,HOU,F,25.0,5,5,0.731,10,19,0.526,0.596,-0.07
1630186,Jahmi'us Ramsey,1610612758,SAC,G,20.0,11,9,0.559,10,19,0.526,0.533,-0.007
203933,T.J. Warren,1610612754,IND,F,27.0,4,4,0.581,12,18,0.667,0.582,0.085
1626178,Rondae Hollis-Jefferson,1610612757,POR,F,26.0,10,8,0.486,9,17,0.529,0.549,-0.02
1629007,Jontay Porter,1610612763,MEM,C-F,21.0,5,5,0.63,10,17,0.588,0.599,-0.01
1630211,Karim Mane,1610612753,ORL,G,21.0,9,8,0.5,12,17,0.706,0.566,0.14
1629606,Robert Franks,1610612753,ORL,F,24.0,5,5,0.548,9,17,0.529,0.585,-0.055
201229,Anthony Tolliver,1610612755,PHI,F,36.0,8,5,0.457,9,16,0.563,0.557,0.005
201162,Jared Dudley,1610612747,LAL,F,35.0,11,7,0.457,7,16,0.438,0.577,-0.14
1626245,Cristiano Felicio,1610612741,CHI,F-C,28.0,13,9,0.41,7,16,0.438,0.548,-0.111
1630207,Nate Hinton,1610612742,DAL,G-F,22.0,15,12,0.64,11,16,0.688,0.549,0.138
1628962,Udoka Azubuike,1610612762,UTA,C-F,21.0,12,11,0.5,8,16,0.5,0.555,-0.055
1630208,Nick Richards,1610612766,CHA,C,23.0,11,8,0.469,10,15,0.667,0.56,0.106
203658,Norvel Pelle,1610612752,NYK,C,28.0,8,7,0.417,8,15,0.533,0.6,-0.067
1630216,Cassius Winston,1610612764,WAS,G,23.0,11,7,0.424,8,14,0.571,0.521,0.05
203915,Spencer Dinwiddie,1610612751,BKN,G,28.0,3,3,0.467,6,14,0.429,0.564,-0.136
1630206,Jay Scrubb,1610612746,LAC,G,20.0,4,3,0.467,9,14,0.643,0.553,0.09
1629738,Vincent Poirier,1610612755,PHI,C-F,27.0,8,7,0.583,7,14,0.5,0.519,-0.019
1628578,Amida Brimah,1610612754,IND,C,27.0,5,5,0.765,8,13,0.615,0.6,0.015
1627780,Gary Payton II,1610612744,GSW,G,28.0,7,6,0.722,5,13,0.385,0.515,-0.13
1629620,Justin Robinson,1610612760,OKC,G,23.0,7,5,0.448,8,13,0.615,0.535,0.081
1628961,Kostas Antetokounmpo,1610612747,LAL,F,23.0,11,4,0.481,6,13,0.462,0.564,-0.103
204025,Tim Frazier,1610612763,MEM,G,30.0,4,4,0.65,5,13,0.385,0.532,-0.147
1627737,Marquese Chriss,1610612744,GSW,F,23.0,2,2,0.667,5,12,0.417,0.567,-0.15
1630199,Cassius Stanley,1610612754,IND,G,21.0,16,7,0.375,6,12,0.5,0.588,-0.088
1629244,Cam Reynolds,1610612745,HOU,F,26.0,3,2,0.706,5,12,0.417,0.566,-0.149
1630234,Ty-Shon Alexander,1610612756,PHX,G,22.0,8,6,0.571,5,12,0.417,0.558,-0.141
1630190,Elijah Hughes,1610612762,UTA,G,23.0,12,7,0.45,4,9,0.444,0.523,-0.079
203460,Andre Roberson,1610612751,BKN,G-F,29.0,5,4,0.36,5,9,0.556,0.581,-0.026
1629033,Theo Pinson,1610612752,NYK,G-F,25.0,12,9,0.563,4,9,0.444,0.524,-0.08
1627740,Henry Ellenson,1610612761,TOR,F-C,24.0,2,2,0.474,6,9,0.667,0.575,0.092
1629712,Didi Louzada,1610612740,NOP,G,21.0,3,2,0.286,6,8,0.75,0.555,0.195
1628388,T.J. Leaf,1610612757,POR,F,24.0,7,6,0.471,2,8,0.25,0.558,-0.308
1627739,Kris Dunn,1610612737,ATL,G,27.0,4,3,0.364,5,8,0.625,0.59,0.035
1629091,Elijah Bryant,1610612749,MIL,G,26.0,1,1,0.889,6,8,0.75,0.63,0.12
1629962,Devin Cannady,1610612753,ORL,G,25.0,4,3,0.533,4,8,0.5,0.593,-0.093
1626253,Axel Toupane,1610612749,MIL,G-F,28.0,5,3,0.32,3,8,0.375,0.418,-0.043
1629034,Ray Spalding,1610612745,HOU,F,24.0,2,2,0.538,3,7,0.429,0.579,-0.15
1629730,Rayjon Tucker,1610612755,PHI,G,23.0,10,5,0.292,5,7,0.714,0.54,0.174
1628412,Frank Mason III,1610612753,ORL,G,27.0,4,3,0.226,4,7,0.571,0.599,-0.027
1628390,Terrance Ferguson,1610612755,PHI,G,23.0,6,5,0.7,5,7,0.714,0.551,0.163
1630218,Robert Woodard II,1610612758,SAC,F,21.0,7,6,0.875,3,7,0.429,0.588,-0.159
1629653,Devon Dotson,1610612741,CHI,G,21.0,7,3,0.353,2,6,0.333,0.507,-0.174
1630179,Tyrell Terry,1610612742,DAL,G,20.0,8,5,0.429,3,6,0.5,0.576,-0.076
202738,Isaiah Thomas,1610612740,NOP,G,32.0,3,2,0.353,2,6,0.333,0.523,-0.19
1629690,Adam Mokoka,1610612741,CHI,G,22.0,6,5,0.545,3,6,0.5,0.581,-0.081
1629833,Keljin Blevins,1610612757,POR,G,25.0,14,6,0.333,3,6,0.5,0.596,-0.096
203086,Meyers Leonard,1610612748,MIA,F-C,29.0,3,2,0.333,3,4,0.75,0.605,0.146
1630268,Nate Darling,1610612766,CHA,G,22.0,4,3,0.5,3,4,0.75,0.544,0.206
202697,Iman Shumpert,1610612751,BKN,G,31.0,2,2,0.75,1,3,0.333,0.582,-0.249
203263,James Nunnally,1610612740,NOP,F,30.0,4,3,0.429,3,3,1.0,0.542,0.458
1627775,Patrick McCaw,1610612761,TOR,G,25.0,5,3,0.273,2,3,0.667,0.597,0.07
1629665,Jalen Lecque,1610612754,IND,G,21.0,4,3,0.5,1,3,0.333,0.583,-0.249
1628394,Anžejs Pasečņiks,1610612764,WAS,C-F,25.0,1,1,0.5,3,3,1.0,0.54,0.46
1629121,Jaylen Adams,1610612749,MIL,G,25.0,2,2,0.5,2,2,1.0,0.569,0.431
203943,Noah Vonleh,1610612751,BKN,F,25.0,4,2,0.25,2,2,1.0,0.546,0.454
1628968,Brian Bowen II,1610612754,IND,F-G,22.0,1,1,1.0,1,2,0.5,0.482,0.019
1629607,Jared Harper,1610612752,NYK,G,23.0,4,2,0.333,2,2,1.0,0.65,0.351
1630203,Grant Riller,1610612766,CHA,G,24.0,5,2,0.333,2,2,1.0,0.556,0.445
1630238,Malik Fitts,1610612746,LAC,F,23.0,1,1,0.25,1,1,1.0,0.657,0.343
1629716,Marques Bolden,1610612739,CLE,C,23.0,4,1,0.111,0,1,0.0,0.493,-0.493
