player_id,player_name,nickname,team_id,team_abbreviation,age,gp,w,l,w_pct,min,fgm,fga,fg_pct,fg3m,fg3a,fg3_pct,ftm,fta,ft_pct,oreb,dreb,reb,ast,tov,stl,blk,blka,pf,pfd,pts,plus_minus,nba_fantasy_pts,dd2,td3,wnba_fantasy_pts,gp_rank,w_rank,l_rank,w_pct_rank,min_rank,fgm_rank,fga_rank,fg_pct_rank,fg3m_rank,fg3a_rank,fg3_pct_rank,ftm_rank,fta_rank,ft_pct_rank,oreb_rank,dreb_rank,reb_rank,ast_rank,tov_rank,stl_rank,blk_rank,blka_rank,pf_rank,pfd_rank,pts_rank,plus_minus_rank,nba_fantasy_pts_rank,dd2_rank,td3_rank,wnba_fantasy_pts_rank,team
1631260,AJ Green,AJ,1610612749,MIL,25.0,5,1,4,0.2,27.0,3.6,7.8,0.462,3.6,7.0,0.514,0.2,0.4,0.5,0.4,2.4,2.8,2.0,0.0,0.0,0.2,0.0,2.6,0.4,11.0,2.0,18.0,0,0,19.8,115,139,65,154,78,78,76,89,6,18,16,157,149,140,143,86,104,65,189,165,118,148,46,156,72,58,89,48,7,80,MIL
203932,Aaron Gordon,Aaron,1610612743,DEN,29.0,14,7,7,0.5,37.3,5.8,11.9,0.485,1.6,4.1,0.379,3.1,3.6,0.86,3.6,4.0,7.6,2.7,1.9,0.6,0.4,1.4,2.4,3.6,16.2,1.6,30.3,2,0,29.9,36,39,8,84,22,40,43,69,56,61,63,36,40,41,7,48,23,52,40,92,84,8,59,29,36,68,40,21,7,36,DEN
1628988,Aaron Holiday,Aaron,1610612745,HOU,28.0,3,3,0,1.0,9.1,1.3,3.3,0.4,0.7,1.7,0.4,0.7,1.3,0.5,0.3,0.3,0.7,1.0,0.3,0.0,0.0,0.0,1.0,1.0,4.0,-5.0,6.0,0,0,6.3,176,88,211,1,147,135,126,140,111,121,45,106,87,140,150,193,183,108,157,165,160,148,137,96,135,177,158,48,7,153,HOU
1630174,Aaron Nesmith,Aaron,1610612754,IND,25.0,18,13,5,0.722,28.8,4.8,9.8,0.489,2.8,5.6,0.495,1.5,1.7,0.871,1.0,4.8,5.8,1.1,1.0,0.8,0.8,0.7,3.8,2.2,13.8,5.0,26.2,3,0,26.7,1,1,35,21,68,54,63,65,14,34,23,68,75,38,64,32,37,105,85,65,37,42,7,62,52,27,52,12,7,51,IND
1630598,Aaron Wiggins,Aaron,1610612760,OKC,26.0,17,12,5,0.706,13.7,2.5,5.8,0.424,1.2,3.3,0.357,0.5,0.6,0.727,0.8,1.6,2.4,0.9,0.7,0.5,0.2,0.2,0.9,0.5,6.6,5.8,12.2,0,0,12.5,23,16,35,37,129,96,100,122,86,79,77,131,135,101,95,128,115,122,114,111,114,110,152,143,99,24,116,48,7,113,OKC
1642349,Ajay Mitchell,Ajay,1610612760,OKC,22.0,10,7,3,0.7,7.1,1.5,3.1,0.484,0.5,1.2,0.417,0.4,0.5,0.8,0.3,0.5,0.8,0.5,0.3,0.2,0.0,0.4,0.7,0.5,3.9,-1.8,5.9,0,0,6.1,61,39,146,39,164,131,130,70,118,135,40,133,143,69,158,184,179,147,171,150,160,79,161,144,137,139,160,48,7,157,OKC
201143,Al Horford,Al,1610612738,BOS,39.0,11,6,5,0.545,31.6,3.1,6.5,0.472,1.3,3.2,0.4,0.5,0.6,0.857,1.6,4.4,6.0,1.8,0.6,0.6,1.3,0.3,2.7,1.0,8.0,0.9,23.0,0,0,20.9,51,46,35,77,56,85,93,81,80,85,45,127,136,42,31,41,34,69,118,83,11,98,38,96,89,82,67,48,7,72,BOS
202692,Alec Burks,Alec,1610612748,MIA,33.0,1,0,1,0.0,15.2,2.0,3.0,0.667,2.0,3.0,0.667,0.0,0.0,0.0,0.0,2.0,2.0,2.0,0.0,0.0,0.0,0.0,0.0,0.0,6.0,-1.0,11.4,0,0,12.0,212,180,197,180,121,106,131,20,29,89,10,162,165,162,180,100,128,65,189,165,160,148,196,188,104,120,120,48,7,116,MIA
1627936,Alex Caruso,Alex,1610612760,OKC,31.0,18,13,5,0.722,23.1,3.2,7.0,0.46,1.8,4.3,0.416,1.3,1.7,0.8,0.6,1.9,2.6,2.4,0.8,1.7,0.5,0.2,2.8,1.9,9.6,6.9,22.1,0,0,20.7,1,1,35,21,89,84,83,91,42,57,42,72,76,69,109,111,107,58,108,10,61,129,35,67,77,11,70,48,7,75,OKC
203458,Alex Len,Alex,1610612747,LAL,31.0,2,0,2,0.0,1.8,0.0,0.5,0.0,0.0,0.0,0.0,0.0,0.0,0.0,1.5,0.5,2.0,0.0,0.0,0.0,0.0,0.0,0.0,0.5,0.0,0.5,2.4,0,0,2.0,199,180,164,180,212,203,205,203,164,190,164,162,165,162,35,184,128,192,189,165,160,148,196,144,206,87,198,48,7,200,LAL
1630578,Alperen Sengun,Alperen,1610612745,HOU,22.0,7,3,4,0.429,36.6,8.4,18.7,0.45,0.4,1.1,0.375,3.6,5.7,0.625,3.0,8.9,11.9,5.3,2.1,1.9,0.4,0.7,3.7,5.0,20.9,4.7,47.7,5,0,43.0,86,88,65,101,24,14,12,97,126,140,64,25,15,130,10,5,3,16,28,7,73,43,8,11,19,30,8,6,7,13,HOU
1641708,Amen Thompson,Amen,1610612745,HOU,22.0,7,3,4,0.429,33.1,6.0,12.1,0.494,0.1,0.6,0.25,3.6,5.1,0.694,2.7,4.1,6.9,3.3,1.7,1.7,0.9,0.9,2.6,3.3,15.7,0.6,34.9,0,0,31.1,86,88,65,101,46,34,42,60,162,162,135,25,18,112,13,46,28,44,46,11,30,32,47,36,41,86,27,48,7,33,HOU
1641748,Andre Jackson Jr.,Andre,1610612749,MIL,23.0,2,0,2,0.0,2.4,0.0,0.5,0.0,0.0,0.5,0.0,0.0,0.0,0.0,0.0,0.0,0.0,0.0,0.0,0.0,0.0,0.0,0.0,0.0,0.0,-1.0,0.0,0,0,0.0,199,180,164,180,208,203,205,203,164,163,164,162,165,162,180,204,208,192,189,165,160,148,196,188,206,120,215,48,7,215,MIL
1629614,Andrew Nembhard,Andrew,1610612754,IND,25.0,18,13,5,0.722,33.1,4.8,10.2,0.467,1.8,3.9,0.457,1.4,1.8,0.788,0.6,2.8,3.3,5.1,1.6,1.6,0.2,0.6,2.6,2.4,12.8,3.0,28.3,1,0,26.6,1,1,35,21,45,54,59,86,42,68,30,70,72,79,121,77,89,21,54,13,115,54,49,53,56,43,45,30,7,52,IND
203952,Andrew Wiggins,Andrew,1610612748,MIA,30.0,4,0,4,0.0,30.6,4.0,10.8,0.372,1.8,5.0,0.35,1.8,2.5,0.7,1.0,2.3,3.3,2.3,2.8,0.3,1.3,0.5,1.5,1.5,11.5,-20.0,20.5,0,0,21.8,153,180,65,180,60,66,54,161,44,46,85,62,59,109,64,92,90,62,19,141,12,67,118,80,68,217,76,48,7,68,MIA
1641710,Anthony Black,Anthony,1610612753,ORL,21.0,5,1,4,0.2,17.7,3.0,7.4,0.405,0.4,2.6,0.154,1.8,2.6,0.692,2.0,2.4,4.4,0.0,0.4,0.8,0.2,0.2,1.6,2.0,8.2,-7.6,16.1,0,0,15.0,115,139,65,154,110,88,79,137,128,102,162,60,56,113,24,86,66,192,147,61,118,115,111,63,88,191,99,48,7,101,ORL
1630162,Anthony Edwards,Anthony,1610612750,MIN,23.0,15,9,6,0.6,39.0,9.0,19.9,0.453,3.1,8.7,0.354,4.3,5.9,0.719,1.2,6.6,7.8,5.5,2.6,1.1,0.7,0.7,2.1,4.2,25.3,2.5,45.9,3,0,45.4,27,28,24,51,13,12,9,94,10,10,83,17,14,102,55,10,20,12,21,36,42,44,72,17,11,53,10,12,7,10,MIN
1630574,Ariel Hukporti,Ariel,1610612752,NYK,23.0,3,1,2,0.333,1.5,0.7,0.7,1.0,0.0,0.0,0.0,0.0,0.7,0.0,0.0,0.7,0.7,0.0,0.0,0.0,0.0,0.0,0.0,0.3,1.3,2.7,2.1,0,0,2.0,176,139,164,132,219,175,200,1,164,190,164,162,127,162,180,169,183,192,189,165,160,148,196,163,185,51,200,48,7,200,NYK
1641709,Ausar Thompson,Ausar,1610612765,DET,22.0,6,2,4,0.333,22.5,4.0,7.0,0.571,0.0,0.3,0.0,3.5,6.0,0.583,1.3,3.8,5.2,1.0,1.8,1.2,0.8,1.0,4.2,3.8,11.5,1.0,23.4,0,0,21.7,104,121,65,132,91,66,83,36,164,173,164,27,12,134,43,51,50,108,42,29,32,23,5,23,68,79,66,48,7,70,DET
1630559,Austin Reaves,Austin,1610612747,LAL,27.0,5,1,4,0.2,39.3,6.0,14.6,0.411,3.0,9.4,0.319,1.2,1.4,0.857,0.8,4.6,5.4,3.6,2.8,0.2,0.6,0.4,3.6,2.8,16.2,-7.4,27.7,0,0,29.8,115,139,65,154,10,34,27,134,11,5,109,82,86,42,89,36,48,37,18,150,51,79,10,44,37,190,48,48,7,38,LAL
1628389,Bam Adebayo,Bam,1610612748,MIA,27.0,4,0,4,0.0,38.4,7.0,16.0,0.438,1.8,5.3,0.333,1.8,2.8,0.636,4.0,7.0,11.0,4.3,3.0,1.0,0.3,0.3,2.3,2.8,17.5,-18.3,37.8,2,0,37.0,153,180,65,180,17,24,21,110,44,42,94,62,53,128,2,7,6,28,13,39,102,101,62,45,32,216,22,21,7,21,MIA
1631248,Baylor Scheierman,Baylor,1610612738,BOS,24.0,4,3,1,0.75,5.6,0.8,2.5,0.3,0.5,1.3,0.4,0.0,0.0,0.0,0.3,0.8,1.0,0.0,0.3,0.0,0.0,0.0,0.5,0.0,2.0,-0.3,3.0,0,0,3.5,153,88,197,13,176,170,147,186,118,134,45,162,165,162,162,164,168,192,173,165,160,148,170,188,167,102,191,48,7,182,BOS
1641767,Ben Sheppard,Ben,1610612754,IND,23.0,16,11,5,0.688,13.8,1.1,2.3,0.486,0.8,1.9,0.433,0.3,0.3,1.0,0.3,1.4,1.7,0.4,0.5,0.3,0.1,0.0,1.9,0.4,3.3,-1.0,6.4,0,0,6.9,25,19,35,40,128,145,152,68,104,118,38,147,160,1,157,134,143,160,131,141,158,148,90,160,142,120,152,48,7,145,IND
1627732,Ben Simmons,Ben,1610612746,LAC,28.0,5,2,3,0.4,8.3,0.4,1.2,0.333,0.0,0.0,0.0,0.0,0.0,0.0,0.6,0.8,1.4,0.8,0.4,0.2,0.8,0.2,2.2,1.0,0.8,1.4,6.3,0,0,5.0,115,121,146,124,152,186,185,174,164,190,164,162,165,162,110,157,153,124,147,150,34,115,67,96,202,72,154,48,7,164,LAC
1631097,Bennedict Mathurin,Bennedict,1610612754,IND,22.0,17,12,5,0.706,16.4,2.9,6.1,0.476,0.7,2.4,0.293,3.8,4.3,0.89,0.6,1.8,2.5,0.8,1.2,0.3,0.2,0.2,2.1,2.9,10.3,-3.6,14.6,0,0,15.2,23,16,35,37,116,92,98,79,110,104,125,22,27,33,106,116,111,129,78,140,132,110,76,41,75,161,108,48,7,100,IND
1626171,Bobby Portis,Bobby,1610612749,MIL,30.0,5,1,4,0.2,31.7,6.0,13.6,0.441,2.0,5.6,0.357,0.0,0.2,0.0,1.6,6.6,8.2,1.4,1.2,0.4,0.4,0.8,1.6,1.0,14.0,2.0,27.1,2,0,27.2,115,139,65,154,55,34,35,108,29,35,77,162,163,162,33,10,17,88,73,120,76,37,111,96,50,58,49,21,7,49,MIL
203992,Bogdan Bogdanović,Bogdan,1610612746,LAC,32.0,7,3,4,0.429,16.8,2.3,6.3,0.364,1.0,3.4,0.292,0.9,1.0,0.857,0.7,2.1,2.9,2.1,1.6,0.4,0.0,0.1,3.6,0.7,6.4,2.4,12.8,0,0,13.3,86,88,65,101,113,103,95,165,90,77,126,93,101,42,101,98,102,64,52,117,160,135,12,129,100,54,114,48,7,108,LAC
1641764,Brandin Podziemski,Brandin,1610612744,GSW,22.0,12,5,7,0.417,32.1,4.0,11.0,0.364,1.8,5.6,0.328,1.4,2.0,0.708,1.3,3.7,5.0,3.1,1.5,1.3,0.2,0.7,1.5,2.9,11.3,-0.8,24.6,0,0,24.0,44,55,8,118,53,66,51,165,41,37,106,71,64,108,43,58,53,47,58,25,133,44,118,42,70,113,59,48,7,60,GSW
1630296,Braxton Key,Braxton,1610612744,GSW,28.0,5,0,5,0.0,4.5,0.2,1.6,0.125,0.0,0.2,0.0,0.0,0.0,0.0,1.0,0.8,1.8,0.2,0.6,0.4,0.4,0.2,0.8,0.2,0.4,3.0,4.7,0,0,4.0,115,180,35,180,185,201,176,200,164,183,164,162,165,162,64,157,136,184,121,120,76,115,156,180,205,43,168,48,7,175,GSW
1642355,Bronny James,Bronny,1610612747,LAL,20.0,2,0,2,0.0,1.8,0.0,1.0,0.0,0.0,1.0,0.0,0.0,0.0,0.0,0.0,0.0,0.0,0.0,0.0,0.0,0.0,0.0,0.0,0.0,0.0,0.5,0.0,0,0,0.0,199,180,164,180,212,203,190,203,164,142,164,162,165,162,180,204,208,192,189,165,160,148,196,188,206,87,215,48,7,215,LAL
201572,Brook Lopez,Brook,1610612749,MIL,37.0,5,1,4,0.2,14.8,1.6,4.4,0.364,0.8,3.0,0.267,1.0,1.0,1.0,0.6,1.0,1.6,0.8,0.8,0.2,1.0,0.2,2.2,1.4,5.0,-5.2,10.9,0,0,10.6,115,139,65,154,122,128,114,165,105,89,132,89,101,1,110,143,146,124,105,150,19,115,67,85,115,178,123,48,7,121,MIL
1627741,Buddy Hield,Buddy,1610612744,GSW,32.0,12,5,7,0.417,27.3,4.3,10.4,0.416,2.8,6.4,0.429,1.1,1.2,0.929,1.5,2.0,3.5,1.8,1.1,1.2,0.4,0.4,2.0,0.8,12.5,0.6,23.0,0,0,23.7,44,55,8,118,75,58,56,129,15,23,39,87,93,26,35,100,82,71,84,29,75,78,77,117,58,85,68,48,7,62,GSW
1630595,Cade Cunningham,Cade,1610612765,DET,23.0,6,2,4,0.333,41.3,9.2,21.5,0.426,0.8,4.7,0.179,5.8,7.0,0.833,1.0,7.3,8.3,8.7,5.3,1.8,1.3,2.3,3.3,6.2,25.0,1.5,52.2,4,1,49.2,104,121,65,132,3,11,7,121,100,54,155,8,10,54,64,6,15,3,1,8,9,1,19,8,12,69,5,10,2,6,DET
1631216,Caleb Houstan,Caleb,1610612753,ORL,22.0,5,1,4,0.2,9.5,0.4,2.8,0.143,0.4,2.0,0.2,0.0,0.0,0.0,0.4,0.4,0.8,0.2,0.4,0.0,0.2,0.2,0.6,0.0,1.2,-5.8,2.7,0,0,3.0,115,139,65,154,146,186,138,199,128,112,148,162,165,162,143,191,179,184,147,165,118,115,165,188,188,182,195,48,7,190,ORL
1642353,Cam Christie,Cam,1610612746,LAC,19.0,3,1,2,0.333,4.3,0.7,1.0,0.667,0.3,0.7,0.5,0.0,0.0,0.0,0.0,0.7,0.7,0.0,0.3,0.3,0.0,0.0,0.0,0.0,1.7,6.0,3.1,0,0,3.3,176,139,164,132,189,175,190,20,139,156,17,162,165,162,180,169,183,192,157,130,160,148,196,188,179,20,187,48,7,187,LAC
1641715,Cam Whitmore,Cam,1610612745,HOU,20.0,3,3,0,1.0,1.8,0.0,0.7,0.0,0.0,0.3,0.0,0.0,0.0,0.0,0.0,0.3,0.3,0.0,0.0,0.0,0.0,0.3,0.0,0.0,0.0,-5.3,0.4,0,0,0.3,176,88,211,1,216,203,200,203,164,173,164,162,165,162,180,193,199,192,189,165,160,86,196,188,206,179,213,48,7,214,HOU
1626166,Cameron Payne,Cameron,1610612752,NYK,30.0,14,8,6,0.571,7.3,0.9,2.6,0.324,0.4,1.5,0.238,0.1,0.2,0.333,0.0,0.6,0.6,0.6,0.5,0.4,0.1,0.0,1.6,0.5,2.1,-0.5,4.6,0,0,4.6,36,38,24,63,161,165,145,181,138,124,142,161,162,158,180,181,192,139,131,129,157,148,117,144,166,105,172,48,7,169,NYK
1641717,Cason Wallace,Cason,1610612760,OKC,21.0,18,13,5,0.722,23.1,2.1,5.2,0.404,0.8,2.8,0.294,0.3,0.4,0.714,1.1,1.6,2.7,2.5,0.7,1.3,0.4,0.4,2.1,0.7,5.3,7.7,16.8,0,0,14.8,1,1,35,21,90,105,103,138,100,95,124,145,150,103,63,124,105,55,115,21,72,73,74,132,113,8,96,48,7,105,OKC
1631096,Chet Holmgren,Chet,1610612760,OKC,23.0,18,13,5,0.722,29.1,5.6,11.7,0.481,1.4,4.2,0.329,3.2,4.1,0.77,1.6,6.7,8.3,1.1,1.2,0.7,1.9,1.2,1.9,3.2,15.8,7.9,34.0,6,0,31.7,1,1,35,21,66,45,47,74,75,58,105,33,30,86,32,9,16,107,79,71,4,16,85,38,40,7,31,4,7,32,OKC
1641753,Chris Livingston,Chris,1610612749,MIL,21.0,2,0,2,0.0,2.3,0.0,0.5,0.0,0.0,0.5,0.0,0.0,0.0,0.0,0.0,0.5,0.5,0.0,0.0,0.0,0.0,0.0,0.0,0.0,0.0,-1.5,0.6,0,0,0.5,199,180,164,180,209,203,205,203,164,163,164,162,165,162,180,184,194,192,189,165,160,148,196,188,206,131,211,48,7,212,MIL
1631128,Christian Braun,Christian,1610612743,DEN,24.0,14,7,7,0.5,38.9,4.8,10.6,0.453,1.5,5.0,0.3,1.6,2.2,0.71,1.8,4.6,6.4,2.4,1.0,1.2,0.7,0.9,3.4,1.4,12.6,-0.9,28.8,3,0,26.9,36,39,8,84,15,53,55,95,62,46,121,67,63,106,29,35,32,56,85,26,43,30,18,84,57,119,44,12,7,50,DEN
1629643,Chuma Okeke,Chuma,1610612739,CLE,26.0,3,2,1,0.667,4.3,0.3,1.3,0.25,0.3,1.3,0.25,0.0,0.0,0.0,0.0,0.0,0.0,0.3,0.0,0.3,0.0,0.0,0.0,0.0,1.0,3.3,2.5,0,0,2.3,176,121,197,41,191,192,182,189,139,130,135,162,165,162,180,204,208,167,189,130,160,148,196,188,193,39,197,48,7,199,CLE
1630175,Cole Anthony,Cole,1610612753,ORL,25.0,5,1,4,0.2,10.1,0.8,2.8,0.286,0.0,1.2,0.0,0.6,0.8,0.75,0.6,0.8,1.4,1.2,1.8,0.0,0.2,0.0,2.4,1.0,2.2,-2.6,4.5,0,0,5.2,115,139,65,154,139,168,138,187,164,135,164,115,117,91,110,157,153,99,44,165,118,148,52,96,163,153,173,48,7,163,ORL
202709,Cory Joseph,Cory,1610612753,ORL,33.0,5,1,4,0.2,24.9,2.0,4.8,0.417,1.0,3.2,0.313,0.0,0.0,0.0,0.2,1.6,1.8,3.0,0.4,1.0,0.4,0.4,2.0,0.6,5.0,-1.6,15.5,0,0,13.6,115,139,65,154,82,106,107,127,90,84,113,162,165,162,166,125,136,48,147,39,76,79,77,134,115,135,102,48,7,107,ORL
1641854,Craig Porter Jr.,Craig,1610612739,CLE,25.0,6,4,2,0.667,5.9,1.0,2.0,0.5,0.0,0.5,0.0,0.0,0.0,0.0,0.5,0.5,1.0,1.5,0.3,0.5,0.3,0.0,0.3,0.0,2.0,4.0,7.6,0,0,6.2,104,73,164,41,173,147,155,49,164,163,164,162,165,162,125,184,168,81,157,100,85,148,185,188,167,32,141,48,7,156,CLE
1642261,Dalton Knecht,Dalton,1610612747,LAL,24.0,2,0,2,0.0,1.8,1.0,2.5,0.4,0.5,2.0,0.25,0.0,0.0,0.0,1.0,0.5,1.5,0.0,0.0,0.0,0.0,0.0,0.0,0.0,2.5,0.5,4.3,0,0,4.5,199,180,164,180,212,147,147,140,118,112,135,162,165,162,64,184,148,192,189,165,160,148,196,188,156,87,175,48,7,170,LAL
203081,Damian Lillard,Damian,1610612749,MIL,34.0,3,1,2,0.333,24.9,2.0,9.0,0.222,1.0,5.3,0.188,2.0,2.3,0.857,0.3,2.3,2.7,4.7,1.0,0.7,0.7,0.0,2.7,3.0,7.0,2.0,20.2,0,0,18.0,176,139,164,132,81,106,65,193,90,39,154,53,61,42,150,88,105,25,85,75,46,148,41,40,98,58,79,48,7,87,MIL
1629636,Darius Garland,Darius,1610612739,CLE,25.0,5,3,2,0.6,29.6,5.8,13.8,0.42,2.0,7.0,0.286,4.4,4.8,0.917,0.2,2.0,2.2,5.2,3.0,0.4,0.0,0.2,3.4,3.8,18.0,-3.0,26.6,0,0,28.2,115,88,164,51,64,38,33,124,29,18,127,15,23,28,166,100,123,18,13,120,160,115,16,24,30,154,50,48,7,44,CLE
1630558,Davion Mitchell,Davion,1610612748,MIA,26.0,4,0,4,0.0,35.5,6.3,10.3,0.61,1.8,3.5,0.5,0.8,1.8,0.429,0.5,1.8,2.3,6.3,2.0,0.8,0.3,0.3,2.8,2.0,15.0,-20.8,28.1,0,0,27.3,153,180,65,180,33,31,57,28,44,75,17,100,73,154,125,118,121,8,31,66,102,101,36,63,47,218,47,48,7,47,MIA
1629631,De'Andre Hunter,De'Andre,1610612739,CLE,27.0,8,5,3,0.625,23.2,3.4,7.9,0.429,1.5,3.3,0.462,2.8,3.3,0.846,0.8,2.9,3.6,1.0,0.9,0.5,0.1,0.3,2.1,3.4,11.0,7.1,17.9,0,0,18.4,72,55,146,46,88,81,75,117,62,82,29,41,47,50,96,74,79,108,102,100,141,101,73,33,72,10,91,48,7,86,CLE
201599,DeAndre Jordan,DeAndre,1610612743,DEN,36.0,7,3,4,0.429,5.1,0.4,0.4,1.0,0.0,0.0,0.0,0.0,0.6,0.0,0.1,1.1,1.3,0.3,0.3,0.0,0.1,0.0,1.3,0.7,0.9,-1.9,3.0,0,0,2.7,86,88,65,101,178,184,212,1,164,190,164,162,142,162,176,140,159,177,172,165,138,148,130,129,201,140,189,48,7,194,DEN
1629731,Dean Wade,Dean,1610612739,CLE,28.0,9,5,4,0.556,15.7,0.7,2.0,0.333,0.3,1.6,0.214,0.0,0.0,0.0,1.1,3.1,4.2,0.7,0.3,0.3,0.1,0.0,1.1,0.1,1.7,2.0,8.7,0,0,7.8,63,55,65,64,120,175,155,174,139,123,146,162,165,162,59,68,68,137,157,130,148,148,136,187,179,58,135,48,7,134,CLE
1626153,Delon Wright,Delon,1610612752,NYK,33.0,6,2,4,0.333,8.0,0.3,1.5,0.222,0.2,1.0,0.167,0.3,0.3,1.0,0.2,0.2,0.3,0.8,0.2,0.5,0.2,0.0,0.0,0.3,1.2,1.8,4.7,0,0,3.8,104,121,65,132,154,192,180,193,159,142,156,137,155,1,171,203,199,123,184,100,133,148,196,163,191,63,169,48,7,178,NYK
203471,Dennis Schröder,Dennis,1610612765,DET,31.0,6,2,4,0.333,27.4,4.3,8.8,0.491,1.7,3.5,0.476,2.2,2.7,0.813,0.7,1.7,2.3,3.7,1.2,1.2,0.2,0.2,2.0,1.8,12.5,-2.3,23.6,0,0,22.8,104,121,65,132,73,58,69,63,52,75,25,51,54,66,103,120,116,36,79,29,133,129,77,70,58,149,64,48,7,64,DET
1627884,Derrick Jones Jr.,Derrick,1610612746,LAC,28.0,7,3,4,0.429,18.5,3.0,6.9,0.438,0.9,2.9,0.3,0.4,1.1,0.375,0.7,1.1,1.9,0.3,0.4,0.6,1.3,0.0,0.4,1.3,7.3,0.0,15.1,0,0,14.0,86,88,65,101,108,88,87,110,99,94,121,132,95,157,101,140,135,177,145,92,10,148,180,89,95,97,105,48,7,106,LAC
1628401,Derrick White,Derrick,1610612738,BOS,30.0,11,6,5,0.545,37.8,6.2,13.4,0.463,3.6,9.5,0.385,2.8,3.3,0.861,1.3,3.8,5.1,3.5,1.2,0.6,1.1,0.4,2.0,3.4,18.8,1.9,34.2,1,0,34.5,51,46,35,77,20,32,36,88,4,4,58,39,46,40,50,52,52,39,76,83,18,85,77,34,23,62,29,30,7,25,BOS
1630217,Desmond Bane,Desmond,1610612763,MEM,26.0,4,0,4,0.0,34.8,5.0,15.8,0.317,1.8,8.0,0.219,3.5,3.8,0.933,1.3,5.5,6.8,3.3,3.8,0.8,0.5,1.3,2.3,2.3,15.3,-16.5,28.2,1,0,29.5,153,180,65,180,36,51,23,182,44,12,145,27,36,25,51,22,29,46,5,66,61,14,62,59,44,214,46,30,7,40,MEM
1628415,Dillon Brooks,Dillon,1610612745,HOU,29.0,7,3,4,0.429,29.4,4.0,9.0,0.444,1.4,4.1,0.345,2.9,3.4,0.833,1.3,1.9,3.1,1.3,1.3,0.7,0.3,0.4,3.9,1.9,12.3,1.4,19.7,0,0,20.1,86,88,65,101,65,66,65,101,68,61,90,38,42,54,48,114,93,96,69,73,93,75,6,69,60,71,80,48,7,79,HOU
1641794,Dillon Jones,Dillon,1610612760,OKC,23.0,8,6,2,0.75,4.8,0.9,1.1,0.778,0.4,0.5,0.75,0.3,0.3,1.0,0.3,0.6,0.9,0.5,0.6,0.1,0.1,0.0,0.3,0.1,2.4,-1.5,4.3,0,0,4.6,72,46,164,13,182,163,189,15,135,163,9,147,160,1,162,177,177,147,119,161,141,148,192,185,159,131,175,48,7,167,OKC
1628378,Donovan Mitchell,Donovan,1610612739,CLE,28.0,9,5,4,0.556,32.0,9.6,21.6,0.443,3.1,9.3,0.333,7.3,9.9,0.742,1.2,3.4,4.7,3.9,1.9,1.9,0.3,1.6,2.0,6.6,29.6,5.0,45.8,0,0,45.7,63,55,65,64,54,6,6,107,9,6,94,4,2,100,53,61,61,33,36,6,85,3,77,7,4,27,11,48,7,9,CLE
1628978,Donte DiVincenzo,Donte,1610612750,MIN,28.0,15,9,6,0.6,25.2,3.1,8.4,0.365,1.9,5.9,0.318,0.7,0.9,0.769,0.8,2.3,3.1,3.3,1.9,1.4,0.3,0.2,3.0,1.1,8.7,-4.1,20.5,0,0,20.3,27,28,24,51,79,86,72,164,38,31,110,106,115,87,89,91,94,42,38,17,101,115,28,95,84,167,78,48,7,78,MIN
1627827,Dorian Finney-Smith,Dorian,1610612747,LAL,32.0,5,1,4,0.2,33.9,2.4,5.8,0.414,1.4,3.8,0.368,0.0,0.0,0.0,2.0,2.2,4.2,2.6,1.0,0.2,0.4,0.6,3.4,0.4,6.2,-2.0,15.9,0,0,15.6,115,139,65,154,41,99,101,133,71,71,71,162,165,162,24,96,69,54,85,150,76,55,16,156,103,142,100,48,7,96,LAL
203110,Draymond Green,Draymond,1610612744,GSW,35.0,12,5,7,0.417,32.4,3.5,9.0,0.389,1.3,5.0,0.267,0.8,1.1,0.692,0.8,4.8,5.5,3.8,3.0,1.4,0.9,0.5,3.7,2.3,9.1,-1.9,25.4,0,0,24.4,44,55,8,118,50,79,65,150,76,46,132,100,99,113,96,34,43,35,13,16,27,67,9,59,81,141,55,48,7,58,GSW
1629234,Drew Eubanks,Drew,1610612746,LAC,28.0,3,1,2,0.333,4.4,0.0,0.7,0.0,0.0,0.0,0.0,1.3,2.0,0.667,0.0,0.3,0.3,0.0,0.0,0.0,0.0,0.3,0.7,1.3,1.3,6.0,1.7,0,0,1.7,176,139,164,132,186,203,200,203,164,190,164,72,64,119,180,193,199,192,189,165,160,86,162,86,185,20,204,48,7,205,LAC
1629130,Duncan Robinson,Duncan,1610612748,MIA,31.0,4,0,4,0.0,14.7,1.3,3.5,0.357,1.0,3.0,0.333,0.8,1.0,0.75,0.0,1.0,1.0,0.3,1.5,0.0,0.0,0.0,1.5,0.8,4.3,-9.8,4.3,0,0,6.5,153,180,65,180,123,139,125,168,90,89,94,100,101,91,180,143,168,180,58,165,160,148,118,124,131,201,174,48,7,152,MIA
1630596,Evan Mobley,Evan,1610612739,CLE,23.0,8,5,3,0.625,32.1,6.4,10.9,0.586,1.8,3.9,0.452,2.6,3.1,0.84,2.6,5.5,8.1,1.6,1.4,1.1,1.0,0.4,1.3,2.4,17.1,1.4,34.3,3,0,32.9,72,55,146,46,52,29,53,32,44,69,32,44,49,53,14,22,18,77,68,37,19,84,131,54,34,73,28,12,7,29,CLE
1630532,Franz Wagner,Franz,1610612753,ORL,23.0,5,1,4,0.2,38.9,10.2,23.0,0.443,1.4,7.4,0.189,4.0,5.2,0.769,0.6,4.2,4.8,5.6,2.0,1.2,0.4,1.4,3.2,3.8,25.8,-9.2,42.8,0,0,40.8,115,139,65,154,14,4,2,106,71,15,153,19,17,87,110,45,58,10,31,28,76,6,23,24,9,200,16,48,7,14,ORL
1627832,Fred VanVleet,Fred,1610612745,HOU,31.0,7,3,4,0.429,40.0,5.7,13.3,0.43,3.9,8.9,0.435,3.4,3.4,1.0,0.4,3.7,4.1,4.4,1.9,1.0,0.3,0.6,2.3,3.4,18.7,3.0,32.3,0,0,33.7,86,88,65,101,7,42,37,116,3,8,36,31,42,1,141,57,70,27,40,39,93,62,60,31,25,43,32,48,7,27,HOU
1629216,Gabe Vincent,Gabe,1610612747,LAL,28.0,5,1,4,0.2,19.7,1.0,2.8,0.357,0.8,2.6,0.308,0.0,0.0,0.0,0.0,1.0,1.0,1.0,0.2,0.2,0.4,0.0,1.6,1.0,2.8,-0.6,7.1,0,0,6.8,115,139,65,154,103,147,138,168,105,102,118,162,165,162,180,143,168,108,180,150,76,148,111,96,148,108,147,48,7,147,LAL
203914,Gary Harris,Gary,1610612753,ORL,30.0,5,1,4,0.2,16.5,0.6,1.6,0.375,0.2,1.2,0.167,0.0,0.0,0.0,0.2,0.8,1.0,0.6,0.0,0.6,0.2,0.2,1.4,0.0,1.4,-6.4,5.9,0,0,4.8,115,139,65,154,114,181,176,156,152,135,156,162,165,162,166,157,168,142,189,87,118,115,126,188,183,187,161,48,7,166,ORL
1627780,Gary Payton II,Gary,1610612744,GSW,32.0,11,4,7,0.364,16.4,1.9,4.3,0.447,0.8,2.1,0.391,0.0,0.0,0.0,0.9,1.3,2.2,1.5,0.5,0.9,0.0,0.2,1.9,0.5,4.6,-4.9,11.6,0,0,10.9,51,73,8,130,117,116,116,100,103,111,54,162,165,162,84,137,126,85,129,56,160,126,88,141,123,176,118,48,7,120,GSW
1629018,Gary Trent Jr.,Gary,1610612749,MIL,26.0,5,1,4,0.2,34.2,6.4,12.4,0.516,4.4,8.8,0.5,1.6,2.0,0.8,0.2,2.0,2.2,1.2,0.6,2.6,0.0,0.6,1.8,1.0,18.8,-3.6,30.4,0,0,31.8,115,139,65,154,39,28,40,45,1,9,17,66,64,69,166,100,123,99,121,1,160,55,96,96,24,162,38,48,7,31,MIL
203507,Giannis Antetokounmpo,Giannis,1610612749,MIL,30.0,5,1,4,0.2,37.6,12.0,19.8,0.606,0.2,1.0,0.2,8.8,12.6,0.698,3.8,11.6,15.4,6.6,4.6,1.0,1.0,1.4,2.4,10.2,33.0,-7.0,62.8,5,1,59.2,115,139,65,154,21,1,10,30,152,142,148,1,1,111,4,1,1,7,2,39,19,6,52,1,1,188,1,6,2,1,MIL
1629048,Goga Bitadze,Goga,1610612753,ORL,25.0,3,0,3,0.0,3.8,0.3,0.3,1.0,0.0,0.0,0.0,0.0,0.0,0.0,0.0,1.0,1.0,0.3,0.0,0.0,0.3,0.0,2.0,0.3,0.7,-1.7,3.4,0,0,2.7,176,180,146,180,198,192,214,1,164,190,164,162,165,162,180,143,168,167,189,165,85,148,77,163,204,137,183,48,7,195,ORL
1630611,Gui Santos,Gui,1610612744,GSW,22.0,10,4,6,0.4,7.2,0.9,1.7,0.529,0.4,1.0,0.4,0.4,0.6,0.667,0.3,0.9,1.2,0.8,0.6,0.3,0.1,0.1,1.0,0.4,2.6,1.2,5.8,0,0,5.8,61,73,24,124,162,162,174,41,128,142,45,133,138,119,158,154,162,124,121,139,154,145,137,156,153,75,162,48,7,160,GSW
1629312,Haywood Highsmith,Haywood,1610612748,MIA,28.0,4,0,4,0.0,20.9,2.8,4.8,0.579,1.8,3.8,0.467,0.0,0.0,0.0,1.0,2.3,3.3,1.0,1.0,0.8,0.5,0.0,2.8,0.3,7.3,-15.8,15.4,0,0,15.8,153,180,65,180,96,93,108,35,44,72,26,162,165,162,64,92,90,108,85,66,61,148,36,175,96,213,103,48,7,95,MIA
1641816,Hunter Tyson,Hunter,1610612743,DEN,24.0,5,2,3,0.4,6.0,1.0,2.0,0.5,0.2,1.0,0.2,0.8,0.8,1.0,0.8,0.8,1.6,0.4,0.2,0.2,0.0,0.0,0.6,0.6,3.0,-1.0,5.9,0,0,5.6,115,121,146,124,171,147,155,49,152,142,148,95,117,1,89,157,146,162,180,150,160,148,165,134,143,120,159,48,7,161,DEN
1630171,Isaac Okoro,Isaac,1610612739,CLE,24.0,9,5,4,0.556,14.2,1.7,3.3,0.5,0.7,1.8,0.375,0.6,0.9,0.625,0.4,0.8,1.2,0.6,0.4,0.7,0.1,0.2,1.4,0.4,4.6,5.0,8.7,0,0,8.6,63,55,65,64,125,127,126,49,111,120,64,124,113,130,138,163,161,146,143,75,148,112,124,155,124,27,134,48,7,131,CLE
1628392,Isaiah Hartenstein,Isaiah,1610612760,OKC,27.0,18,13,5,0.722,23.4,4.1,6.6,0.619,0.0,0.0,0.0,0.7,1.1,0.684,2.7,5.2,7.9,2.2,1.2,0.8,0.6,0.3,2.7,1.3,8.8,3.2,24.6,2,0,21.7,1,1,35,21,87,65,92,27,164,190,164,104,100,118,12,27,19,63,79,60,57,86,41,86,82,42,60,21,7,69,OKC
1630198,Isaiah Joe,Isaiah,1610612760,OKC,25.0,18,13,5,0.722,10.4,1.7,3.7,0.47,1.1,2.8,0.38,0.5,0.6,0.818,0.4,1.1,1.5,0.7,0.3,0.3,0.1,0.1,0.4,0.8,5.0,2.3,8.9,0,0,9.2,1,1,35,21,138,123,124,84,89,96,62,128,137,64,148,142,148,135,157,130,148,142,179,122,115,56,132,48,7,128,OKC
1630191,Isaiah Stewart,Isaiah,1610612765,DET,24.0,1,0,1,0.0,18.9,1.0,2.0,0.5,0.0,0.0,0.0,0.0,0.0,0.0,1.0,4.0,5.0,1.0,0.0,0.0,2.0,0.0,5.0,0.0,2.0,8.0,15.5,0,0,12.0,212,180,197,180,105,147,155,49,164,190,164,162,165,162,64,48,53,108,189,165,3,148,1,188,167,6,101,48,7,116,DET
1627826,Ivica Zubac,Ivica,1610612746,LAC,28.0,7,3,4,0.429,36.6,7.7,11.7,0.659,0.0,0.0,0.0,2.0,3.7,0.538,3.9,6.3,10.1,2.3,1.6,0.7,1.0,0.4,2.7,3.6,17.4,-2.6,36.6,4,0,33.3,86,88,65,101,25,20,46,23,164,190,164,53,38,137,3,17,9,61,52,73,19,75,40,29,33,152,24,10,7,28,LAC
1631120,JD Davison,JD,1610612738,BOS,22.0,4,3,1,0.75,3.3,0.3,2.0,0.125,0.3,0.5,0.5,0.3,0.5,0.5,0.3,0.5,0.8,0.8,0.3,0.0,0.0,0.0,0.0,0.5,1.0,-1.0,2.8,0,0,2.8,153,88,197,13,203,198,155,200,150,163,17,147,143,140,162,184,181,130,173,165,160,148,196,144,193,120,194,48,7,193,BOS
1629630,Ja Morant,Ja,1610612763,MEM,25.0,3,0,3,0.0,27.3,7.3,17.7,0.415,1.3,5.3,0.25,2.3,3.7,0.636,0.3,1.7,2.0,5.0,2.0,0.7,0.7,1.3,1.0,3.7,18.3,-5.3,30.2,0,0,29.3,176,180,146,180,74,23,15,132,76,39,135,47,39,128,150,120,128,22,31,75,46,10,137,28,28,179,41,48,7,41,MEM
1631095,Jabari Smith Jr.,Jabari,1610612745,HOU,22.0,7,3,4,0.429,20.5,2.4,4.9,0.5,1.4,3.1,0.455,1.1,1.4,0.8,1.0,2.9,3.9,0.6,1.4,0.1,0.7,0.1,0.9,1.3,7.4,-1.3,14.1,0,0,15.0,86,88,65,101,99,97,106,49,68,86,31,85,84,69,64,75,75,144,64,160,43,135,153,89,94,129,109,48,7,101,HOU
1630183,Jaden McDaniels,Jaden,1610612750,MIN,24.0,15,9,6,0.6,33.1,5.8,11.3,0.515,1.4,3.7,0.382,1.7,1.9,0.893,1.8,3.8,5.6,1.5,1.2,1.3,0.9,0.5,3.3,1.7,14.7,5.1,28.9,2,0,27.5,27,28,24,51,44,38,50,46,71,74,60,65,71,30,27,53,42,80,73,24,29,66,19,76,49,26,43,21,7,46,MIN
1631170,Jaime Jaquez Jr.,Jaime,1610612748,MIA,24.0,3,0,3,0.0,6.5,0.3,2.0,0.167,0.0,0.7,0.0,0.7,0.7,1.0,1.0,0.3,1.3,0.3,0.3,0.0,0.0,0.3,0.3,1.0,1.3,-6.0,3.1,0,0,3.0,176,180,146,180,169,192,155,198,164,156,164,106,127,1,64,193,158,167,157,165,160,86,185,96,185,183,188,48,7,190,MIA
1628973,Jalen Brunson,Jalen,1610612752,NYK,28.0,18,10,8,0.556,37.8,10.1,21.8,0.461,2.7,7.4,0.358,6.7,7.8,0.851,0.7,2.8,3.4,7.0,3.1,0.4,0.3,0.9,3.3,7.2,29.4,0.1,43.2,3,0,44.0,1,21,1,64,19,5,5,90,16,13,76,5,7,47,103,77,87,5,12,113,97,31,22,2,5,95,14,12,7,11,NYK
1631105,Jalen Duren,Jalen,1610612765,DET,21.0,6,2,4,0.333,33.9,4.3,6.7,0.65,0.0,0.0,0.0,3.2,3.8,0.826,4.3,6.3,10.7,3.5,1.7,0.3,1.7,0.8,4.3,2.5,11.8,-4.7,34.2,1,0,30.0,104,121,65,132,42,58,90,24,164,190,164,33,35,60,1,14,8,40,48,130,7,35,3,50,63,171,30,30,7,35,DET
1630224,Jalen Green,Jalen,1610612745,HOU,23.0,7,3,4,0.429,31.3,4.6,12.3,0.372,1.9,6.3,0.295,2.3,3.4,0.667,0.4,5.0,5.4,2.9,1.4,0.6,0.3,1.1,0.9,2.4,13.3,3.3,25.2,0,0,25.1,86,88,65,101,58,57,41,161,39,25,123,48,42,119,141,28,46,50,64,92,93,18,153,52,54,40,57,48,7,57,HOU
1629618,Jalen Pickett,Jalen,1610612743,DEN,25.0,8,4,4,0.5,7.2,0.6,1.9,0.333,0.4,1.1,0.333,0.0,0.0,0.0,0.0,0.9,0.9,0.6,0.8,0.0,0.1,0.1,0.4,0.1,1.6,-6.1,3.2,0,0,3.8,72,73,65,84,163,180,170,174,135,141,94,162,165,162,180,155,177,141,110,165,141,138,184,185,181,185,186,48,7,180,DEN
1631114,Jalen Williams,Jalen,1610612760,OKC,24.0,18,13,5,0.722,34.6,7.4,16.8,0.444,1.6,5.2,0.309,3.7,4.6,0.795,1.1,4.5,5.6,5.3,1.6,1.6,0.5,1.3,1.9,3.3,20.2,7.3,39.5,1,0,36.8,1,1,35,21,37,22,18,105,55,43,117,23,26,77,59,37,40,15,54,14,61,10,89,37,21,9,17,30,7,22,OKC
1627750,Jamal Murray,Jamal,1610612743,DEN,28.0,14,7,7,0.5,41.3,7.9,17.9,0.444,2.4,6.9,0.354,3.5,4.0,0.875,0.6,4.2,4.9,5.2,3.1,1.2,0.8,1.4,2.2,3.9,21.8,2.1,38.3,0,0,38.3,36,39,8,84,2,15,13,104,21,21,82,27,32,37,107,44,57,17,11,26,36,8,66,22,16,57,21,48,7,19,DEN
201935,James Harden,James,1610612746,LAC,35.0,7,3,4,0.429,39.4,6.3,14.4,0.436,2.3,6.3,0.364,3.9,4.7,0.818,0.6,4.9,5.4,9.1,3.0,1.3,1.0,0.9,2.3,3.4,18.7,-3.3,42.8,2,0,40.1,86,88,65,101,9,30,31,112,24,25,74,21,25,64,119,31,46,2,13,20,19,32,60,31,25,158,15,21,7,17,LAC
201949,James Johnson,James,1610612754,IND,38.0,4,2,2,0.5,4.0,0.8,1.0,0.75,0.0,0.3,0.0,0.3,0.5,0.5,0.0,0.3,0.3,0.5,0.3,0.5,0.5,0.0,0.8,0.3,1.8,-1.8,5.6,0,0,4.5,153,121,164,84,196,170,190,16,164,181,164,147,143,140,180,201,206,147,173,100,61,148,157,175,176,138,165,48,7,170,IND
1641716,Jarace Walker,Jarace,1610612754,IND,21.0,12,9,3,0.75,9.7,1.1,2.8,0.382,0.7,1.7,0.4,0.2,0.3,0.5,0.2,1.6,1.8,0.7,0.6,0.2,0.2,0.0,0.8,0.5,3.0,-0.7,6.5,0,0,6.8,44,28,146,13,144,146,135,152,111,121,45,158,155,140,171,129,140,137,126,158,133,148,155,144,143,110,150,48,7,149,IND
1628991,Jaren Jackson Jr.,Jaren,1610612763,MEM,25.0,4,0,4,0.0,34.2,5.5,14.5,0.379,0.8,2.8,0.273,4.3,5.0,0.85,2.3,2.8,5.0,1.5,2.8,1.0,0.5,1.5,3.5,4.0,16.0,-14.0,26.0,0,0,26.3,153,180,65,180,38,47,28,153,107,97,129,18,20,48,20,79,53,81,19,39,61,4,13,19,38,211,53,48,7,53,MEM
1629020,Jarred Vanderbilt,Jarred,1610612747,LAL,26.0,5,1,4,0.2,12.0,0.4,1.2,0.333,0.0,0.2,0.0,0.6,0.8,0.75,0.8,3.0,3.8,1.0,0.6,0.6,0.2,0.2,1.8,0.8,1.4,-0.6,9.3,0,0,7.8,115,139,65,154,135,186,185,174,164,183,164,115,117,91,89,69,77,108,121,87,118,115,96,118,183,108,129,48,7,133,LAL
1628386,Jarrett Allen,Jarrett,1610612739,CLE,27.0,9,5,4,0.556,29.0,4.9,6.8,0.721,0.0,0.0,0.0,3.7,3.9,0.943,2.3,6.1,8.4,1.3,1.9,1.4,0.9,0.7,1.7,2.6,13.4,8.1,30.7,5,0,27.9,63,55,65,64,67,52,88,19,164,190,164,23,33,24,19,18,13,89,36,15,28,44,104,49,53,5,37,6,7,45,CLE
1629750,Javonte Green,Javonte,1610612739,CLE,31.0,6,4,2,0.667,6.6,0.7,1.7,0.4,0.2,0.8,0.2,1.0,1.0,1.0,0.2,1.3,1.5,0.3,0.3,0.7,0.0,0.3,0.3,0.5,2.5,3.0,6.5,0,0,5.8,104,73,164,41,168,175,175,140,159,153,148,89,101,1,171,135,148,167,157,75,160,86,185,144,156,43,151,48,7,159,CLE
1629637,Jaxson Hayes,Jaxson,1610612747,LAL,25.0,4,1,3,0.25,7.6,0.8,2.0,0.375,0.0,0.0,0.0,0.3,0.5,0.5,1.3,0.8,2.0,0.3,0.3,0.0,0.3,0.0,2.0,0.3,1.8,-4.3,5.0,0,0,4.5,153,139,146,150,158,170,155,156,164,190,164,147,143,140,51,164,128,180,173,165,102,148,77,175,176,169,167,48,7,170,LAL
1630643,Jay Huff,Jay,1610612763,MEM,27.0,2,0,2,0.0,9.0,1.0,2.0,0.5,0.0,0.5,0.0,2.0,2.0,1.0,0.5,1.0,1.5,0.5,0.5,0.0,1.5,0.0,0.5,1.5,4.0,-3.5,10.6,0,0,9.0,199,180,164,180,148,147,155,49,164,163,164,53,64,1,125,143,148,147,131,165,8,148,170,80,135,160,124,48,7,129,MEM
1627759,Jaylen Brown,Jaylen,1610612738,BOS,28.0,11,6,5,0.545,36.6,7.8,17.7,0.441,1.9,5.7,0.333,4.5,6.0,0.758,1.2,5.9,7.1,3.9,3.5,1.0,0.3,1.3,3.2,5.0,22.1,5.5,36.7,3,0,37.5,51,46,35,77,26,17,14,109,37,32,94,14,12,90,56,21,25,32,6,39,99,13,25,11,15,25,23,12,7,20,BOS
1641740,Jaylen Clark,Jaylen,1610612750,MIN,23.0,5,3,2,0.6,5.7,0.8,1.0,0.8,0.0,0.2,0.0,0.6,0.8,0.75,0.4,1.0,1.4,0.2,0.2,0.4,0.0,0.0,0.4,0.8,2.2,0.0,5.2,0,0,4.6,115,88,164,51,175,168,190,14,164,183,164,115,117,91,143,143,153,184,180,120,160,148,181,118,163,97,166,48,7,168,MIN
1631119,Jaylin Williams,Jaylin,1610612760,OKC,22.0,15,11,4,0.733,8.5,0.9,2.1,0.406,0.5,1.5,0.318,0.3,0.6,0.556,0.3,1.5,1.8,1.1,0.8,0.5,0.1,0.1,1.9,0.5,2.5,-0.9,7.3,0,0,7.1,27,19,65,20,150,164,154,136,125,127,110,137,138,136,161,130,136,106,105,112,139,147,87,142,155,117,144,48,7,143,OKC
1642281,Jaylon Tyson,Jaylon,1610612739,CLE,22.0,4,3,1,0.75,7.7,1.8,3.8,0.467,1.3,2.3,0.556,1.3,1.5,0.833,0.8,1.0,1.8,1.8,0.5,0.5,0.3,0.3,1.0,1.0,6.0,6.8,12.5,0,0,12.3,153,88,197,13,157,122,121,87,81,108,14,79,81,54,96,143,140,71,131,100,102,101,137,96,104,13,115,48,7,115,CLE
1628369,Jayson Tatum,Jayson,1610612738,BOS,27.0,8,4,4,0.5,40.2,9.3,21.9,0.423,3.6,9.8,0.372,6.0,6.8,0.889,1.1,10.4,11.5,5.4,3.3,2.1,0.8,0.6,2.6,4.5,28.1,9.6,55.4,5,0,54.4,72,73,65,84,6,10,4,123,5,3,69,7,11,34,58,3,5,14,10,2,40,52,45,15,7,1,3,6,7,3,BOS
201145,Jeff Green,Jeff,1610612745,HOU,38.0,3,3,0,1.0,1.8,0.3,1.0,0.333,0.3,0.3,1.0,0.0,0.0,0.0,0.3,0.0,0.3,0.0,0.0,0.0,0.0,0.3,0.0,0.0,1.0,-5.3,1.4,0,0,1.7,176,88,211,1,216,192,190,174,139,173,1,162,165,162,150,204,199,192,189,165,160,86,196,188,193,179,206,48,7,205,HOU
1630579,Jericho Sims,Jericho,1610612749,MIL,26.0,5,1,4,0.2,11.5,1.2,1.2,1.0,0.0,0.0,0.0,0.4,0.6,0.667,2.2,1.8,4.0,0.2,1.0,0.0,0.2,0.0,1.0,0.6,2.8,-0.2,7.5,0,0,7.4,115,139,65,154,136,142,185,1,164,190,164,133,138,119,21,117,72,184,85,165,118,148,137,134,148,100,142,48,7,139,MIL
1641724,Jett Howard,Jett,1610612753,ORL,21.0,1,0,1,0.0,3.8,2.0,2.0,1.0,2.0,2.0,1.0,0.0,0.0,0.0,0.0,0.0,0.0,0.0,0.0,0.0,0.0,0.0,1.0,0.0,6.0,1.0,6.0,0,0,8.0,212,180,197,180,197,106,155,1,29,112,1,162,165,162,180,204,208,192,189,165,160,148,137,188,104,79,156,48,7,132,ORL
202710,Jimmy Butler III,Jimmy,1610612744,GSW,35.0,11,4,7,0.364,36.0,6.2,13.8,0.447,1.0,3.3,0.306,5.8,7.3,0.8,2.4,4.3,6.6,5.2,1.2,1.3,0.3,1.1,1.7,5.4,19.2,-4.8,38.4,1,0,35.1,51,73,8,130,28,32,32,99,90,81,120,9,8,69,18,43,30,19,76,23,99,21,101,10,22,175,20,30,7,24,GSW
1629111,Jock Landale,Jock,1610612745,HOU,29.0,1,1,0,1.0,4.9,1.0,2.0,0.5,0.0,0.0,0.0,0.0,0.0,0.0,0.0,0.0,0.0,0.0,0.0,0.0,0.0,1.0,0.0,0.0,2.0,-12.0,2.0,0,0,2.0,212,139,211,1,180,147,155,49,164,190,164,162,165,162,180,204,208,192,189,165,160,23,196,188,167,206,201,48,7,200,HOU
1629723,John Konchar,John,1610612763,MEM,29.0,4,0,4,0.0,17.2,0.8,2.3,0.333,0.3,1.5,0.167,1.0,1.0,1.0,0.8,2.5,3.3,1.5,0.5,0.5,0.5,0.0,2.0,1.0,2.8,-12.5,11.4,0,0,9.8,153,180,65,180,112,170,153,174,150,124,156,89,101,1,96,82,90,81,131,100,61,148,77,96,151,208,120,48,7,123,MEM
1642277,Johnny Furphy,Johnny,1610612754,IND,20.0,8,4,4,0.5,3.3,0.0,0.4,0.0,0.0,0.3,0.0,0.0,0.0,0.0,0.1,0.6,0.8,0.1,0.0,0.0,0.1,0.1,0.8,0.0,0.0,-0.9,1.5,0,0,1.1,72,73,65,84,202,203,213,203,164,181,164,162,165,162,178,177,181,191,189,165,141,138,157,188,206,118,205,48,7,208,IND
1628371,Jonathan Isaac,Jonathan,1610612753,ORL,27.0,5,1,4,0.2,13.8,1.4,2.4,0.583,0.2,0.8,0.25,0.6,1.0,0.6,1.0,1.0,2.0,0.4,0.4,0.4,0.2,0.0,0.6,1.0,3.6,-2.2,8.0,0,0,7.4,115,139,65,154,127,134,149,33,152,154,135,115,101,132,64,143,128,162,147,120,118,148,165,96,139,147,138,48,7,139,ORL
1630228,Jonathan Kuminga,Jonathan,1610612744,GSW,22.0,8,3,5,0.375,23.4,5.6,11.6,0.484,1.3,3.1,0.4,2.8,3.9,0.71,0.9,1.6,2.5,1.3,1.6,0.5,0.5,1.1,1.6,2.8,15.3,-6.1,21.5,0,0,22.3,72,88,35,129,86,44,48,70,81,87,45,41,34,106,85,122,108,98,50,100,61,19,109,45,44,185,72,48,7,66,GSW
1630692,Jordan Goodwin,Jordan,1610612747,LAL,26.0,4,1,3,0.25,7.8,0.3,1.3,0.2,0.0,0.5,0.0,0.3,0.5,0.5,0.5,0.8,1.3,0.5,0.3,0.3,0.3,0.0,1.8,0.8,0.8,3.0,4.3,0,0,3.5,153,139,146,150,156,198,184,196,164,163,164,147,143,140,125,164,160,147,173,141,102,148,99,124,203,43,177,48,7,182,LAL
1641757,Jordan Miller,Jordan,1610612746,LAC,25.0,3,1,2,0.333,4.4,1.0,2.3,0.429,0.0,0.3,0.0,0.3,0.7,0.5,0.0,0.7,0.7,1.3,0.0,1.0,0.0,0.7,0.0,0.3,2.3,6.0,8.1,0,0,6.3,176,139,164,132,186,147,150,117,164,173,164,137,127,140,180,169,183,89,189,39,160,44,196,163,161,20,137,48,7,153,LAC
1641775,Jordan Walsh,Jordan,1610612738,BOS,21.0,5,4,1,0.8,3.1,0.0,0.2,0.0,0.0,0.2,0.0,0.0,0.0,0.0,0.0,0.2,0.2,0.2,0.0,0.0,0.0,0.0,0.0,0.2,0.0,-1.6,0.5,0,0,0.4,115,73,197,11,206,203,217,203,164,183,164,162,165,162,180,202,207,184,189,165,160,148,196,180,206,135,212,48,7,213,BOS
1628404,Josh Hart,Josh,1610612752,NYK,30.0,18,10,8,0.556,35.7,3.8,8.0,0.472,1.1,3.0,0.37,2.9,3.7,0.776,2.4,6.3,8.8,4.4,1.9,1.1,0.6,1.0,3.4,3.1,11.6,0.3,31.8,6,1,29.2,1,21,1,64,30,74,73,81,88,89,70,37,37,82,15,14,11,26,35,38,57,23,14,39,67,94,34,4,2,42,NYK
1631169,Josh Minott,Josh,1610612750,MIN,22.0,5,3,2,0.6,4.5,0.4,1.6,0.25,0.2,1.2,0.167,0.0,0.0,0.0,0.0,0.0,0.0,0.4,0.4,0.0,0.2,0.0,0.2,0.4,1.0,-0.2,1.8,0,0,2.0,115,88,164,51,184,186,176,189,152,135,156,162,165,162,180,204,208,162,147,165,118,148,194,156,193,100,203,48,7,200,MIN
201950,Jrue Holiday,Jrue,1610612738,BOS,34.0,8,4,4,0.5,33.0,3.6,7.5,0.483,1.1,3.3,0.346,1.1,1.6,0.692,1.5,2.6,4.1,4.0,2.0,0.9,0.1,0.6,3.1,1.8,9.5,1.3,21.5,0,0,20.8,72,73,65,84,47,77,78,72,87,82,89,86,79,113,35,81,71,31,31,58,141,52,27,75,78,74,73,48,7,73,BOS
1631124,Julian Strawther,Julian,1610612743,DEN,23.0,9,4,5,0.444,9.7,1.4,3.3,0.433,0.7,1.3,0.5,0.7,0.8,0.857,0.4,0.6,1.0,0.2,0.6,0.2,0.1,0.1,1.2,0.7,4.2,-4.1,6.2,0,0,6.8,63,73,35,99,143,132,126,115,111,130,17,106,122,42,138,183,168,182,128,149,148,142,133,132,132,166,155,48,7,148,DEN
203944,Julius Randle,Julius,1610612750,MIN,30.0,15,9,6,0.6,35.6,7.7,15.3,0.502,2.0,5.2,0.385,4.4,5.0,0.88,1.8,4.1,5.9,4.9,3.3,0.8,0.1,0.9,3.0,4.2,21.7,2.7,35.7,2,1,36.4,27,28,24,51,31,21,24,48,29,44,58,15,20,36,27,47,36,23,9,61,139,29,28,17,17,51,26,21,2,23,MIN
1626157,Karl-Anthony Towns,Karl-Anthony,1610612752,NYK,29.0,18,10,8,0.556,35.5,7.7,15.8,0.488,1.4,4.1,0.351,4.6,5.4,0.845,2.1,9.5,11.6,1.3,2.2,0.7,0.7,1.3,4.3,4.6,21.4,1.1,39.3,13,0,38.6,1,21,1,64,32,19,22,67,67,63,84,13,16,52,22,4,4,89,25,71,46,12,3,14,18,78,18,1,7,18,NYK
202695,Kawhi Leonard,Kawhi,1610612746,LAC,33.0,7,3,4,0.429,37.8,9.4,17.6,0.537,2.1,5.3,0.405,4.0,5.1,0.778,1.6,6.0,7.6,4.7,2.1,1.1,0.7,0.6,1.7,4.6,25.0,-0.9,44.6,3,0,43.1,86,88,65,101,18,7,17,39,27,41,43,19,18,80,34,19,23,24,28,32,43,62,103,13,12,116,12,12,7,12,LAC
1642276,Kel'el Ware,Kel'el,1610612748,MIA,21.0,4,0,4,0.0,18.2,2.0,4.5,0.444,0.8,2.8,0.273,0.0,0.0,0.0,1.0,3.8,4.8,1.0,0.5,0.3,0.5,0.3,0.8,0.8,4.8,-10.8,13.7,0,0,12.8,153,180,65,180,109,106,110,101,107,97,129,162,165,162,64,56,59,108,131,141,61,101,157,124,120,203,111,48,7,112,MIA
1629026,Kenrich Williams,Kenrich,1610612760,OKC,30.0,11,9,2,0.818,8.2,1.2,2.8,0.419,0.3,1.3,0.214,0.3,0.4,0.75,0.5,2.0,2.5,0.5,0.5,0.6,0.1,0.3,0.5,0.3,2.9,2.7,8.2,0,0,7.5,51,28,164,10,153,144,137,125,149,133,146,146,153,91,137,100,112,158,129,83,155,98,169,174,147,50,136,48,7,137,OKC
203484,Kentavious Caldwell-Pope,Kentavious,1610612753,ORL,32.0,5,1,4,0.2,32.7,1.6,6.0,0.267,1.2,4.6,0.261,0.6,0.8,0.75,0.2,2.8,3.0,1.8,0.4,1.4,0.6,0.0,2.2,0.8,5.0,-8.2,16.9,0,0,15.0,115,139,65,154,48,128,99,188,85,56,134,115,117,91,166,76,95,70,147,17,51,148,67,118,115,195,94,48,7,101,ORL
1642352,Keshad Johnson,Keshad,1610612748,MIA,23.0,2,0,2,0.0,4.1,0.5,0.5,1.0,0.0,0.0,0.0,0.0,0.0,0.0,0.5,0.0,0.5,0.0,0.5,0.0,0.0,0.0,0.5,0.0,1.0,-0.5,1.1,0,0,1.5,199,180,164,180,195,182,205,1,164,190,164,162,165,162,125,204,194,192,131,165,160,148,170,188,193,105,207,48,7,207,MIA
1628995,Kevin Knox II,Kevin,1610612744,GSW,25.0,5,0,5,0.0,7.5,1.6,4.0,0.4,0.2,1.2,0.167,0.8,1.0,0.8,0.6,0.8,1.4,0.8,0.4,0.0,0.2,0.6,0.4,0.6,4.2,6.2,7.3,0,0,7.0,115,180,35,180,160,128,118,140,152,135,156,95,101,69,110,157,153,124,147,165,118,55,181,134,133,18,145,48,7,144,GSW
1629645,Kevin Porter Jr.,Kevin,1610612749,MIL,25.0,5,1,4,0.2,30.2,3.8,9.6,0.396,1.4,3.0,0.467,2.2,2.6,0.846,0.6,3.0,3.6,5.4,1.8,0.8,0.0,0.6,2.4,1.8,11.2,-4.8,24.2,0,0,23.2,115,139,65,154,62,73,64,145,71,89,26,50,56,50,110,69,80,13,44,61,160,55,52,73,71,173,61,48,7,63,MIL
1626172,Kevon Looney,Kevon,1610612744,GSW,29.0,12,5,7,0.417,10.0,0.8,1.9,0.435,0.0,0.0,0.0,0.5,0.7,0.75,1.4,2.2,3.6,0.3,0.2,0.4,0.3,0.3,2.3,0.6,2.2,-2.0,9.1,0,0,7.6,44,55,8,118,140,166,169,114,164,190,164,128,127,91,41,97,81,167,184,119,85,101,62,140,165,142,130,48,7,136,GSW
1641738,Kobe Brown,Kobe,1610612746,LAC,25.0,3,1,2,0.333,4.8,2.3,2.7,0.875,0.3,0.3,1.0,0.3,0.3,1.0,0.0,0.3,0.3,1.3,0.0,0.0,0.0,0.3,0.0,0.3,5.3,6.7,7.7,0,0,7.3,176,139,164,132,181,101,141,12,139,173,1,137,155,1,180,193,199,89,189,165,160,86,196,163,113,14,139,48,7,141,LAC
1627739,Kris Dunn,Kris,1610612746,LAC,31.0,7,3,4,0.429,21.9,2.4,6.3,0.386,1.4,4.0,0.357,0.0,0.0,0.0,1.4,2.0,3.4,1.3,0.1,1.1,0.6,0.3,2.6,0.1,6.3,-1.1,17.3,0,0,15.9,86,88,65,101,93,97,95,151,68,64,77,162,165,162,40,100,88,96,186,32,56,94,47,184,101,128,93,48,7,94,LAC
204001,Kristaps Porziņģis,Kristaps,1610612738,BOS,29.0,11,6,5,0.545,21.0,2.3,7.2,0.316,0.4,2.4,0.154,2.8,4.1,0.689,1.9,2.7,4.6,0.7,0.9,0.9,0.8,0.1,2.4,3.4,7.7,0.6,18.7,1,0,16.9,51,46,35,77,95,104,82,183,137,105,162,39,31,116,26,80,62,133,101,56,33,146,58,34,92,83,84,30,7,91,BOS
203937,Kyle Anderson,Kyle,1610612748,MIA,31.0,2,0,2,0.0,7.0,0.0,1.0,0.0,0.0,0.0,0.0,0.0,0.0,0.0,0.0,0.5,0.5,0.5,0.5,0.0,0.0,0.0,0.5,0.5,0.0,-13.5,0.9,0,0,1.0,199,180,164,180,165,203,190,203,164,190,164,162,165,162,180,184,194,147,131,165,160,148,170,144,206,210,210,48,7,209,MIA
1628398,Kyle Kuzma,Kyle,1610612749,MIL,29.0,5,1,4,0.2,20.4,2.4,7.0,0.343,0.4,2.0,0.2,0.6,1.2,0.5,0.6,1.6,2.2,0.8,0.6,0.0,0.2,0.6,2.4,0.6,5.8,-8.6,9.6,0,0,9.6,115,139,65,154,100,99,83,172,128,112,148,115,91,140,110,125,123,124,121,165,118,55,52,134,108,198,127,48,7,125,MIL
1630205,Lamar Stevens,Lamar,1610612763,MEM,27.0,2,0,2,0.0,6.0,1.0,4.5,0.222,0.0,1.5,0.0,0.0,0.0,0.0,0.0,2.0,2.0,0.5,0.5,0.0,0.0,1.0,0.5,0.0,2.0,-1.5,4.7,0,0,4.5,199,180,164,180,172,147,110,193,164,124,164,162,165,162,180,100,128,147,131,165,160,23,170,188,167,131,169,48,7,170,MEM
1629013,Landry Shamet,Landry,1610612752,NYK,28.0,11,6,5,0.545,7.5,0.8,1.8,0.45,0.6,1.4,0.467,0.1,0.4,0.25,0.0,0.4,0.4,0.7,0.4,0.1,0.0,0.2,0.5,0.5,2.4,1.2,3.8,0,0,4.3,51,46,35,77,159,167,172,98,116,128,26,160,153,161,180,192,198,133,156,164,160,126,178,154,160,77,179,48,7,174,NYK
2544,LeBron James,LeBron,1610612747,LAL,40.0,5,1,4,0.2,40.7,8.6,17.6,0.489,2.0,5.6,0.357,6.2,8.0,0.775,2.4,6.6,9.0,5.6,2.6,2.0,1.8,1.0,1.6,6.6,25.4,-8.2,53.4,3,0,49.6,115,139,65,154,4,13,16,65,29,35,77,6,6,83,16,10,10,10,21,3,5,23,111,6,10,195,4,12,7,4,LAL
1631159,Leonard Miller,Leonard,1610612750,MIN,21.0,3,3,0,1.0,4.3,2.0,2.7,0.75,0.3,0.3,1.0,0.0,0.0,0.0,1.0,0.7,1.7,0.0,0.3,0.0,0.0,0.0,0.0,0.0,4.3,1.0,6.0,0,0,6.3,176,88,211,1,190,106,141,16,139,173,1,162,165,162,64,169,144,192,157,165,160,148,196,188,130,79,156,48,7,153,MIN
1629652,Luguentz Dort,Luguentz,1610612760,OKC,26.0,18,13,5,0.722,28.3,2.6,7.3,0.356,2.1,6.3,0.325,0.7,1.0,0.667,1.3,2.2,3.5,0.9,0.9,1.3,0.5,0.0,3.3,1.8,7.9,3.4,18.0,0,0,18.0,1,1,35,21,69,94,80,170,28,24,108,106,101,119,49,95,82,121,99,21,61,148,19,70,90,38,90,48,7,87,OKC
1629029,Luka Dončić,Luka,1610612747,LAL,26.0,5,1,4,0.2,41.6,9.4,20.8,0.452,3.2,9.2,0.348,8.2,9.2,0.891,0.4,6.6,7.0,5.8,4.0,1.0,0.6,0.6,3.2,7.0,30.2,-4.8,48.1,1,0,49.4,115,139,65,154,1,8,8,96,8,7,88,2,4,32,143,10,27,9,3,39,51,55,23,3,3,173,7,30,7,5,LAL
1630568,Luka Garza,Luka,1610612750,MIN,26.0,5,3,2,0.6,3.7,1.2,1.2,1.0,0.2,0.2,1.0,0.0,0.0,0.0,0.6,0.0,0.6,0.0,0.0,0.0,0.0,0.0,0.2,0.0,2.6,-0.4,3.3,0,0,3.4,115,88,164,51,200,142,185,1,152,183,1,162,165,162,110,204,191,192,189,165,160,148,194,188,153,104,185,48,7,184,MIN
1628379,Luke Kennard,Luke,1610612763,MEM,28.0,4,0,4,0.0,20.0,2.0,4.5,0.444,0.5,2.3,0.222,0.0,0.0,0.0,0.5,3.0,3.5,2.0,1.5,1.0,0.3,0.0,0.8,0.3,4.5,-4.5,14.0,0,0,13.0,153,180,65,180,101,106,110,101,118,108,143,162,165,162,125,69,82,65,58,39,102,148,157,175,127,170,110,48,7,111,MEM
1628436,Luke Kornet,Luke,1610612738,BOS,29.0,11,6,5,0.545,16.4,1.9,2.6,0.724,0.0,0.0,0.0,0.7,0.7,1.0,1.5,2.5,3.9,0.5,0.5,0.5,1.2,0.2,1.8,1.2,4.5,3.0,14.6,0,0,12.4,51,46,35,77,115,116,146,18,164,190,164,103,126,1,39,85,74,158,142,97,15,126,95,92,126,43,107,48,7,114,BOS
1627736,Malik Beasley,Malik,1610612765,DET,28.0,6,2,4,0.333,27.2,4.7,12.5,0.373,3.3,9.8,0.339,1.3,1.3,1.0,0.2,2.3,2.5,1.2,1.2,0.5,0.2,0.2,1.7,1.5,14.0,-2.3,19.6,0,0,22.3,104,121,65,132,76,56,39,160,7,2,92,72,87,1,171,88,108,102,79,100,133,129,104,80,50,149,81,48,7,65,DET
1628963,Marvin Bagley III,Marvin,1610612763,MEM,26.0,2,0,2,0.0,13.8,4.0,4.5,0.889,0.5,0.5,1.0,0.0,0.0,0.0,1.0,2.0,3.0,0.0,1.5,1.0,0.5,0.0,1.5,1.5,8.5,-10.0,15.1,0,0,15.0,199,180,164,180,126,66,110,10,118,163,1,162,165,162,64,100,95,192,58,39,61,148,118,80,86,202,104,48,7,101,MEM
1629622,Max Strus,Max,1610612739,CLE,29.0,9,5,4,0.556,28.1,4.1,9.9,0.416,2.9,7.4,0.388,0.6,0.7,0.833,1.8,3.9,5.7,3.9,0.8,0.7,0.2,0.7,2.6,1.8,11.7,6.1,26.2,0,0,25.9,63,55,65,64,70,62,62,130,13,13,57,124,127,54,30,50,39,33,108,75,115,44,49,74,65,19,51,48,7,54,CLE
1628467,Maxi Kleber,Maxi,1610612747,LAL,33.0,1,0,1,0.0,5.0,0.0,1.0,0.0,0.0,1.0,0.0,2.0,2.0,1.0,0.0,0.0,0.0,0.0,1.0,0.0,0.0,0.0,1.0,2.0,2.0,-1.0,1.0,0,0,2.0,212,180,197,180,179,203,190,203,164,142,164,53,64,1,180,204,208,192,85,165,160,148,137,63,167,120,208,48,7,200,LAL
1629008,Michael Porter Jr.,Michael,1610612743,DEN,26.0,14,7,7,0.5,31.1,3.4,8.6,0.392,1.7,5.0,0.343,0.7,1.0,0.714,1.0,4.5,5.5,0.6,0.9,0.6,0.4,0.6,1.9,0.9,9.1,-1.5,19.0,1,0,19.1,36,39,8,84,59,82,71,147,51,46,91,105,101,103,64,37,43,139,100,82,73,62,91,116,80,131,82,30,7,83,DEN
1628969,Mikal Bridges,Mikal,1610612752,NYK,28.0,18,10,8,0.556,39.2,6.7,14.6,0.456,1.6,4.7,0.333,0.7,0.9,0.75,1.1,3.4,4.5,2.9,2.1,1.7,0.9,0.6,2.2,1.2,15.6,-3.8,31.1,0,0,29.8,1,21,1,64,11,27,26,92,57,54,94,106,113,91,59,62,65,49,30,12,25,65,70,93,43,163,36,48,7,39,NYK
201144,Mike Conley,Mike,1610612750,MIN,37.0,15,9,6,0.6,23.7,1.9,6.4,0.302,1.3,4.0,0.333,0.8,0.9,0.923,0.8,2.1,2.9,3.3,0.8,0.6,0.2,0.2,1.4,1.3,6.0,3.7,16.1,0,0,15.2,27,28,24,51,85,115,94,185,76,64,94,95,115,27,89,99,100,42,105,87,118,115,126,91,104,36,98,48,7,99,MIN
1630540,Miles McBride,Miles,1610612752,NYK,24.0,18,10,8,0.556,19.0,1.9,5.0,0.378,1.2,3.3,0.373,0.8,0.9,0.824,0.2,1.0,1.2,1.0,0.6,0.4,0.1,0.3,1.2,0.9,5.8,1.8,9.7,0,0,10.3,1,21,1,64,104,118,104,155,84,80,68,99,112,61,171,143,164,108,120,113,148,95,133,114,109,63,126,48,7,122,NYK
1629011,Mitchell Robinson,Mitchell,1610612752,NYK,27.0,18,10,8,0.556,20.6,1.7,2.8,0.608,0.0,0.0,0.0,1.2,3.1,0.393,3.7,3.3,7.1,0.4,0.7,0.9,0.8,0.2,2.1,2.7,4.7,0.4,18.2,1,0,15.6,1,21,1,64,98,123,135,29,164,190,164,81,50,155,6,63,26,165,112,53,37,129,74,48,121,93,88,30,7,97,NYK
1630541,Moses Moody,Moses,1610612744,GSW,23.0,12,5,7,0.417,16.1,2.3,6.7,0.35,1.3,3.8,0.333,1.2,1.4,0.824,0.8,1.4,2.2,1.2,0.3,0.5,0.3,0.3,1.3,1.1,7.1,-3.0,13.4,0,0,13.2,44,55,8,118,119,101,90,171,81,72,94,84,85,61,96,133,127,102,157,100,102,101,131,94,97,154,113,48,7,110,GSW
1626167,Myles Turner,Myles,1610612754,IND,29.0,18,13,5,0.722,30.0,5.2,10.0,0.522,1.6,4.0,0.389,3.2,4.2,0.773,1.3,3.8,5.1,1.4,1.8,0.6,2.2,0.3,2.9,3.8,15.2,3.7,29.9,1,0,28.8,1,1,35,21,63,50,61,43,57,64,55,32,29,84,43,55,51,86,42,95,2,95,32,26,46,36,42,30,7,43,IND
1631466,Nate Williams,Nate,1610612745,HOU,26.0,3,3,0,1.0,1.7,0.0,0.3,0.0,0.0,0.3,0.0,0.0,0.0,0.0,0.0,0.0,0.0,0.0,0.3,0.0,0.0,0.0,0.3,0.0,0.0,-4.7,-0.3,0,0,0.0,176,88,211,1,218,203,214,203,164,173,164,162,165,162,180,204,208,192,157,165,160,148,185,188,206,171,219,48,7,215,HOU
1629675,Naz Reid,Naz,1610612750,MIN,25.0,15,9,6,0.6,25.0,3.7,7.3,0.509,1.7,4.2,0.397,1.3,1.7,0.76,1.1,3.7,4.7,1.7,1.9,0.7,0.9,0.4,2.9,1.9,10.4,0.1,21.7,0,0,21.8,27,28,24,51,80,75,80,47,52,59,52,78,76,89,62,58,60,76,38,70,26,79,34,68,74,96,71,48,7,67,MIN
1629674,Neemias Queta,Neemias,1610612738,BOS,25.0,4,3,1,0.75,3.2,1.3,1.5,0.833,0.0,0.0,0.0,0.0,0.0,0.0,0.5,0.0,0.5,0.5,0.0,0.3,0.0,0.3,0.5,0.0,2.5,-2.0,4.6,0,0,4.0,153,88,197,13,205,139,180,13,164,190,164,162,165,162,125,204,194,147,189,141,160,101,170,188,156,142,171,48,7,175,BOS
1629638,Nickeil Alexander-Walker,Nickeil,1610612750,MIN,26.0,15,9,6,0.6,20.6,2.9,7.5,0.389,1.5,4.2,0.349,1.0,1.1,0.882,0.5,1.3,1.8,2.3,1.5,0.4,0.3,0.3,1.6,1.6,8.3,-0.7,14.7,0,0,15.4,27,28,24,51,97,91,77,149,66,59,87,89,98,35,124,138,136,59,57,120,85,100,111,77,87,110,106,48,7,98,MIN
201587,Nicolas Batum,Nicolas,1610612746,LAC,36.0,7,3,4,0.429,24.5,1.9,4.7,0.394,1.9,4.7,0.394,0.0,0.0,0.0,0.6,3.3,3.9,2.0,0.4,0.9,1.7,0.0,1.9,0.3,5.6,0.0,20.5,0,0,18.4,86,88,65,101,83,120,109,146,39,53,53,162,165,162,119,64,75,65,145,59,6,148,91,172,112,97,77,48,7,85,LAC
203999,Nikola Jokić,Nikola,1610612743,DEN,30.0,14,7,7,0.5,40.2,9.4,19.1,0.489,1.9,5.1,0.38,5.6,7.2,0.772,2.1,10.6,12.7,8.0,3.9,2.0,0.9,1.1,3.4,7.0,26.2,-0.8,58.1,11,3,54.6,36,39,8,84,5,9,11,64,36,45,61,10,9,85,23,2,2,4,4,3,30,22,15,3,8,114,2,2,1,2,DEN
1631107,Nikola Jović,Nikola,1610612748,MIA,22.0,4,0,4,0.0,18.7,3.3,8.8,0.371,1.5,6.0,0.25,1.5,1.5,1.0,1.0,3.0,4.0,1.5,1.3,0.8,0.3,0.5,0.5,1.0,9.5,-11.5,18.3,0,0,18.5,153,180,65,180,107,83,70,163,62,29,135,68,81,1,64,69,72,81,70,66,102,67,170,96,78,205,86,48,7,84,MIA
1626181,Norman Powell,Norman,1610612746,LAC,32.0,7,3,4,0.429,34.0,6.0,12.7,0.472,2.0,5.7,0.35,2.0,2.6,0.778,0.1,2.3,2.4,2.4,1.7,1.1,0.3,0.9,2.1,2.7,16.0,-4.1,25.1,0,0,25.7,86,88,65,101,40,34,38,83,29,33,85,53,58,80,176,90,114,56,46,32,93,32,71,47,38,168,58,48,7,56,LAC
1628384,OG Anunoby,OG,1610612752,NYK,27.0,18,10,8,0.556,39.2,5.7,13.7,0.417,2.3,6.7,0.339,2.6,3.2,0.81,1.3,3.3,4.6,1.3,1.7,2.0,1.2,1.4,2.7,2.3,16.3,-2.0,31.9,0,0,31.0,1,21,1,64,12,41,34,126,25,22,93,45,48,67,43,67,63,89,48,3,13,5,39,57,35,142,33,48,7,34,NYK
1630167,Obi Toppin,Obi,1610612754,IND,27.0,18,13,5,0.722,17.7,3.4,6.9,0.492,1.0,3.1,0.327,1.1,1.3,0.792,0.6,2.9,3.5,1.4,1.0,0.6,0.3,0.3,1.9,1.3,8.8,-1.1,16.9,0,0,16.6,1,1,35,21,111,80,86,61,90,88,107,88,87,78,121,73,82,86,85,86,97,95,85,86,82,126,95,48,7,92,IND
1631172,Ousmane Dieng,Ousmane,1610612760,OKC,22.0,7,5,2,0.714,4.1,0.4,1.0,0.429,0.4,0.7,0.6,0.3,0.3,1.0,0.0,0.6,0.6,0.4,0.0,0.0,0.0,0.0,0.0,0.3,1.6,-1.4,2.9,0,0,3.0,86,55,164,36,194,184,190,117,126,155,12,144,159,1,180,181,192,161,189,165,160,148,196,172,182,130,192,48,7,190,OKC
200782,P.J. Tucker,P.J.,1610612752,NYK,40.0,1,1,0,1.0,4.4,0.0,0.0,0.0,0.0,0.0,0.0,0.0,0.0,0.0,0.0,0.0,0.0,0.0,0.0,0.0,0.0,0.0,1.0,0.0,0.0,4.0,0.0,0,0,0.0,212,139,211,1,188,203,218,203,164,190,164,162,165,162,180,204,208,192,189,165,160,148,137,188,206,32,215,48,7,215,NYK
1642359,Pacôme Dadiet,Pacôme,1610612752,NYK,19.0,2,0,2,0.0,2.2,0.5,0.5,1.0,0.0,0.0,0.0,0.0,0.0,0.0,0.0,0.0,0.0,0.0,0.0,0.0,0.0,0.0,0.0,0.0,1.0,1.5,1.0,0,0,1.0,199,180,164,180,210,182,205,1,164,190,164,162,165,162,180,204,208,192,189,165,160,148,196,188,193,69,208,48,7,209,NYK
1631094,Paolo Banchero,Paolo,1610612753,ORL,22.0,5,1,4,0.2,39.4,10.8,24.8,0.435,2.4,5.4,0.444,5.4,8.2,0.659,2.4,6.0,8.4,4.2,3.0,0.6,0.8,1.8,3.6,6.0,29.4,-7.2,47.0,1,0,47.2,115,139,65,154,8,2,1,113,22,38,34,11,5,127,16,19,14,29,13,87,34,2,10,9,6,189,9,30,7,8,ORL
1627783,Pascal Siakam,Pascal,1610612754,IND,31.0,18,13,5,0.722,33.4,7.8,15.0,0.522,1.5,3.3,0.45,3.4,5.0,0.689,1.2,4.8,6.1,3.3,1.2,0.9,0.6,0.8,2.9,3.8,20.6,4.7,36.1,2,0,34.4,1,1,35,21,43,16,25,43,62,78,33,30,20,116,53,32,33,45,79,53,57,35,32,26,20,31,25,21,7,26,IND
1626192,Pat Connaughton,Pat,1610612749,MIL,32.0,3,1,2,0.333,4.6,0.7,2.7,0.25,0.3,1.3,0.25,0.3,0.7,0.5,0.0,0.7,0.7,0.3,0.3,0.0,0.0,0.0,0.3,0.3,2.0,-3.3,3.0,0,0,3.3,176,139,164,132,183,175,141,189,139,130,135,137,127,140,180,169,183,167,157,165,160,148,185,163,167,159,190,48,7,187,MIL
1630311,Pat Spencer,Pat,1610612744,GSW,28.0,8,2,6,0.25,7.9,2.0,3.1,0.64,0.1,0.4,0.333,0.4,0.4,1.0,0.6,0.8,1.4,0.8,0.8,0.4,0.0,0.5,1.1,0.5,4.5,0.6,7.7,0,0,7.5,72,121,24,150,155,106,129,25,163,172,94,136,151,1,108,164,157,130,110,128,160,67,135,144,127,84,140,48,7,138,GSW
201988,Patty Mills,Patty,1610612746,LAC,36.0,1,1,0,1.0,3.7,1.0,2.0,0.5,1.0,1.0,1.0,0.0,0.0,0.0,0.0,0.0,0.0,0.0,1.0,0.0,0.0,0.0,1.0,0.0,3.0,6.0,2.0,0,0,4.0,212,139,211,1,199,147,155,49,90,142,1,162,165,162,180,204,208,192,85,165,160,148,137,188,143,20,201,48,7,175,LAC
1630194,Paul Reed,Paul,1610612765,DET,25.0,5,2,3,0.4,10.6,1.0,1.6,0.625,0.0,0.0,0.0,0.8,1.2,0.667,1.4,1.6,3.0,0.2,1.0,1.0,0.6,0.0,1.6,0.6,2.8,1.8,10.5,0,0,9.2,115,121,146,124,137,147,176,26,164,190,164,95,91,119,42,125,95,184,85,39,51,148,111,134,148,66,125,48,7,127,DET
1630202,Payton Pritchard,Payton,1610612738,BOS,27.0,11,6,5,0.545,27.4,4.1,9.0,0.455,2.5,6.1,0.403,1.3,1.5,0.824,0.8,1.5,2.3,1.5,0.8,0.5,0.0,0.5,1.7,1.0,11.9,6.5,17.8,0,0,19.3,51,46,35,77,71,64,65,93,20,28,44,77,80,61,88,132,120,79,104,97,160,72,101,96,62,16,92,48,7,82,BOS
1641796,Pelle Larsson,Pelle,1610612748,MIA,24.0,4,0,4,0.0,13.0,2.0,3.8,0.533,0.8,2.0,0.375,0.3,0.8,0.333,0.5,1.8,2.3,1.0,0.5,0.3,0.0,0.3,1.5,0.8,5.0,-12.3,9.5,0,0,9.5,153,180,65,180,131,106,121,40,107,112,64,147,123,158,125,118,121,108,131,141,160,101,118,124,115,207,128,48,7,126,MIA
1631212,Peyton Watson,Peyton,1610612743,DEN,22.0,14,7,7,0.5,14.2,1.7,4.2,0.407,0.5,1.4,0.368,0.6,1.1,0.5,1.0,1.9,2.9,0.3,0.6,0.8,0.6,0.2,1.5,1.0,4.5,-7.9,12.2,0,0,11.1,36,39,8,84,124,125,117,135,118,129,71,122,95,140,64,112,101,177,127,64,50,114,118,96,127,192,117,48,7,119,DEN
1630173,Precious Achiuwa,Precious,1610612752,NYK,25.0,8,4,4,0.5,4.2,0.8,1.8,0.429,0.0,0.1,0.0,0.3,0.5,0.5,0.4,0.8,1.1,0.0,0.1,0.1,0.0,0.0,0.3,0.4,1.8,-0.3,3.4,0,0,3.1,72,73,65,84,192,170,173,117,164,188,164,147,143,140,149,164,166,192,187,161,160,148,192,160,176,102,184,48,7,189,NYK
1642366,Quinten Post,Quinten,1610612744,GSW,25.0,12,5,7,0.417,12.2,1.3,4.0,0.333,0.8,2.7,0.313,0.3,0.3,0.75,0.5,1.8,2.3,1.0,0.5,0.3,0.3,0.3,1.7,0.2,3.8,-0.5,9.1,0,0,8.9,44,55,8,118,134,135,118,174,100,100,113,147,155,91,125,115,116,108,131,141,102,86,104,183,138,105,130,48,7,130,GSW
1642263,Reed Sheppard,Reed,1610612745,HOU,20.0,3,3,0,1.0,3.3,0.0,0.7,0.0,0.0,0.7,0.0,0.0,0.0,0.0,0.0,0.3,0.3,0.3,0.3,0.7,0.3,0.0,0.3,0.3,0.0,-8.7,3.6,0,0,2.7,176,88,211,1,204,203,200,203,164,156,164,162,165,162,180,193,199,167,157,75,85,148,185,163,206,199,182,48,7,195,HOU
1642265,Rob Dillingham,Rob,1610612750,MIN,20.0,3,1,2,0.333,5.5,1.0,2.7,0.375,0.3,0.7,0.5,0.3,0.7,0.5,0.0,0.7,0.7,2.3,0.0,0.0,0.0,0.0,0.3,1.0,2.7,-0.7,7.0,0,0,6.0,176,139,164,132,177,147,141,156,139,156,17,137,127,140,180,169,183,59,189,165,160,148,185,96,152,110,148,48,7,158,MIN
1641842,Ronald Holland II,Ronald,1610612765,DET,19.0,5,2,3,0.4,6.7,0.0,1.0,0.0,0.0,0.6,0.0,1.8,2.0,0.9,0.6,0.6,1.2,0.0,1.2,0.0,0.2,0.4,1.0,1.6,1.8,-0.8,2.6,0,0,3.4,115,121,146,124,167,203,190,203,164,160,164,60,64,29,110,179,162,192,73,165,118,79,137,77,175,115,196,48,7,184,DET
203497,Rudy Gobert,Rudy,1610612750,MIN,32.0,15,9,6,0.6,27.4,3.1,5.3,0.582,0.0,0.0,0.0,1.7,3.3,0.52,3.1,5.5,8.6,0.7,0.9,0.5,1.2,0.7,2.5,3.9,7.9,3.9,23.6,1,0,20.7,27,28,24,51,72,86,102,34,164,190,164,64,45,139,9,26,12,132,103,99,14,44,51,21,91,35,65,30,7,76,MIN
1629060,Rui Hachimura,Rui,1610612747,LAL,27.0,5,1,4,0.2,36.4,5.6,11.4,0.491,3.0,6.2,0.484,0.6,0.6,1.0,0.8,3.8,4.6,1.0,1.4,0.6,0.6,0.8,2.4,0.8,14.8,-11.0,24.0,0,0,25.8,115,139,65,154,27,46,49,62,11,27,24,115,138,1,89,53,64,108,67,87,51,37,52,118,48,204,63,48,7,55,LAL
201566,Russell Westbrook,Russell,1610612743,DEN,36.0,13,6,7,0.462,24.1,4.0,10.2,0.391,1.5,4.8,0.317,2.2,3.1,0.7,1.5,2.2,3.7,2.6,2.3,0.9,0.1,0.8,3.2,2.3,11.7,-8.2,20.7,1,0,21.5,43,46,8,98,84,66,58,148,61,52,112,52,52,109,38,94,78,53,23,55,156,39,26,56,64,194,74,30,7,71,DEN
1631157,Ryan Rollins,Ryan,1610612749,MIL,22.0,3,1,2,0.333,9.8,1.3,4.3,0.308,0.7,2.3,0.286,0.0,0.0,0.0,0.3,0.3,0.7,1.3,0.0,0.3,0.0,1.0,1.3,0.3,3.3,-8.0,7.1,0,0,6.7,176,139,164,132,141,135,115,184,111,106,127,162,165,162,150,193,183,89,189,130,160,23,129,163,141,193,146,48,7,150,MIL
1630573,Sam Hauser,Sam,1610612738,BOS,27.0,8,5,3,0.625,13.5,1.3,3.0,0.417,0.9,2.6,0.333,0.1,0.1,1.0,0.0,1.5,1.5,0.5,0.4,0.1,0.1,0.0,1.4,0.4,3.5,4.0,6.4,0,0,6.9,72,55,146,46,130,139,131,127,98,101,94,159,164,1,180,131,148,147,155,161,141,148,128,160,140,32,153,48,7,145,BOS
1630241,Sam Merrill,Sam,1610612739,CLE,29.0,8,5,3,0.625,19.9,1.9,5.0,0.375,1.8,4.9,0.359,0.3,0.4,0.667,0.9,1.6,2.5,1.8,0.3,0.5,0.3,0.1,2.3,0.8,5.8,6.9,13.4,0,0,13.3,72,55,146,46,102,119,104,156,44,51,75,147,151,119,85,122,108,71,173,100,102,138,62,124,110,12,112,48,7,109,CLE
1630583,Santi Aldama,Santi,1610612763,MEM,24.0,4,0,4,0.0,30.4,5.3,11.0,0.477,2.5,6.0,0.417,0.0,0.0,0.0,0.5,5.5,6.0,1.8,1.3,0.0,0.3,0.5,1.8,0.3,13.0,-8.5,22.3,0,0,23.8,153,180,65,180,61,49,51,76,18,29,40,162,165,162,125,22,34,71,70,165,102,67,99,175,55,197,69,48,7,61,MEM
1630590,Scotty Pippen Jr.,Scotty,1610612763,MEM,24.0,4,0,4,0.0,32.2,5.5,14.5,0.379,2.5,7.0,0.357,4.8,4.8,1.0,1.0,4.5,5.5,3.5,3.5,1.0,0.3,1.3,4.8,4.3,18.3,-16.8,30.4,1,0,32.3,153,180,65,180,51,47,28,153,18,18,77,12,24,1,64,37,43,40,7,39,102,14,2,16,29,215,39,30,7,30,MEM
1628983,Shai Gilgeous-Alexander,Shai,1610612760,OKC,26.0,18,13,5,0.722,36.7,10.4,22.1,0.474,1.6,5.0,0.311,8.0,9.3,0.862,1.2,4.4,5.6,6.8,2.2,1.8,0.6,1.2,2.7,6.6,30.4,9.2,52.1,3,0,49.1,1,1,35,21,23,3,3,80,57,46,115,3,3,39,57,40,40,6,25,9,57,16,41,5,2,2,6,12,7,7,OKC
1629003,Shake Milton,Shake,1610612747,LAL,28.0,2,0,2,0.0,1.8,0.0,0.5,0.0,0.0,0.0,0.0,0.0,0.0,0.0,0.0,0.0,0.0,0.0,0.0,0.0,0.0,0.0,0.5,0.0,0.0,0.5,0.0,0,0,0.0,199,180,164,180,212,203,205,203,164,190,164,162,165,162,180,204,208,192,189,165,160,148,170,188,206,87,215,48,7,215,LAL
201939,Stephen Curry,Stephen,1610612744,GSW,37.0,8,5,3,0.625,35.1,7.8,16.3,0.477,4.0,10.0,0.4,3.1,3.5,0.893,0.3,5.0,5.3,5.1,3.4,1.0,0.8,0.1,1.6,4.0,22.6,3.3,38.5,1,0,40.5,72,55,146,46,35,18,19,78,2,1,45,35,41,30,162,28,49,20,8,39,40,138,109,19,14,41,19,30,7,15,GSW
203500,Steven Adams,Steven,1610612745,HOU,31.0,7,3,4,0.429,22.1,1.7,2.9,0.6,0.0,0.0,0.0,2.3,4.3,0.533,3.3,3.3,6.6,0.6,0.7,0.4,1.1,0.1,1.0,2.9,5.7,6.3,18.5,0,0,16.0,86,88,65,101,92,125,134,31,164,190,164,48,28,138,8,64,31,144,113,117,17,135,137,43,111,17,85,48,7,93,HOU
204456,T.J. McConnell,T.J.,1610612754,IND,33.0,18,13,5,0.722,16.4,3.7,6.7,0.545,0.4,0.9,0.438,0.8,1.0,0.833,0.5,2.5,3.0,4.1,1.6,0.4,0.1,0.4,1.0,1.0,8.6,-2.3,18.2,0,0,17.0,1,1,35,21,118,76,89,38,134,151,35,94,101,54,125,82,95,30,54,113,159,73,137,96,85,148,87,48,7,90,IND
1631106,Tari Eason,Tari,1610612745,HOU,24.0,7,3,4,0.429,18.9,3.0,6.3,0.477,1.0,2.7,0.368,0.6,1.1,0.5,1.0,3.3,4.3,0.7,1.4,1.1,1.0,0.4,1.9,0.7,7.6,-3.9,18.8,0,0,17.9,86,88,65,101,105,88,95,76,90,99,71,122,95,140,64,64,67,136,64,32,19,75,91,129,93,165,83,48,7,89,HOU
1627752,Taurean Prince,Taurean,1610612749,MIL,31.0,5,1,4,0.2,12.2,0.4,2.0,0.2,0.4,1.8,0.222,0.0,0.0,0.0,0.0,1.0,1.0,1.6,1.0,0.4,0.2,0.0,0.6,0.0,1.2,-6.0,5.6,0,0,5.4,115,139,65,154,133,186,155,196,128,119,143,162,165,162,180,143,168,78,85,120,118,148,165,188,188,183,163,48,7,162,MIL
1630545,Terrence Shannon Jr.,Terrence,1610612750,MIN,24.0,9,4,5,0.444,6.3,1.4,3.0,0.481,0.3,0.9,0.375,1.3,1.3,1.0,0.1,1.0,1.1,0.3,0.3,0.4,0.0,0.2,1.0,1.0,4.6,0.4,7.4,0,0,7.2,63,73,35,99,170,132,131,73,139,151,64,72,87,1,179,143,167,167,157,113,160,112,137,96,124,92,143,48,7,142,MIN
1628418,Thomas Bryant,Thomas,1610612754,IND,27.0,16,12,4,0.75,9.6,0.9,1.9,0.5,0.5,0.9,0.533,0.6,0.8,0.833,0.4,1.2,1.6,0.2,0.4,0.3,0.4,0.2,1.4,0.9,3.0,-1.1,6.7,0,0,6.6,25,16,65,13,145,161,170,49,118,150,15,114,123,54,140,139,145,190,144,141,83,125,125,115,143,127,149,48,7,151,IND
203501,Tim Hardaway Jr.,Tim,1610612765,DET,33.0,6,2,4,0.333,31.4,4.0,11.8,0.338,2.7,8.7,0.308,1.3,1.7,0.8,0.3,2.5,2.8,1.2,1.5,0.3,0.0,0.2,1.7,1.8,12.0,1.8,16.7,0,0,19.3,104,121,65,132,57,66,44,173,16,10,118,72,76,69,150,82,103,102,58,130,160,129,104,70,61,63,97,48,7,81,DET
202699,Tobias Harris,Tobias,1610612765,DET,32.0,6,2,4,0.333,38.8,5.7,11.8,0.479,1.7,3.8,0.435,2.7,2.7,1.0,1.3,6.3,7.7,0.5,1.0,1.0,1.2,0.7,2.7,2.3,15.7,-3.8,31.1,1,0,29.8,104,121,65,132,16,43,44,75,52,70,37,43,54,1,43,14,22,147,85,39,16,44,41,55,42,163,35,30,7,37,DET
1628396,Tony Bradley,Tony,1610612754,IND,27.0,8,4,4,0.5,6.8,0.3,0.6,0.4,0.0,0.1,0.0,0.5,0.8,0.667,0.9,0.9,1.8,0.4,0.3,0.0,0.1,0.0,0.6,0.5,1.0,2.4,3.8,0,0,3.4,72,73,65,84,166,198,204,140,164,188,164,128,123,119,85,155,140,166,173,165,141,148,164,144,193,55,180,48,7,186,IND
1628470,Torrey Craig,Torrey,1610612738,BOS,34.0,5,4,1,0.8,4.2,0.4,0.8,0.5,0.4,0.6,0.667,0.0,0.0,0.0,0.4,0.6,1.0,0.6,0.2,0.2,0.0,0.0,0.4,0.2,1.2,1.2,3.7,0,0,3.6,115,73,197,11,193,186,199,49,128,160,10,162,165,162,143,179,168,142,180,150,160,148,181,180,188,75,181,48,7,181,BOS
1631218,Trayce Jackson-Davis,Trayce,1610612744,GSW,25.0,9,2,7,0.222,8.9,1.8,2.0,0.889,0.0,0.0,0.0,0.6,1.4,0.385,1.0,1.3,2.3,0.2,0.1,0.3,0.2,0.1,1.7,0.8,4.1,-2.4,8.8,0,0,7.8,63,121,8,153,149,121,155,10,164,190,164,124,83,156,64,135,116,182,188,130,115,142,104,122,134,151,133,48,7,134,GSW
202684,Tristan Thompson,Tristan,1610612739,CLE,34.0,3,2,1,0.667,9.8,1.0,2.0,0.5,0.0,0.0,0.0,0.3,1.0,0.333,0.7,4.3,5.0,0.3,0.7,0.3,0.7,0.0,0.7,1.0,2.3,9.0,11.2,0,0,9.7,176,121,197,41,142,147,155,49,164,190,164,137,101,158,103,42,53,167,115,130,46,148,162,96,161,3,122,48,7,124,CLE
1641783,Tristan da Silva,Tristan,1610612753,ORL,24.0,2,0,2,0.0,2.5,0.0,0.5,0.0,0.0,0.5,0.0,0.0,0.0,0.0,0.0,2.0,2.0,0.5,1.0,0.0,0.0,0.0,0.0,0.0,0.0,0.5,2.2,0,0,2.5,199,180,164,180,207,203,205,203,164,163,164,162,165,162,180,100,128,147,85,165,160,148,196,188,206,87,199,48,7,198,ORL
1629660,Ty Jerome,Ty,1610612739,CLE,27.0,9,5,4,0.556,21.3,4.1,10.2,0.402,1.6,4.0,0.389,1.9,2.2,0.85,0.6,1.9,2.4,3.6,1.2,0.6,0.1,1.1,1.8,1.6,11.7,8.3,20.7,1,0,20.6,63,55,65,64,94,62,59,139,57,64,55,59,62,48,121,113,113,38,72,95,148,20,98,79,65,4,75,30,7,77,CLE
1629639,Tyler Herro,Tyler,1610612748,MIA,25.0,4,0,4,0.0,36.0,6.8,16.3,0.415,2.3,7.3,0.31,2.0,2.5,0.8,0.0,3.5,3.5,2.8,2.3,0.5,0.0,0.8,3.0,2.5,17.8,-21.8,25.3,0,0,27.3,153,180,65,180,29,26,19,131,26,16,116,53,59,69,180,60,82,51,24,100,160,40,28,50,31,219,56,48,7,47,MIA
1642278,Tyler Kolek,Tyler,1610612752,NYK,24.0,3,1,2,0.333,2.2,0.3,0.3,1.0,0.3,0.3,1.0,0.0,0.0,0.0,0.0,0.3,0.3,1.0,0.0,0.0,0.0,0.0,0.0,0.0,1.0,3.0,2.9,0,0,2.7,176,139,164,132,211,192,214,1,139,173,1,162,165,162,180,193,199,108,189,165,160,148,196,188,193,43,192,48,7,195,NYK
1630169,Tyrese Haliburton,Tyrese,1610612754,IND,25.0,18,13,5,0.722,35.3,6.8,14.4,0.469,2.4,7.2,0.333,2.5,3.1,0.804,0.3,5.5,5.8,9.3,2.2,1.3,0.8,0.7,1.8,2.3,18.4,6.7,43.5,10,1,40.2,1,1,35,21,34,25,30,85,23,17,94,46,50,68,160,22,38,1,27,19,37,44,94,57,27,14,13,3,2,16,IND
1631246,Vince Williams Jr.,Vince,1610612763,MEM,24.0,3,0,3,0.0,12.5,1.3,2.3,0.571,1.3,2.3,0.571,0.7,0.7,1.0,0.3,2.0,2.3,1.3,1.0,0.7,0.3,0.0,1.0,0.3,4.7,1.7,11.5,0,0,11.7,176,180,146,180,132,135,150,36,76,106,13,106,127,1,150,100,116,89,85,75,85,148,137,163,121,67,119,48,7,118,MEM
1628427,Vlatko Čančar,Vlatko,1610612743,DEN,28.0,3,2,1,0.667,3.6,0.0,0.0,0.0,0.0,0.0,0.0,0.0,0.0,0.0,0.0,0.7,0.7,0.0,0.7,0.0,0.0,0.0,0.0,0.0,0.0,-3.0,0.1,0,0,0.7,176,121,197,41,201,203,218,203,164,190,164,162,165,162,180,169,183,192,115,165,160,148,196,188,206,154,214,48,7,211,DEN
1628976,Wendell Carter Jr.,Wendell,1610612753,ORL,26.0,5,1,4,0.2,32.4,4.2,8.0,0.525,0.6,2.2,0.273,1.2,2.0,0.6,3.8,7.0,10.8,1.2,1.6,0.4,0.4,0.6,2.4,2.0,10.2,-12.6,25.8,2,0,24.4,115,139,65,154,49,61,73,42,117,110,129,82,64,132,4,7,7,99,51,120,76,55,52,63,76,209,54,21,7,59,ORL
1630214,Xavier Tillman,Xavier,1610612738,BOS,26.0,1,0,1,0.0,8.4,1.0,4.0,0.25,0.0,2.0,0.0,0.0,0.0,0.0,1.0,2.0,3.0,0.0,0.0,0.0,0.0,0.0,0.0,0.0,2.0,-2.0,5.6,0,0,5.0,212,180,197,180,151,147,118,189,164,112,164,162,165,162,64,100,95,192,189,165,160,148,196,188,167,142,163,48,7,164,BOS
1641744,Zach Edey,Zach,1610612763,MEM,23.0,4,0,4,0.0,27.0,2.5,3.8,0.667,0.0,0.0,0.0,1.3,1.8,0.714,2.8,5.0,7.8,1.8,1.5,0.0,2.5,0.8,3.0,2.3,6.3,-14.5,24.2,0,0,20.8,153,180,65,180,77,95,121,20,164,190,164,79,73,103,11,28,21,71,58,165,1,40,28,59,102,212,62,48,7,73,MEM
1630192,Zeke Nnaji,Zeke,1610612743,DEN,24.0,6,3,3,0.5,5.7,0.2,1.3,0.125,0.2,1.0,0.167,0.7,1.2,0.571,0.5,0.7,1.2,0.3,0.3,0.2,0.3,0.2,1.0,0.5,1.2,-3.2,4.2,0,0,3.8,104,88,146,84,174,202,182,200,159,142,156,106,93,135,125,169,164,167,157,158,85,129,137,144,191,157,178,48,7,178,DEN
