season,player_id,player,nickname,team_id,team,team_name,game_id,game_date,matchup,wl,min,pct_fga_2pt,pct_fga_3pt,pct_pts_2pt,pct_pts_2pt_mr,pct_pts_3pt,pct_pts_fb,pct_pts_ft,pct_pts_off_tov,pct_pts_paint,pct_ast_2pm,pct_uast_2pm,pct_ast_3pm,pct_uast_3pm,pct_ast_fgm,pct_uast_fgm,fgm,fga,fg_pct,gp_rank,w_rank,l_rank,w_pct_rank,min_rank,pct_fga_2pt_rank,pct_fga_3pt_rank,pct_pts_2pt_rank,pct_pts_2pt_mr_rank,pct_pts_3pt_rank,pct_pts_fb_rank,pct_pts_ft_rank,pct_pts_off_tov_rank,pct_pts_paint_rank,pct_ast_2pm_rank,pct_uast_2pm_rank,pct_ast_3pm_rank,pct_uast_3pm_rank,pct_ast_fgm_rank,pct_uast_fgm_rank,fgm_rank,fga_rank,fg_pct_rank,available_flag,min_sec,season_start,season_end
2015-16,202691,Klay Thompson,Klay,1610612744,GSW,Golden State Warriors,41500407,2016-06-19T00:00:00,GSW vs. CLE,L,42.3,0.412,0.588,0.571,0.286,0.429,0.214,0.0,0.143,0.286,0.5,0.5,1.0,0.0,0.667,0.333,6,17,0.353,1,947,947,947,52,1442,295,813,278,380,350,953,605,980,604,608,1,201,653,762,305,185,1084,1.0,42:17,2015,2016
2015-16,201578,Marreese Speights,Marreese,1610612744,GSW,Golden State Warriors,41500407,2016-06-19T00:00:00,GSW vs. CLE,L,4.6,0.5,0.5,0.0,0.0,0.0,0.0,1.0,0.0,0.0,0.0,0.0,0.0,0.0,0.0,0.0,0,2,0.0,1,947,947,947,1683,1218,365,1393,681,789,639,953,788,1276,1059,1033,709,201,1320,1069,1525,1420,1525,1.0,4:34,2015,2016
2015-16,203110,Draymond Green,Draymond,1610612744,GSW,Golden State Warriors,41500407,2016-06-19T00:00:00,GSW vs. CLE,L,46.9,0.467,0.533,0.313,0.0,0.563,0.0,0.124,0.0,0.313,0.2,0.8,1.0,0.0,0.636,0.364,11,15,0.733,1,947,947,947,3,1378,353,1227,681,297,639,760,788,959,982,370,1,201,765,756,47,242,197,1.0,46:54,2015,2016
2015-16,203084,Harrison Barnes,Harrison,1610612744,GSW,Golden State Warriors,41500407,2016-06-19T00:00:00,GSW vs. CLE,L,29.4,0.6,0.4,0.2,0.0,0.6,0.0,0.2,0.0,0.2,1.0,0.0,1.0,0.0,1.0,0.0,3,10,0.3,1,947,947,947,640,1096,603,1334,681,194,639,544,788,1151,1,1033,1,201,1,1069,718,495,1248,1.0,29:24,2015,2016
2015-16,201939,Stephen Curry,Stephen,1610612744,GSW,Golden State Warriors,41500407,2016-06-19T00:00:00,GSW vs. CLE,L,39.3,0.263,0.737,0.235,0.0,0.706,0.118,0.059,0.176,0.235,0.5,0.5,0.75,0.25,0.667,0.333,6,19,0.316,1,947,947,947,168,1577,160,1317,681,162,547,914,547,1105,604,608,604,175,653,762,305,134,1232,1.0,39:16,2015,2016
2015-16,2760,Anderson Varejao,Anderson,1610612744,GSW,Golden State Warriors,41500407,2016-06-19T00:00:00,GSW vs. CLE,L,8.5,1.0,0.0,0.0,0.0,0.0,0.0,1.0,0.0,0.0,0.0,0.0,0.0,0.0,0.0,0.0,0,1,0.0,1,947,947,947,1529,1,1231,1393,681,789,639,1,788,1276,1059,1033,709,201,1320,1069,1525,1573,1525,1.0,8:29,2015,2016
2015-16,2738,Andre Iguodala,Andre,1610612744,GSW,Golden State Warriors,41500407,2016-06-19T00:00:00,GSW vs. CLE,L,37.9,0.5,0.5,1.0,0.0,0.0,0.0,0.0,0.0,1.0,0.5,0.5,0.0,0.0,0.5,0.5,2,6,0.333,1,947,947,947,222,1218,365,1,681,789,639,953,788,1,604,608,709,201,847,499,950,883,1095,1.0,37:53,2015,2016
2015-16,2571,Leandro Barbosa,Leandro,1610612744,GSW,Golden State Warriors,41500407,2016-06-19T00:00:00,GSW vs. CLE,L,4.4,0.5,0.5,0.0,0.0,1.0,0.0,0.0,1.0,0.0,0.0,0.0,1.0,0.0,1.0,0.0,1,2,0.5,1,947,947,947,1687,1218,365,1393,681,1,639,953,1,1276,1059,1033,1,201,1,1069,1193,1420,525,1.0,4:24,2015,2016
2015-16,203105,Festus Ezeli,Festus,1610612744,GSW,Golden State Warriors,41500407,2016-06-19T00:00:00,GSW vs. CLE,L,10.8,1.0,0.0,0.0,0.0,0.0,0.0,1.0,0.0,0.0,0.0,0.0,0.0,0.0,0.0,0.0,0,4,0.0,1,947,947,947,1435,1,1231,1393,681,789,639,953,788,1276,1059,1033,709,201,1320,1069,1525,1137,1525,1.0,10:45,2015,2016
2015-16,2733,Shaun Livingston,Shaun,1610612744,GSW,Golden State Warriors,41500407,2016-06-19T00:00:00,GSW vs. CLE,L,16.1,1.0,0.0,0.75,0.25,0.0,0.25,0.25,0.25,0.5,0.667,0.333,0.0,0.0,0.667,0.333,3,7,0.429,1,947,947,947,1207,1,1231,498,325,789,262,433,355,565,452,840,709,201,653,762,718,764,862,1.0,16:04,2015,2016
2015-16,201578,Marreese Speights,Marreese,1610612744,GSW,Golden State Warriors,41500406,2016-06-16T00:00:00,GSW @ CLE,L,2.3,0.0,1.0,0.0,0.0,1.0,0.0,0.0,0.0,0.0,0.0,0.0,1.0,0.0,1.0,0.0,2,2,1.0,1,947,947,947,1796,1645,1,1393,681,1,639,953,788,1276,1059,1033,1,201,1,1069,950,1420,1,1.0,2:19,2015,2016
2015-16,203110,Draymond Green,Draymond,1610612744,GSW,Golden State Warriors,41500406,2016-06-16T00:00:00,GSW @ CLE,L,40.7,0.714,0.286,0.75,0.0,0.0,0.25,0.25,0.0,0.75,0.333,0.667,0.0,0.0,0.333,0.667,3,7,0.429,1,947,947,947,105,865,840,498,681,789,262,433,788,286,837,476,709,201,1100,342,718,764,862,1.0,40:44,2015,2016
2015-16,202691,Klay Thompson,Klay,1610612744,GSW,Golden State Warriors,41500406,2016-06-16T00:00:00,GSW @ CLE,L,38.1,0.524,0.476,0.48,0.08,0.36,0.08,0.16,0.2,0.4,0.333,0.667,0.667,0.333,0.444,0.556,9,21,0.429,1,947,947,947,212,1214,521,980,648,506,601,680,474,749,837,476,615,151,1029,488,115,86,862,1.0,38:05,2015,2016
2015-16,203105,Festus Ezeli,Festus,1610612744,GSW,Golden State Warriors,41500406,2016-06-16T00:00:00,GSW @ CLE,L,14.7,1.0,0.0,1.0,0.0,0.0,0.0,0.0,0.0,1.0,0.5,0.5,0.0,0.0,0.5,0.5,2,5,0.4,1,947,947,947,1263,1,1231,1,681,789,639,953,788,1,604,608,709,201,847,499,950,1005,937,1.0,14:42,2015,2016
2015-16,2738,Andre Iguodala,Andre,1610612744,GSW,Golden State Warriors,41500406,2016-06-16T00:00:00,GSW @ CLE,L,30.3,0.4,0.6,0.4,0.4,0.6,0.0,0.0,0.0,0.0,1.0,0.0,1.0,0.0,1.0,0.0,2,5,0.4,1,947,947,947,594,1443,247,1052,162,194,639,953,788,1276,1,1033,1,201,1,1069,950,1005,937,1.0,30:19,2015,2016
2015-16,2571,Leandro Barbosa,Leandro,1610612744,GSW,Golden State Warriors,41500406,2016-06-16T00:00:00,GSW @ CLE,L,18.7,0.5,0.5,0.286,0.0,0.429,0.143,0.285,0.0,0.286,0.5,0.5,1.0,0.0,0.75,0.25,4,6,0.667,1,947,947,947,1094,1218,365,1245,681,380,489,378,788,980,604,608,1,201,557,899,546,883,228,1.0,18:42,2015,2016
2015-16,201939,Stephen Curry,Stephen,1610612744,GSW,Golden State Warriors,41500406,2016-06-16T00:00:00,GSW @ CLE,L,35.2,0.35,0.65,0.133,0.0,0.6,0.133,0.267,0.3,0.133,0.5,0.5,0.5,0.5,0.5,0.5,8,20,0.4,1,947,947,947,361,1516,221,1374,681,194,512,417,288,1231,604,608,643,104,847,499,155,111,937,1.0,35:14,2015,2016
2015-16,201575,Brandon Rush,Brandon,1610612744,GSW,Golden State Warriors,41500406,2016-06-16T00:00:00,GSW @ CLE,L,8.5,0.0,0.0,0.0,0.0,0.0,0.0,1.0,0.0,0.0,0.0,0.0,0.0,0.0,0.0,0.0,0,0,0.0,1,947,947,947,1530,1645,1231,1393,681,789,639,1,788,1276,1059,1033,709,201,1320,1069,1525,1737,1525,1.0,8:28,2015,2016
2015-16,2760,Anderson Varejao,Anderson,1610612744,GSW,Golden State Warriors,41500406,2016-06-16T00:00:00,GSW @ CLE,L,6.8,0.0,0.0,0.0,0.0,0.0,0.0,1.0,0.0,0.0,0.0,0.0,0.0,0.0,0.0,0.0,0,0,0.0,1,947,947,947,1585,1645,1231,1393,681,789,639,953,788,1276,1059,1033,709,201,1320,1069,1525,1737,1525,1.0,6:49,2015,2016
2015-16,203949,James Michael McAdoo,James Michael,1610612744,GSW,Golden State Warriors,41500406,2016-06-16T00:00:00,GSW @ CLE,L,3.4,1.0,0.0,1.0,0.0,0.0,0.0,0.0,0.0,1.0,1.0,0.0,0.0,0.0,1.0,0.0,1,1,1.0,1,947,947,947,1730,1,1231,1,681,789,639,953,788,1,1,1033,709,201,1,1069,1193,1573,1,1.0,3:23,2015,2016
2015-16,203546,Ian Clark,Ian,1610612744,GSW,Golden State Warriors,41500406,2016-06-16T00:00:00,GSW @ CLE,L,3.4,0.0,1.0,0.0,0.0,1.0,0.0,0.0,0.0,0.0,0.0,0.0,0.0,1.0,0.0,1.0,1,1,1.0,1,947,947,947,1730,1645,1,1393,681,1,639,953,788,1276,1059,1033,709,1,1320,1,1193,1573,1,1.0,3:23,2015,2016
2015-16,2733,Shaun Livingston,Shaun,1610612744,GSW,Golden State Warriors,41500406,2016-06-16T00:00:00,GSW @ CLE,L,21.4,1.0,0.0,0.667,0.667,0.0,0.0,0.333,0.667,0.0,1.0,0.0,0.0,0.0,1.0,0.0,1,6,0.167,1,947,947,947,972,1,1231,606,54,789,639,252,66,1276,1,1033,709,201,1,1069,1193,883,1468,1.0,21:26,2015,2016
2015-16,203084,Harrison Barnes,Harrison,1610612744,GSW,Golden State Warriors,41500406,2016-06-16T00:00:00,GSW @ CLE,L,16.4,0.375,0.625,0.0,0.0,0.0,0.0,1.0,0.0,0.0,0.0,0.0,0.0,0.0,0.0,0.0,0,8,0.0,1,947,947,947,1198,1498,230,1393,681,789,639,953,788,1276,1059,1033,709,201,1320,1069,1525,660,1525,1.0,16:26,2015,2016
2015-16,101106,Andrew Bogut,Andrew,1610612744,GSW,Golden State Warriors,41500405,2016-06-13T00:00:00,GSW vs. CLE,L,7.6,0.0,0.0,0.0,0.0,0.0,0.0,1.0,0.0,0.0,0.0,0.0,0.0,0.0,0.0,0.0,0,0,0.0,1,947,947,947,1560,1645,1231,1393,681,789,639,953,788,1276,1059,1033,709,201,1320,1069,1525,1737,1525,1.0,7:35,2015,2016
2015-16,202691,Klay Thompson,Klay,1610612744,GSW,Golden State Warriors,41500405,2016-06-13T00:00:00,GSW vs. CLE,L,40.5,0.45,0.55,0.27,0.054,0.486,0.0,0.244,0.081,0.216,0.8,0.2,0.833,0.167,0.818,0.182,11,20,0.55,1,947,947,947,110,1400,335,1278,677,356,639,491,752,1143,382,993,593,194,503,1021,47,111,474,1.0,40:31,2015,2016
2015-16,201939,Stephen Curry,Stephen,1610612744,GSW,Golden State Warriors,41500405,2016-06-13T00:00:00,GSW vs. CLE,L,40.1,0.286,0.714,0.24,0.0,0.6,0.08,0.16,0.08,0.24,0.333,0.667,0.4,0.6,0.375,0.625,8,21,0.381,1,947,947,947,136,1565,166,1315,681,194,601,680,754,1101,837,476,686,103,1080,434,155,86,1014,1.0,40:07,2015,2016
2015-16,2760,Anderson Varejao,Anderson,1610612744,GSW,Golden State Warriors,41500405,2016-06-13T00:00:00,GSW vs. CLE,L,8.6,0.0,0.0,0.0,0.0,0.0,0.333,1.0,0.0,0.0,0.0,0.0,0.0,0.0,0.0,0.0,0,0,0.0,1,947,947,947,1524,1645,1231,1393,681,789,160,1,788,1276,1059,1033,709,201,1320,1069,1525,1737,1525,1.0,8:37,2015,2016
2015-16,203084,Harrison Barnes,Harrison,1610612744,GSW,Golden State Warriors,41500405,2016-06-13T00:00:00,GSW vs. CLE,L,37.9,0.571,0.429,0.4,0.0,0.6,0.0,0.0,0.4,0.4,0.0,1.0,1.0,0.0,0.5,0.5,2,14,0.143,1,947,947,947,220,1150,558,1052,681,194,639,953,187,749,1059,1,1,201,847,499,950,271,1493,1.0,37:54,2015,2016
2015-16,2738,Andre Iguodala,Andre,1610612744,GSW,Golden State Warriors,41500405,2016-06-13T00:00:00,GSW vs. CLE,L,41.0,0.692,0.308,0.667,0.0,0.2,0.4,0.133,0.133,0.667,0.4,0.6,1.0,0.0,0.5,0.5,6,13,0.462,1,947,947,947,93,920,812,606,681,694,118,746,626,348,801,565,1,201,847,499,305,318,790,1.0,41:02,2015,2016
2015-16,201575,Brandon Rush,Brandon,1610612744,GSW,Golden State Warriors,41500405,2016-06-13T00:00:00,GSW vs. CLE,L,4.7,0.0,1.0,0.0,0.0,0.0,0.0,1.0,0.0,0.0,0.0,0.0,0.0,0.0,0.0,0.0,0,1,0.0,1,947,947,947,1675,1645,1,1393,681,789,639,953,788,1276,1059,1033,709,201,1320,1069,1525,1573,1525,1.0,4:41,2015,2016
2015-16,203949,James Michael McAdoo,James Michael,1610612744,GSW,Golden State Warriors,41500405,2016-06-13T00:00:00,GSW vs. CLE,L,7.6,0.0,0.0,0.0,0.0,0.0,0.0,1.0,0.0,0.0,0.0,0.0,0.0,0.0,0.0,0.0,0,0,0.0,1,947,947,947,1558,1645,1231,1393,681,789,639,953,788,1276,1059,1033,709,201,1320,1069,1525,1737,1525,1.0,7:37,2015,2016
2015-16,2733,Shaun Livingston,Shaun,1610612744,GSW,Golden State Warriors,41500405,2016-06-13T00:00:00,GSW vs. CLE,L,21.2,0.857,0.143,0.857,0.571,0.0,0.0,0.143,0.286,0.286,0.333,0.667,0.0,0.0,0.333,0.667,3,7,0.429,1,947,947,947,981,586,1128,375,80,789,639,706,300,980,837,476,709,201,1100,342,718,764,862,1.0,21:13,2015,2016
2015-16,201578,Marreese Speights,Marreese,1610612744,GSW,Golden State Warriors,41500405,2016-06-13T00:00:00,GSW vs. CLE,L,11.3,0.5,0.5,0.0,0.0,0.0,0.0,1.0,0.0,0.0,0.0,0.0,0.0,0.0,0.0,0.0,0,6,0.0,1,947,947,947,1415,1218,365,1393,681,789,639,953,788,1276,1059,1033,709,201,1320,1069,1525,883,1525,1.0,11:20,2015,2016
2015-16,203105,Festus Ezeli,Festus,1610612744,GSW,Golden State Warriors,41500405,2016-06-13T00:00:00,GSW vs. CLE,L,9.5,1.0,0.0,1.0,0.0,0.0,0.0,0.0,0.0,1.0,0.0,1.0,0.0,0.0,0.0,1.0,1,3,0.333,1,947,947,947,1477,1,1231,1,681,789,639,953,788,1,1059,1,709,201,1320,1,1193,1279,1095,1.0,9:31,2015,2016
2015-16,2571,Leandro Barbosa,Leandro,1610612744,GSW,Golden State Warriors,41500405,2016-06-13T00:00:00,GSW vs. CLE,L,9.9,0.333,0.667,0.0,0.0,1.0,0.0,0.0,0.0,0.0,0.0,0.0,1.0,0.0,1.0,0.0,1,3,0.333,1,947,947,947,1465,1517,179,1393,681,1,639,953,788,1276,1059,1033,1,201,1,1069,1193,1279,1095,1.0,9:53,2015,2016
2015-16,2760,Anderson Varejao,Anderson,1610612744,GSW,Golden State Warriors,41500404,2016-06-10T00:00:00,GSW @ CLE,W,4.0,1.0,0.0,0.0,0.0,0.0,0.0,1.0,0.0,0.0,0.0,0.0,0.0,0.0,0.0,0.0,0,1,0.0,1,1,1,1,1704,1,1231,1393,681,789,639,1,788,1276,1059,1033,709,201,1320,1069,1525,1573,1525,1.0,4:02,2015,2016
2015-16,203110,Draymond Green,Draymond,1610612744,GSW,Golden State Warriors,41500404,2016-06-10T00:00:00,GSW @ CLE,W,42.2,0.556,0.444,0.444,0.0,0.0,0.111,0.556,0.222,0.444,0.5,0.5,0.0,0.0,0.5,0.5,2,9,0.222,1,1,1,1,53,1183,544,1005,681,789,556,110,426,698,604,608,709,201,847,499,950,571,1410,1.0,42:14,2015,2016
2015-16,101106,Andrew Bogut,Andrew,1610612744,GSW,Golden State Warriors,41500404,2016-06-10T00:00:00,GSW @ CLE,W,10.0,0.0,0.0,0.0,0.0,0.0,0.0,1.0,0.0,0.0,0.0,0.0,0.0,0.0,0.0,0.0,0,0,0.0,1,1,1,1,1461,1645,1231,1393,681,789,639,953,788,1276,1059,1033,709,201,1320,1069,1525,1737,1525,1.0,10:01,2015,2016
2015-16,201578,Marreese Speights,Marreese,1610612744,GSW,Golden State Warriors,41500404,2016-06-10T00:00:00,GSW @ CLE,W,0.1,0.0,0.0,0.0,0.0,0.0,0.0,1.0,0.0,0.0,0.0,0.0,0.0,0.0,0.0,0.0,0,0,0.0,1,1,1,1,1893,1645,1231,1393,681,789,639,953,788,1276,1059,1033,709,201,1320,1069,1525,1737,1525,1.0,0:06,2015,2016
2015-16,2738,Andre Iguodala,Andre,1610612744,GSW,Golden State Warriors,41500404,2016-06-10T00:00:00,GSW @ CLE,W,37.1,0.583,0.417,0.4,0.2,0.6,0.2,0.0,0.5,0.2,0.5,0.5,1.0,0.0,0.75,0.25,4,12,0.333,1,1,1,1,259,1137,592,1052,416,194,360,953,101,1151,604,608,1,201,557,899,546,370,1095,1.0,37:08,2015,2016
2015-16,203105,Festus Ezeli,Festus,1610612744,GSW,Golden State Warriors,41500404,2016-06-10T00:00:00,GSW @ CLE,W,1.3,0.0,0.0,0.0,0.0,0.0,0.0,1.0,0.0,0.0,0.0,0.0,0.0,0.0,0.0,0.0,0,0,0.0,1,1,1,1,1838,1645,1231,1393,681,789,639,953,788,1276,1059,1033,709,201,1320,1069,1525,1737,1525,1.0,1:19,2015,2016
2015-16,2733,Shaun Livingston,Shaun,1610612744,GSW,Golden State Warriors,41500404,2016-06-10T00:00:00,GSW @ CLE,W,18.6,1.0,0.0,0.75,0.75,0.0,0.0,0.25,0.0,0.0,0.667,0.333,0.0,0.0,0.667,0.333,3,8,0.375,1,1,1,1,1100,1,1231,498,47,789,639,433,788,1276,452,840,709,201,653,762,718,660,1022,1.0,18:34,2015,2016
2015-16,203949,James Michael McAdoo,James Michael,1610612744,GSW,Golden State Warriors,41500404,2016-06-10T00:00:00,GSW @ CLE,W,7.4,1.0,0.0,1.0,0.0,0.0,0.0,0.0,0.0,1.0,1.0,0.0,0.0,0.0,1.0,0.0,1,1,1.0,1,1,1,1,1567,1,1231,1,681,789,639,953,788,1,1,1033,709,201,1,1069,1193,1573,1,1.0,7:25,2015,2016
2015-16,201939,Stephen Curry,Stephen,1610612744,GSW,Golden State Warriors,41500404,2016-06-10T00:00:00,GSW @ CLE,W,39.7,0.48,0.52,0.211,0.0,0.553,0.079,0.236,0.211,0.211,0.5,0.5,0.571,0.429,0.545,0.455,11,25,0.44,1,1,1,1,156,1373,364,1332,681,305,604,496,463,1146,604,608,642,147,841,680,47,29,850,1.0,39:39,2015,2016
2015-16,203084,Harrison Barnes,Harrison,1610612744,GSW,Golden State Warriors,41500404,2016-06-10T00:00:00,GSW @ CLE,W,40.2,0.545,0.455,0.143,0.0,0.857,0.0,0.0,0.0,0.143,0.0,1.0,1.0,0.0,0.8,0.2,5,11,0.455,1,1,1,1,133,1194,534,1368,681,105,639,953,788,1221,1059,1,1,201,505,974,395,423,806,1.0,40:10,2015,2016
2015-16,202691,Klay Thompson,Klay,1610612744,GSW,Golden State Warriors,41500404,2016-06-10T00:00:00,GSW @ CLE,W,39.4,0.357,0.643,0.24,0.16,0.48,0.12,0.28,0.12,0.08,0.667,0.333,1.0,0.0,0.857,0.143,7,14,0.5,1,1,1,1,162,1513,224,1315,511,358,545,406,670,1271,452,840,1,201,465,1043,206,271,525,1.0,39:23,2015,2016
2015-16,201575,Brandon Rush,Brandon,1610612744,GSW,Golden State Warriors,41500403,2016-06-08T00:00:00,GSW @ CLE,L,5.9,1.0,0.0,0.0,0.0,0.0,0.0,1.0,0.0,0.0,0.0,0.0,0.0,0.0,0.0,0.0,0,1,0.0,1,947,947,947,1619,1,1231,1393,681,789,639,953,788,1276,1059,1033,709,201,1320,1069,1525,1573,1525,1.0,5:53,2015,2016
2015-16,201578,Marreese Speights,Marreese,1610612744,GSW,Golden State Warriors,41500403,2016-06-08T00:00:00,GSW @ CLE,L,7.9,0.5,0.5,0.0,0.0,0.6,0.0,0.4,0.0,0.0,0.0,0.0,1.0,0.0,1.0,0.0,1,4,0.25,1,947,947,947,1546,1218,365,1393,681,194,639,192,788,1276,1059,1033,1,201,1,1069,1193,1137,1326,1.0,7:55,2015,2016
2015-16,203110,Draymond Green,Draymond,1610612744,GSW,Golden State Warriors,41500403,2016-06-08T00:00:00,GSW @ CLE,L,35.9,0.5,0.5,0.667,0.333,0.0,0.333,0.333,0.333,0.333,0.5,0.5,0.0,0.0,0.5,0.5,2,8,0.25,1,947,947,947,334,1218,365,606,223,789,160,252,230,899,604,608,709,201,847,499,950,660,1326,1.0,35:56,2015,2016
2015-16,202691,Klay Thompson,Klay,1610612744,GSW,Golden State Warriors,41500403,2016-06-08T00:00:00,GSW @ CLE,L,30.7,0.462,0.538,0.6,0.0,0.3,0.3,0.1,0.2,0.6,0.667,0.333,0.0,1.0,0.5,0.5,4,13,0.308,1,947,947,947,580,1385,344,774,681,564,209,836,474,475,452,840,709,1,847,499,546,318,1240,1.0,30:39,2015,2016
2015-16,203546,Ian Clark,Ian,1610612744,GSW,Golden State Warriors,41500403,2016-06-08T00:00:00,GSW @ CLE,L,5.7,0.333,0.667,0.0,0.0,1.0,0.0,0.0,0.0,0.0,0.0,0.0,1.0,0.0,1.0,0.0,1,3,0.333,1,947,947,947,1632,1517,179,1393,681,1,639,953,788,1276,1059,1033,1,201,1,1069,1193,1279,1095,1.0,5:39,2015,2016
2015-16,203105,Festus Ezeli,Festus,1610612744,GSW,Golden State Warriors,41500403,2016-06-08T00:00:00,GSW @ CLE,L,2.8,1.0,0.0,0.0,0.0,0.0,0.0,1.0,0.0,0.0,0.0,0.0,0.0,0.0,0.0,0.0,0,1,0.0,1,947,947,947,1766,1,1231,1393,681,789,639,953,788,1276,1059,1033,709,201,1320,1069,1525,1573,1525,1.0,2:48,2015,2016
2015-16,2760,Anderson Varejao,Anderson,1610612744,GSW,Golden State Warriors,41500403,2016-06-08T00:00:00,GSW @ CLE,L,9.9,1.0,0.0,0.0,0.0,0.0,0.0,1.0,0.0,0.0,0.0,0.0,0.0,0.0,0.0,0.0,0,1,0.0,1,947,947,947,1462,1,1231,1393,681,789,639,1,788,1276,1059,1033,709,201,1320,1069,1525,1573,1525,1.0,9:56,2015,2016
2015-16,201939,Stephen Curry,Stephen,1610612744,GSW,Golden State Warriors,41500403,2016-06-08T00:00:00,GSW @ CLE,L,31.0,0.308,0.692,0.316,0.105,0.474,0.158,0.21,0.0,0.211,0.333,0.667,1.0,0.0,0.667,0.333,6,13,0.462,1,947,947,947,569,1559,177,1225,618,360,463,536,788,1146,837,476,1,201,653,762,305,318,790,1.0,30:59,2015,2016
2015-16,203084,Harrison Barnes,Harrison,1610612744,GSW,Golden State Warriors,41500403,2016-06-08T00:00:00,GSW @ CLE,L,33.4,0.545,0.455,0.556,0.222,0.333,0.0,0.111,0.111,0.333,0.6,0.4,0.5,0.5,0.571,0.429,7,11,0.636,1,947,947,947,434,1194,534,860,382,520,639,805,691,899,559,804,643,104,824,689,206,423,305,1.0,33:22,2015,2016
2015-16,101106,Andrew Bogut,Andrew,1610612744,GSW,Golden State Warriors,41500403,2016-06-08T00:00:00,GSW @ CLE,L,12.0,0.833,0.167,1.0,0.0,0.0,0.0,0.0,0.0,1.0,1.0,0.0,0.0,0.0,1.0,0.0,2,6,0.333,1,947,947,947,1379,618,1087,1,681,789,639,953,788,1,1,1033,709,201,1,1069,950,883,1095,1.0,12:01,2015,2016
2015-16,2738,Andre Iguodala,Andre,1610612744,GSW,Golden State Warriors,41500403,2016-06-08T00:00:00,GSW @ CLE,L,28.4,0.714,0.286,0.727,0.182,0.273,0.0,0.0,0.0,0.545,0.75,0.25,1.0,0.0,0.8,0.2,5,7,0.714,1,947,947,947,683,865,840,545,454,590,639,953,788,533,402,950,1,201,505,974,395,764,200,1.0,28:25,2015,2016
2015-16,2733,Shaun Livingston,Shaun,1610612744,GSW,Golden State Warriors,41500403,2016-06-08T00:00:00,GSW @ CLE,L,19.8,1.0,0.0,0.8,0.0,0.0,0.0,0.2,0.0,0.8,0.0,1.0,0.0,0.0,0.0,1.0,2,3,0.667,1,947,947,947,1036,1,1231,431,681,789,639,544,788,246,1059,1,709,201,1320,1,950,1279,228,1.0,19:46,2015,2016
2015-16,2571,Leandro Barbosa,Leandro,1610612744,GSW,Golden State Warriors,41500403,2016-06-08T00:00:00,GSW @ CLE,L,16.7,0.8,0.2,0.5,0.5,0.0,0.0,0.5,0.25,0.0,1.0,0.0,0.0,0.0,1.0,0.0,2,5,0.4,1,947,947,947,1185,681,1012,901,90,789,639,121,355,1276,1,1033,709,201,1,1069,950,1005,937,1.0,16:42,2015,2016
2015-16,201578,Marreese Speights,Marreese,1610612744,GSW,Golden State Warriors,41500402,2016-06-05T00:00:00,GSW vs. CLE,W,4.6,0.5,0.5,0.0,0.0,1.0,0.0,0.0,1.0,0.0,0.0,0.0,1.0,0.0,1.0,0.0,1,2,0.5,1,1,1,1,1680,1218,365,1393,681,1,639,953,1,1276,1059,1033,1,201,1,1069,1193,1420,525,1.0,4:37,2015,2016
2015-16,203110,Draymond Green,Draymond,1610612744,GSW,Golden State Warriors,41500402,2016-06-05T00:00:00,GSW vs. CLE,W,33.9,0.6,0.4,0.429,0.143,0.536,0.0,0.035,0.214,0.286,0.5,0.5,0.8,0.2,0.636,0.364,11,20,0.55,1,1,1,1,412,1096,603,1029,539,312,639,950,455,980,604,608,596,186,765,756,47,111,474,1.0,33:52,2015,2016
2015-16,203105,Festus Ezeli,Festus,1610612744,GSW,Golden State Warriors,41500402,2016-06-05T00:00:00,GSW vs. CLE,W,11.0,1.0,0.0,0.667,0.0,0.0,0.0,0.333,0.0,0.667,0.5,0.5,0.0,0.0,0.5,0.5,2,3,0.667,1,1,1,1,1426,1,1231,606,681,789,639,252,788,348,604,608,709,201,847,499,950,1279,228,1.0,10:58,2015,2016
2015-16,101106,Andrew Bogut,Andrew,1610612744,GSW,Golden State Warriors,41500402,2016-06-05T00:00:00,GSW vs. CLE,W,15.0,1.0,0.0,1.0,0.0,0.0,0.0,0.0,0.0,1.0,1.0,0.0,0.0,0.0,1.0,0.0,1,4,0.25,1,1,1,1,1249,1,1231,1,681,789,639,953,788,1,1,1033,709,201,1,1069,1193,1137,1326,1.0,14:57,2015,2016
2015-16,203084,Harrison Barnes,Harrison,1610612744,GSW,Golden State Warriors,41500402,2016-06-05T00:00:00,GSW vs. CLE,W,34.5,0.714,0.286,0.8,0.4,0.0,0.0,0.2,0.4,0.4,1.0,0.0,0.0,0.0,1.0,0.0,2,7,0.286,1,1,1,1,385,865,840,431,162,789,639,544,187,749,1,1033,709,201,1,1069,950,764,1266,1.0,34:30,2015,2016
2015-16,2738,Andre Iguodala,Andre,1610612744,GSW,Golden State Warriors,41500402,2016-06-05T00:00:00,GSW vs. CLE,W,28.4,0.667,0.333,0.857,0.0,0.0,0.0,0.143,0.286,0.857,0.667,0.333,0.0,0.0,0.667,0.333,3,6,0.5,1,1,1,1,685,934,695,375,681,789,639,706,300,220,452,840,709,201,653,762,718,883,525,1.0,28:22,2015,2016
2015-16,201939,Stephen Curry,Stephen,1610612744,GSW,Golden State Warriors,41500402,2016-06-05T00:00:00,GSW vs. CLE,W,24.7,0.273,0.727,0.333,0.0,0.667,0.167,0.0,0.0,0.333,0.0,1.0,0.5,0.5,0.286,0.714,7,11,0.636,1,1,1,1,850,1572,162,1191,681,175,434,953,788,899,1059,1,643,104,1190,323,206,423,305,1.0,24:43,2015,2016
2015-16,203546,Ian Clark,Ian,1610612744,GSW,Golden State Warriors,41500402,2016-06-05T00:00:00,GSW vs. CLE,W,7.6,0.5,0.5,0.571,0.0,0.429,0.0,0.0,0.286,0.571,0.0,1.0,1.0,0.0,0.333,0.667,3,4,0.75,1,1,1,1,1557,1218,365,813,681,380,639,953,300,494,1059,1,1,201,1100,342,718,1137,167,1.0,7:37,2015,2016
2015-16,2571,Leandro Barbosa,Leandro,1610612744,GSW,Golden State Warriors,41500402,2016-06-05T00:00:00,GSW vs. CLE,W,17.7,0.714,0.286,1.0,0.0,0.0,0.6,0.0,0.6,1.0,0.6,0.4,0.0,0.0,0.6,0.4,5,7,0.714,1,1,1,1,1141,865,840,1,681,789,43,953,82,1,559,804,709,201,777,705,395,764,200,1.0,17:39,2015,2016
2015-16,2733,Shaun Livingston,Shaun,1610612744,GSW,Golden State Warriors,41500402,2016-06-05T00:00:00,GSW vs. CLE,W,24.1,1.0,0.0,0.857,0.0,0.0,0.286,0.143,0.286,0.857,0.333,0.667,0.0,0.0,0.333,0.667,3,4,0.75,1,1,1,1,875,1,1231,375,681,789,222,706,300,220,837,476,709,201,1100,342,718,1137,167,1.0,24:08,2015,2016
2015-16,202691,Klay Thompson,Klay,1610612744,GSW,Golden State Warriors,41500402,2016-06-05T00:00:00,GSW vs. CLE,W,31.5,0.385,0.615,0.235,0.118,0.706,0.176,0.059,0.176,0.118,1.0,0.0,0.75,0.25,0.833,0.167,6,13,0.462,1,1,1,1,535,1491,240,1317,594,162,423,914,547,1245,1,1033,604,175,483,1023,305,318,790,1.0,31:29,2015,2016
2015-16,201575,Brandon Rush,Brandon,1610612744,GSW,Golden State Warriors,41500402,2016-06-05T00:00:00,GSW vs. CLE,W,7.1,0.0,0.0,0.0,0.0,0.0,0.0,1.0,0.0,0.0,0.0,0.0,0.0,0.0,0.0,0.0,0,0,0.0,1,1,1,1,1573,1645,1231,1393,681,789,639,953,788,1276,1059,1033,709,201,1320,1069,1525,1737,1525,1.0,7:08,2015,2016
2015-16,203084,Harrison Barnes,Harrison,1610612744,GSW,Golden State Warriors,41500401,2016-06-02T00:00:00,GSW vs. CLE,W,30.2,0.8,0.2,0.923,0.154,0.0,0.0,0.077,0.231,0.769,0.833,0.167,0.0,0.0,0.833,0.167,6,10,0.6,1,1,1,1,599,681,1012,328,515,789,639,886,415,283,369,1013,709,201,483,1023,305,495,346,1.0,30:11,2015,2016
2015-16,2571,Leandro Barbosa,Leandro,1610612744,GSW,Golden State Warriors,41500401,2016-06-02T00:00:00,GSW vs. CLE,W,11.4,0.8,0.2,0.727,0.182,0.273,0.273,0.0,0.182,0.545,0.75,0.25,1.0,0.0,0.8,0.2,5,5,1.0,1,1,1,1,1412,681,1012,545,454,590,241,953,524,533,402,950,1,201,505,974,395,1005,1,1.0,11:25,2015,2016
2015-16,203110,Draymond Green,Draymond,1610612744,GSW,Golden State Warriors,41500401,2016-06-02T00:00:00,GSW vs. CLE,W,40.3,0.455,0.545,0.375,0.125,0.375,0.125,0.25,0.313,0.25,0.667,0.333,1.0,0.0,0.8,0.2,5,11,0.455,1,1,1,1,125,1394,338,1157,573,469,526,433,274,1056,452,840,1,201,505,974,395,423,806,1.0,40:17,2015,2016
2015-16,201939,Stephen Curry,Stephen,1610612744,GSW,Golden State Warriors,41500401,2016-06-02T00:00:00,GSW vs. CLE,W,35.9,0.467,0.533,0.182,0.0,0.818,0.0,0.0,0.545,0.182,0.0,1.0,0.333,0.667,0.25,0.75,4,15,0.267,1,1,1,1,335,1378,353,1347,681,113,639,953,99,1176,1059,1,687,93,1206,289,546,242,1318,1.0,35:54,2015,2016
2015-16,202691,Klay Thompson,Klay,1610612744,GSW,Golden State Warriors,41500401,2016-06-02T00:00:00,GSW vs. CLE,W,24.4,0.583,0.417,0.667,0.0,0.333,0.222,0.0,0.222,0.667,0.667,0.333,1.0,0.0,0.75,0.25,4,12,0.333,1,1,1,1,864,1137,592,606,681,520,328,953,426,348,452,840,1,201,557,899,546,370,1095,1.0,24:23,2015,2016
2015-16,201575,Brandon Rush,Brandon,1610612744,GSW,Golden State Warriors,41500401,2016-06-02T00:00:00,GSW vs. CLE,W,1.5,1.0,0.0,0.0,0.0,0.0,0.0,1.0,0.0,0.0,0.0,0.0,0.0,0.0,0.0,0.0,0,1,0.0,1,1,1,1,1821,1,1231,1393,681,789,639,953,788,1276,1059,1033,709,201,1320,1069,1525,1573,1525,1.0,1:32,2015,2016
2015-16,2760,Anderson Varejao,Anderson,1610612744,GSW,Golden State Warriors,41500401,2016-06-02T00:00:00,GSW vs. CLE,W,3.3,1.0,0.0,0.0,0.0,0.0,0.0,1.0,0.0,0.0,0.0,0.0,0.0,0.0,0.0,0.0,0,1,0.0,1,1,1,1,1738,1,1231,1393,681,789,639,953,788,1276,1059,1033,709,201,1320,1069,1525,1573,1525,1.0,3:19,2015,2016
2015-16,101106,Andrew Bogut,Andrew,1610612744,GSW,Golden State Warriors,41500401,2016-06-02T00:00:00,GSW vs. CLE,W,15.4,1.0,0.0,1.0,0.0,0.0,0.0,0.0,0.0,1.0,0.6,0.4,0.0,0.0,0.6,0.4,5,7,0.714,1,1,1,1,1237,1,1231,1,681,789,639,953,788,1,559,804,709,201,777,705,395,764,200,1.0,15:25,2015,2016
2015-16,203105,Festus Ezeli,Festus,1610612744,GSW,Golden State Warriors,41500401,2016-06-02T00:00:00,GSW vs. CLE,W,10.5,1.0,0.0,1.0,0.0,0.0,0.0,0.0,0.0,1.0,1.0,0.0,0.0,0.0,1.0,0.0,1,4,0.25,1,1,1,1,1446,1,1231,1,681,789,639,953,788,1,1,1033,709,201,1,1069,1193,1137,1326,1.0,10:29,2015,2016
2015-16,203546,Ian Clark,Ian,1610612744,GSW,Golden State Warriors,41500401,2016-06-02T00:00:00,GSW vs. CLE,W,2.6,0.0,0.0,0.0,0.0,0.0,0.0,1.0,0.0,0.0,0.0,0.0,0.0,0.0,0.0,0.0,0,0,0.0,1,1,1,1,1768,1645,1231,1393,681,789,639,953,788,1276,1059,1033,709,201,1320,1069,1525,1737,1525,1.0,2:38,2015,2016
2015-16,2738,Andre Iguodala,Andre,1610612744,GSW,Golden State Warriors,41500401,2016-06-02T00:00:00,GSW vs. CLE,W,35.9,0.556,0.444,0.5,0.167,0.5,0.167,0.0,0.25,0.333,0.667,0.333,1.0,0.0,0.8,0.2,5,9,0.556,1,1,1,1,338,1183,544,901,486,325,434,953,355,899,452,840,1,201,505,974,395,571,450,1.0,35:52,2015,2016
2015-16,201578,Marreese Speights,Marreese,1610612744,GSW,Golden State Warriors,41500401,2016-06-02T00:00:00,GSW vs. CLE,W,2.0,0.5,0.5,0.0,0.0,0.0,0.0,1.0,0.0,0.0,0.0,0.0,0.0,0.0,0.0,0.0,0,2,0.0,1,1,1,1,1802,1218,365,1393,681,789,639,953,788,1276,1059,1033,709,201,1320,1069,1525,1420,1525,1.0,2:01,2015,2016
2015-16,2733,Shaun Livingston,Shaun,1610612744,GSW,Golden State Warriors,41500401,2016-06-02T00:00:00,GSW vs. CLE,W,26.6,1.0,0.0,0.8,0.3,0.0,0.0,0.2,0.2,0.5,0.5,0.5,0.0,0.0,0.5,0.5,8,10,0.8,1,1,1,1,776,1,1231,431,271,789,639,544,474,565,604,608,709,201,847,499,155,495,139,1.0,26:34,2015,2016
2015-16,202691,Klay Thompson,Klay,1610612744,GSW,Golden State Warriors,41500317,2016-05-30T00:00:00,GSW vs. OKC,W,41.9,0.421,0.579,0.095,0.0,0.857,0.143,0.048,0.0,0.095,1.0,0.0,0.833,0.167,0.857,0.143,7,19,0.368,1,1,1,1,64,1436,300,1388,681,105,489,937,788,1261,1,1033,593,194,465,1043,206,134,1052,1.0,41:54,2015,2016
2015-16,2738,Andre Iguodala,Andre,1610612744,GSW,Golden State Warriors,41500317,2016-05-30T00:00:00,GSW vs. OKC,W,43.1,0.429,0.571,0.571,0.0,0.429,0.286,0.0,0.286,0.571,0.5,0.5,1.0,0.0,0.667,0.333,3,7,0.429,1,1,1,1,32,1416,302,813,681,380,222,953,300,494,604,608,1,201,653,762,718,764,862,1.0,43:04,2015,2016
2015-16,203105,Festus Ezeli,Festus,1610612744,GSW,Golden State Warriors,41500317,2016-05-30T00:00:00,GSW vs. OKC,W,13.3,1.0,0.0,1.0,0.0,0.0,0.0,0.0,0.0,1.0,1.0,0.0,0.0,0.0,1.0,0.0,1,3,0.333,1,1,1,1,1334,1,1231,1,681,789,639,953,788,1,1,1033,709,201,1,1069,1193,1279,1095,1.0,13:17,2015,2016
2015-16,201939,Stephen Curry,Stephen,1610612744,GSW,Golden State Warriors,41500317,2016-05-30T00:00:00,GSW vs. OKC,W,40.4,0.5,0.5,0.333,0.111,0.583,0.111,0.084,0.111,0.222,0.333,0.667,0.0,1.0,0.154,0.846,13,24,0.542,1,1,1,1,120,1218,365,1191,610,292,556,875,691,1118,837,476,709,1,1296,227,18,40,494,1.0,40:24,2015,2016
2015-16,203110,Draymond Green,Draymond,1610612744,GSW,Golden State Warriors,41500317,2016-05-30T00:00:00,GSW vs. OKC,W,40.1,0.643,0.357,0.727,0.182,0.273,0.0,0.0,0.0,0.545,0.5,0.5,1.0,0.0,0.6,0.4,5,14,0.357,1,1,1,1,135,1050,682,545,454,590,639,953,788,533,604,608,1,201,777,705,395,271,1077,1.0,40:07,2015,2016
2015-16,2733,Shaun Livingston,Shaun,1610612744,GSW,Golden State Warriors,41500317,2016-05-30T00:00:00,GSW vs. OKC,W,14.4,1.0,0.0,0.8,0.0,0.0,0.6,0.2,0.0,0.8,0.5,0.5,0.0,0.0,0.5,0.5,2,4,0.5,1,1,1,1,1276,1,1231,431,681,789,43,544,788,246,604,608,709,201,847,499,950,1137,525,1.0,14:26,2015,2016
2015-16,101106,Andrew Bogut,Andrew,1610612744,GSW,Golden State Warriors,41500317,2016-05-30T00:00:00,GSW vs. OKC,W,14.9,1.0,0.0,1.0,0.0,0.0,0.0,0.0,0.0,1.0,1.0,0.0,0.0,0.0,1.0,0.0,1,2,0.5,1,1,1,1,1250,1,1231,1,681,789,639,953,788,1,1,1033,709,201,1,1069,1193,1420,525,1.0,14:55,2015,2016
2015-16,203084,Harrison Barnes,Harrison,1610612744,GSW,Golden State Warriors,41500317,2016-05-30T00:00:00,GSW vs. OKC,W,22.2,0.333,0.667,0.4,0.0,0.6,0.0,0.0,0.4,0.4,1.0,0.0,1.0,0.0,1.0,0.0,2,6,0.333,1,1,1,1,940,1517,179,1052,681,194,639,953,187,749,1,1033,1,201,1,1069,950,883,1095,1.0,22:10,2015,2016
2015-16,201578,Marreese Speights,Marreese,1610612744,GSW,Golden State Warriors,41500317,2016-05-30T00:00:00,GSW vs. OKC,W,5.5,0.667,0.333,0.0,0.0,1.0,0.0,0.0,0.0,0.0,0.0,0.0,1.0,0.0,1.0,0.0,1,3,0.333,1,1,1,1,1639,934,695,1393,681,1,639,953,788,1276,1059,1033,1,201,1,1069,1193,1279,1095,1.0,5:30,2015,2016
2015-16,2571,Leandro Barbosa,Leandro,1610612744,GSW,Golden State Warriors,41500317,2016-05-30T00:00:00,GSW vs. OKC,W,2.4,1.0,0.0,1.0,1.0,0.0,0.0,0.0,0.0,0.0,1.0,0.0,0.0,0.0,1.0,0.0,1,2,0.5,1,1,1,1,1795,1,1231,1,1,789,639,953,788,1276,1,1033,709,201,1,1069,1193,1420,525,1.0,2:22,2015,2016
2015-16,2760,Anderson Varejao,Anderson,1610612744,GSW,Golden State Warriors,41500317,2016-05-30T00:00:00,GSW vs. OKC,W,1.9,1.0,0.0,1.0,0.0,0.0,0.0,0.0,1.0,1.0,0.0,1.0,0.0,0.0,0.0,1.0,1,1,1.0,1,1,1,1,1809,1,1231,1,681,789,639,953,1,1,1059,1,709,201,1320,1,1193,1573,1,1.0,1:51,2015,2016
2015-16,203105,Festus Ezeli,Festus,1610612744,GSW,Golden State Warriors,41500316,2016-05-28T00:00:00,GSW @ OKC,W,1.1,1.0,0.0,1.0,0.0,0.0,0.0,0.0,0.0,1.0,1.0,0.0,0.0,0.0,1.0,0.0,1,1,1.0,1,1,1,1,1859,1,1231,1,681,789,639,953,788,1,1,1033,709,201,1,1069,1193,1573,1,1.0,1:05,2015,2016
2015-16,2571,Leandro Barbosa,Leandro,1610612744,GSW,Golden State Warriors,41500316,2016-05-28T00:00:00,GSW @ OKC,W,1.7,0.0,0.0,0.0,0.0,0.0,0.0,1.0,0.0,0.0,0.0,0.0,0.0,0.0,0.0,0.0,0,0,0.0,1,1,1,1,1813,1645,1231,1393,681,789,639,953,788,1276,1059,1033,709,201,1320,1069,1525,1737,1525,1.0,1:44,2015,2016
2015-16,2738,Andre Iguodala,Andre,1610612744,GSW,Golden State Warriors,41500316,2016-05-28T00:00:00,GSW @ OKC,W,38.2,0.5,0.5,0.75,0.0,0.0,0.25,0.25,0.0,0.75,0.333,0.667,0.0,0.0,0.333,0.667,3,6,0.5,1,1,1,1,210,1218,365,498,681,789,262,433,788,286,837,476,709,201,1100,342,718,883,525,1.0,38:10,2015,2016
2015-16,203084,Harrison Barnes,Harrison,1610612744,GSW,Golden State Warriors,41500316,2016-05-28T00:00:00,GSW @ OKC,W,28.1,0.5,0.5,0.222,0.0,0.667,0.0,0.111,0.0,0.222,0.0,1.0,1.0,0.0,0.667,0.333,3,6,0.5,1,1,1,1,705,1218,365,1321,681,175,639,805,788,1118,1059,1,1,201,653,762,718,883,525,1.0,28:03,2015,2016
2015-16,101106,Andrew Bogut,Andrew,1610612744,GSW,Golden State Warriors,41500316,2016-05-28T00:00:00,GSW @ OKC,W,27.3,1.0,0.0,0.8,0.0,0.0,0.0,0.2,0.0,0.8,0.5,0.5,0.0,0.0,0.5,0.5,2,4,0.5,1,1,1,1,741,1,1231,431,681,789,639,544,788,246,604,608,709,201,847,499,950,1137,525,1.0,27:16,2015,2016
2015-16,2760,Anderson Varejao,Anderson,1610612744,GSW,Golden State Warriors,41500316,2016-05-28T00:00:00,GSW @ OKC,W,1.1,0.0,0.0,0.0,0.0,0.0,0.0,1.0,0.0,0.0,0.0,0.0,0.0,0.0,0.0,0.0,0,0,0.0,1,1,1,1,1858,1645,1231,1393,681,789,639,953,788,1276,1059,1033,709,201,1320,1069,1525,1737,1525,1.0,1:07,2015,2016
2015-16,202691,Klay Thompson,Klay,1610612744,GSW,Golden State Warriors,41500316,2016-05-28T00:00:00,GSW @ OKC,W,39.6,0.419,0.581,0.146,0.0,0.805,0.195,0.049,0.195,0.146,0.333,0.667,0.909,0.091,0.786,0.214,14,31,0.452,1,1,1,1,159,1438,299,1367,681,124,389,935,510,1220,837,476,589,200,552,972,8,4,825,1.0,39:35,2015,2016
2015-16,201578,Marreese Speights,Marreese,1610612744,GSW,Golden State Warriors,41500316,2016-05-28T00:00:00,GSW @ OKC,W,5.5,0.5,0.5,0.0,0.0,0.0,0.0,1.0,0.0,0.0,0.0,0.0,0.0,0.0,0.0,0.0,0,4,0.0,1,1,1,1,1637,1218,365,1393,681,789,639,953,788,1276,1059,1033,709,201,1320,1069,1525,1137,1525,1.0,5:32,2015,2016
2015-16,2733,Shaun Livingston,Shaun,1610612744,GSW,Golden State Warriors,41500316,2016-05-28T00:00:00,GSW @ OKC,W,13.8,1.0,0.0,0.0,0.0,0.0,0.0,1.0,0.0,0.0,0.0,0.0,0.0,0.0,0.0,0.0,0,4,0.0,1,1,1,1,1313,1,1231,1393,681,789,639,953,788,1276,1059,1033,709,201,1320,1069,1525,1137,1525,1.0,13:47,2015,2016
2015-16,201939,Stephen Curry,Stephen,1610612744,GSW,Golden State Warriors,41500316,2016-05-28T00:00:00,GSW @ OKC,W,41.0,0.364,0.636,0.194,0.065,0.581,0.0,0.225,0.29,0.129,0.333,0.667,0.5,0.5,0.444,0.556,9,22,0.409,1,1,1,1,94,1508,225,1345,670,293,639,513,297,1238,837,476,643,104,1029,488,115,67,934,1.0,41:01,2015,2016
2015-16,203110,Draymond Green,Draymond,1610612744,GSW,Golden State Warriors,41500316,2016-05-28T00:00:00,GSW @ OKC,W,42.7,0.5,0.5,0.333,0.0,0.5,0.333,0.167,0.167,0.333,0.5,0.5,1.0,0.0,0.75,0.25,4,10,0.4,1,1,1,1,41,1218,365,1191,681,325,160,647,555,899,604,608,1,201,557,899,546,495,937,1.0,42:40,2015,2016
2015-16,2571,Leandro Barbosa,Leandro,1610612744,GSW,Golden State Warriors,41500315,2016-05-26T00:00:00,GSW vs. OKC,W,7.3,0.0,0.0,0.0,0.0,0.0,0.0,1.0,0.0,0.0,0.0,0.0,0.0,0.0,0.0,0.0,0,0,0.0,1,1,1,1,1568,1645,1231,1393,681,789,639,953,788,1276,1059,1033,709,201,1320,1069,1525,1737,1525,1.0,7:20,2015,2016
2015-16,203110,Draymond Green,Draymond,1610612744,GSW,Golden State Warriors,41500315,2016-05-26T00:00:00,GSW vs. OKC,W,39.3,0.8,0.2,0.727,0.0,0.0,0.455,0.273,0.636,0.727,0.5,0.5,0.0,0.0,0.5,0.5,4,10,0.4,1,1,1,1,169,681,1012,545,681,789,101,408,77,322,604,608,709,201,847,499,546,495,937,1.0,39:16,2015,2016
2015-16,203084,Harrison Barnes,Harrison,1610612744,GSW,Golden State Warriors,41500315,2016-05-26T00:00:00,GSW vs. OKC,W,25.1,0.714,0.286,0.0,0.0,1.0,0.5,0.0,0.0,0.0,0.0,0.0,1.0,0.0,1.0,0.0,2,7,0.286,1,1,1,1,838,865,840,1393,681,1,56,953,788,1276,1059,1033,1,201,1,1069,950,764,1266,1.0,25:05,2015,2016
2015-16,201939,Stephen Curry,Stephen,1610612744,GSW,Golden State Warriors,41500315,2016-05-26T00:00:00,GSW vs. OKC,W,37.5,0.6,0.4,0.387,0.065,0.29,0.226,0.323,0.161,0.323,0.0,1.0,1.0,0.0,0.333,0.667,9,20,0.45,1,1,1,1,242,1096,603,1148,670,582,326,349,576,948,1059,1,1,201,1100,342,115,111,826,1.0,37:27,2015,2016
2015-16,202691,Klay Thompson,Klay,1610612744,GSW,Golden State Warriors,41500315,2016-05-26T00:00:00,GSW vs. OKC,W,37.0,0.571,0.429,0.444,0.148,0.222,0.222,0.334,0.0,0.296,0.833,0.167,1.0,0.0,0.875,0.125,8,21,0.381,1,1,1,1,271,1150,558,1005,536,675,328,252,788,975,369,1013,1,201,462,1061,155,86,1014,1.0,36:58,2015,2016
2015-16,201578,Marreese Speights,Marreese,1610612744,GSW,Golden State Warriors,41500315,2016-05-26T00:00:00,GSW vs. OKC,W,8.5,0.857,0.143,0.429,0.0,0.214,0.214,0.357,0.214,0.429,0.667,0.333,1.0,0.0,0.75,0.25,4,7,0.571,1,1,1,1,1526,586,1128,1029,681,682,350,244,455,730,452,840,1,201,557,899,546,764,410,1.0,8:31,2015,2016
2015-16,2760,Anderson Varejao,Anderson,1610612744,GSW,Golden State Warriors,41500315,2016-05-26T00:00:00,GSW vs. OKC,W,3.5,0.0,0.0,0.0,0.0,0.0,0.0,1.0,0.0,0.0,0.0,0.0,0.0,0.0,0.0,0.0,0,0,0.0,1,1,1,1,1722,1645,1231,1393,681,789,639,953,788,1276,1059,1033,709,201,1320,1069,1525,1737,1525,1.0,3:29,2015,2016
2015-16,101106,Andrew Bogut,Andrew,1610612744,GSW,Golden State Warriors,41500315,2016-05-26T00:00:00,GSW vs. OKC,W,29.8,1.0,0.0,0.933,0.0,0.0,0.067,0.067,0.133,0.933,0.714,0.286,0.0,0.0,0.714,0.286,7,9,0.778,1,1,1,1,620,1,1231,325,681,789,617,904,626,199,444,944,709,201,630,874,206,571,157,1.0,29:46,2015,2016
2015-16,203105,Festus Ezeli,Festus,1610612744,GSW,Golden State Warriors,41500315,2016-05-26T00:00:00,GSW vs. OKC,W,3.7,0.0,0.0,0.0,0.0,0.0,0.0,1.0,0.0,0.0,0.0,0.0,0.0,0.0,0.0,0.0,0,0,0.0,1,1,1,1,1715,1645,1231,1393,681,789,639,1,788,1276,1059,1033,709,201,1320,1069,1525,1737,1525,1.0,3:42,2015,2016
2015-16,2738,Andre Iguodala,Andre,1610612744,GSW,Golden State Warriors,41500315,2016-05-26T00:00:00,GSW vs. OKC,W,34.2,0.6,0.4,0.5,0.25,0.375,0.375,0.125,0.375,0.25,0.5,0.5,1.0,0.0,0.667,0.333,3,5,0.6,1,1,1,1,402,1096,603,901,325,469,143,760,209,1056,604,608,1,201,653,762,718,1005,346,1.0,34:11,2015,2016
2015-16,2733,Shaun Livingston,Shaun,1610612744,GSW,Golden State Warriors,41500315,2016-05-26T00:00:00,GSW vs. OKC,W,14.3,1.0,0.0,1.0,1.0,0.0,0.0,0.0,0.0,0.0,0.333,0.667,0.0,0.0,0.333,0.667,3,6,0.5,1,1,1,1,1290,1,1231,1,1,789,639,953,788,1276,837,476,709,201,1100,342,718,883,525,1.0,14:15,2015,2016
2015-16,201578,Marreese Speights,Marreese,1610612744,GSW,Golden State Warriors,41500314,2016-05-24T00:00:00,GSW @ OKC,L,11.5,0.857,0.143,0.8,0.8,0.0,0.0,0.2,0.0,0.0,0.5,0.5,0.0,0.0,0.5,0.5,2,7,0.286,1,947,947,947,1408,586,1128,431,44,789,639,544,788,1276,604,608,709,201,847,499,950,764,1266,1.0,11:32,2015,2016
2015-16,202691,Klay Thompson,Klay,1610612744,GSW,Golden State Warriors,41500314,2016-05-24T00:00:00,GSW @ OKC,L,29.2,0.353,0.647,0.385,0.0,0.462,0.269,0.153,0.231,0.385,0.2,0.8,0.5,0.5,0.333,0.667,9,17,0.529,1,947,947,947,653,1514,222,1150,681,366,247,687,415,849,982,370,643,104,1100,342,115,185,510,1.0,29:11,2015,2016
2015-16,203110,Draymond Green,Draymond,1610612744,GSW,Golden State Warriors,41500314,2016-05-24T00:00:00,GSW @ OKC,L,37.7,0.714,0.286,0.333,0.0,0.0,0.0,0.667,0.0,0.333,0.0,1.0,0.0,0.0,0.0,1.0,1,7,0.143,1,947,947,947,232,865,840,1191,681,789,639,74,788,899,1059,1,709,201,1320,1,1193,764,1493,1.0,37:40,2015,2016
2015-16,203546,Ian Clark,Ian,1610612744,GSW,Golden State Warriors,41500314,2016-05-24T00:00:00,GSW @ OKC,L,3.5,1.0,0.0,0.0,0.0,0.0,0.0,1.0,0.0,0.0,0.0,0.0,0.0,0.0,0.0,0.0,0,1,0.0,1,947,947,947,1722,1,1231,1393,681,789,639,953,788,1276,1059,1033,709,201,1320,1069,1525,1573,1525,1.0,3:29,2015,2016
2015-16,2760,Anderson Varejao,Anderson,1610612744,GSW,Golden State Warriors,41500314,2016-05-24T00:00:00,GSW @ OKC,L,4.3,1.0,0.0,0.0,0.0,0.0,0.0,1.0,0.0,0.0,0.0,0.0,0.0,0.0,0.0,0.0,0,1,0.0,1,947,947,947,1691,1,1231,1393,681,789,639,953,788,1276,1059,1033,709,201,1320,1069,1525,1573,1525,1.0,4:18,2015,2016
2015-16,201939,Stephen Curry,Stephen,1610612744,GSW,Golden State Warriors,41500314,2016-05-24T00:00:00,GSW @ OKC,L,39.0,0.5,0.5,0.421,0.211,0.316,0.105,0.263,0.105,0.211,0.0,1.0,0.5,0.5,0.167,0.833,6,20,0.3,1,947,947,947,182,1218,365,1041,408,556,570,423,709,1146,1059,1,643,104,1283,230,305,111,1248,1.0,39:00,2015,2016
2015-16,2571,Leandro Barbosa,Leandro,1610612744,GSW,Golden State Warriors,41500314,2016-05-24T00:00:00,GSW @ OKC,L,3.3,0.0,0.0,0.0,0.0,0.0,1.0,1.0,0.0,0.0,0.0,0.0,0.0,0.0,0.0,0.0,0,0,0.0,1,947,947,947,1751,1645,1231,1393,681,789,1,1,788,1276,1059,1033,709,201,1320,1069,1525,1737,1525,1.0,3:15,2015,2016
2015-16,201575,Brandon Rush,Brandon,1610612744,GSW,Golden State Warriors,41500314,2016-05-24T00:00:00,GSW @ OKC,L,3.3,0.0,0.0,0.0,0.0,0.0,0.0,1.0,0.0,0.0,0.0,0.0,0.0,0.0,0.0,0.0,0,0,0.0,1,947,947,947,1737,1645,1231,1393,681,789,639,953,788,1276,1059,1033,709,201,1320,1069,1525,1737,1525,1.0,3:19,2015,2016
2015-16,2733,Shaun Livingston,Shaun,1610612744,GSW,Golden State Warriors,41500314,2016-05-24T00:00:00,GSW @ OKC,L,18.8,1.0,0.0,1.0,0.0,0.0,0.5,0.0,0.5,1.0,0.5,0.5,0.0,0.0,0.5,0.5,2,6,0.333,1,947,947,947,1088,1,1231,1,681,789,56,953,101,1,604,608,709,201,847,499,950,883,1095,1.0,18:50,2015,2016
2015-16,203084,Harrison Barnes,Harrison,1610612744,GSW,Golden State Warriors,41500314,2016-05-24T00:00:00,GSW @ OKC,L,34.2,0.667,0.333,0.545,0.182,0.273,0.182,0.182,0.182,0.364,0.667,0.333,1.0,0.0,0.75,0.25,4,6,0.667,1,947,947,947,401,934,695,865,454,590,403,622,524,866,452,840,1,201,557,899,546,883,228,1.0,34:12,2015,2016
2015-16,203105,Festus Ezeli,Festus,1610612744,GSW,Golden State Warriors,41500314,2016-05-24T00:00:00,GSW @ OKC,L,10.4,1.0,0.0,0.75,0.0,0.0,0.0,0.25,0.5,0.75,0.667,0.333,0.0,0.0,0.667,0.333,3,4,0.75,1,947,947,947,1448,1,1231,498,681,789,639,433,101,286,452,840,709,201,653,762,718,1137,167,1.0,10:25,2015,2016
2015-16,101106,Andrew Bogut,Andrew,1610612744,GSW,Golden State Warriors,41500314,2016-05-24T00:00:00,GSW @ OKC,L,11.2,1.0,0.0,1.0,0.0,0.0,0.333,0.0,0.333,1.0,0.667,0.333,0.0,0.0,0.667,0.333,3,3,1.0,1,947,947,947,1417,1,1231,1,681,789,160,953,230,1,452,840,709,201,653,762,718,1279,1,1.0,11:10,2015,2016
2015-16,2738,Andre Iguodala,Andre,1610612744,GSW,Golden State Warriors,41500314,2016-05-24T00:00:00,GSW @ OKC,L,33.7,0.5,0.5,0.25,0.0,0.75,0.0,0.0,0.0,0.25,0.0,1.0,1.0,0.0,0.667,0.333,3,8,0.375,1,947,947,947,422,1218,365,1285,681,129,639,953,788,1056,1059,1,1,201,653,762,718,660,1022,1.0,33:41,2015,2016
2015-16,201575,Brandon Rush,Brandon,1610612744,GSW,Golden State Warriors,41500313,2016-05-22T00:00:00,GSW @ OKC,L,13.1,1.0,0.0,1.0,0.0,0.0,0.5,0.0,0.0,1.0,0.5,0.5,0.0,0.0,0.5,0.5,2,3,0.667,1,947,947,947,1342,1,1231,1,681,789,56,953,788,1,604,608,709,201,847,499,950,1279,228,1.0,13:04,2015,2016
2015-16,203084,Harrison Barnes,Harrison,1610612744,GSW,Golden State Warriors,41500313,2016-05-22T00:00:00,GSW @ OKC,L,32.1,0.667,0.333,0.571,0.286,0.429,0.0,0.0,0.0,0.286,0.0,1.0,1.0,0.0,0.333,0.667,3,9,0.333,1,947,947,947,510,934,695,813,278,380,639,953,788,980,1059,1,1,201,1100,342,718,571,1095,1.0,32:04,2015,2016
2015-16,201578,Marreese Speights,Marreese,1610612744,GSW,Golden State Warriors,41500313,2016-05-22T00:00:00,GSW @ OKC,L,14.3,0.625,0.375,0.25,0.0,0.375,0.0,0.375,0.0,0.25,0.0,1.0,1.0,0.0,0.5,0.5,2,8,0.25,1,947,947,947,1286,1077,651,1285,681,469,639,219,788,1056,1059,1,1,201,847,499,950,660,1326,1.0,14:18,2015,2016
2015-16,2738,Andre Iguodala,Andre,1610612744,GSW,Golden State Warriors,41500313,2016-05-22T00:00:00,GSW @ OKC,L,24.4,0.2,0.8,0.222,0.0,0.667,0.222,0.111,0.222,0.222,1.0,0.0,1.0,0.0,1.0,0.0,3,5,0.6,1,947,947,947,864,1609,115,1321,681,175,328,805,426,1118,1,1033,1,201,1,1069,718,1005,346,1.0,24:23,2015,2016
2015-16,203110,Draymond Green,Draymond,1610612744,GSW,Golden State Warriors,41500313,2016-05-22T00:00:00,GSW @ OKC,L,31.8,0.778,0.222,0.333,0.0,0.0,0.0,0.667,0.0,0.333,1.0,0.0,0.0,0.0,1.0,0.0,1,9,0.111,1,947,947,947,520,738,979,1191,681,789,639,74,788,899,1,1033,709,201,1,1069,1193,571,1513,1.0,31:49,2015,2016
2015-16,2760,Anderson Varejao,Anderson,1610612744,GSW,Golden State Warriors,41500313,2016-05-22T00:00:00,GSW @ OKC,L,4.9,0.0,0.0,0.0,0.0,0.0,0.0,1.0,0.0,0.0,0.0,0.0,0.0,0.0,0.0,0.0,0,0,0.0,1,947,947,947,1669,1645,1231,1393,681,789,639,953,788,1276,1059,1033,709,201,1320,1069,1525,1737,1525,1.0,4:53,2015,2016
2015-16,101106,Andrew Bogut,Andrew,1610612744,GSW,Golden State Warriors,41500313,2016-05-22T00:00:00,GSW @ OKC,L,11.7,1.0,0.0,1.0,0.0,0.0,0.0,0.0,0.0,1.0,0.0,1.0,0.0,0.0,0.0,1.0,1,3,0.333,1,947,947,947,1402,1,1231,1,681,789,639,953,788,1,1059,1,709,201,1320,1,1193,1279,1095,1.0,11:44,2015,2016
2015-16,203546,Ian Clark,Ian,1610612744,GSW,Golden State Warriors,41500313,2016-05-22T00:00:00,GSW @ OKC,L,19.9,0.8,0.2,0.75,0.0,0.0,0.25,0.25,0.0,0.75,0.667,0.333,0.0,0.0,0.667,0.333,3,5,0.6,1,947,947,947,1033,681,1012,498,681,789,262,433,788,286,452,840,709,201,653,762,718,1005,346,1.0,19:52,2015,2016
2015-16,203105,Festus Ezeli,Festus,1610612744,GSW,Golden State Warriors,41500313,2016-05-22T00:00:00,GSW @ OKC,L,9.9,1.0,0.0,0.75,0.0,0.0,0.0,0.25,0.0,0.75,0.667,0.333,0.0,0.0,0.667,0.333,3,5,0.6,1,947,947,947,1462,1,1231,498,681,789,639,433,788,286,452,840,709,201,653,762,718,1005,346,1.0,9:56,2015,2016
2015-16,2733,Shaun Livingston,Shaun,1610612744,GSW,Golden State Warriors,41500313,2016-05-22T00:00:00,GSW @ OKC,L,15.5,1.0,0.0,1.0,0.333,0.0,1.0,0.0,0.333,0.667,0.333,0.667,0.0,0.0,0.333,0.667,3,6,0.5,1,947,947,947,1230,1,1231,1,223,789,1,953,230,348,837,476,709,201,1100,342,718,883,525,1.0,15:29,2015,2016
2015-16,201939,Stephen Curry,Stephen,1610612744,GSW,Golden State Warriors,41500313,2016-05-22T00:00:00,GSW @ OKC,L,29.7,0.353,0.647,0.333,0.333,0.375,0.042,0.292,0.208,0.0,0.25,0.75,0.333,0.667,0.286,0.714,7,17,0.412,1,947,947,947,623,1514,222,1191,223,469,636,374,467,1276,932,418,687,93,1190,323,206,185,923,1.0,29:44,2015,2016
2015-16,202691,Klay Thompson,Klay,1610612744,GSW,Golden State Warriors,41500313,2016-05-22T00:00:00,GSW @ OKC,L,24.2,0.632,0.368,0.667,0.0,0.333,0.0,0.0,0.111,0.667,0.5,0.5,1.0,0.0,0.625,0.375,8,19,0.421,1,947,947,947,872,1074,661,606,681,520,639,953,691,348,604,608,1,201,770,749,155,134,904,1.0,24:13,2015,2016
2015-16,2571,Leandro Barbosa,Leandro,1610612744,GSW,Golden State Warriors,41500313,2016-05-22T00:00:00,GSW @ OKC,L,8.5,0.667,0.333,0.4,0.0,0.6,0.0,0.0,0.6,0.4,0.0,1.0,0.0,1.0,0.0,1.0,2,3,0.667,1,947,947,947,1526,934,695,1052,681,194,639,953,82,749,1059,1,709,1,1320,1,950,1279,228,1.0,8:31,2015,2016
2015-16,2738,Andre Iguodala,Andre,1610612744,GSW,Golden State Warriors,41500312,2016-05-18T00:00:00,GSW vs. OKC,W,25.5,0.7,0.3,0.429,0.0,0.214,0.286,0.357,0.357,0.429,0.667,0.333,1.0,0.0,0.75,0.25,4,10,0.4,1,1,1,1,821,906,820,1029,681,682,222,244,225,730,452,840,1,201,557,899,546,495,937,1.0,25:32,2015,2016
2015-16,203110,Draymond Green,Draymond,1610612744,GSW,Golden State Warriors,41500312,2016-05-18T00:00:00,GSW vs. OKC,W,32.1,0.556,0.444,0.4,0.0,0.6,0.2,0.0,0.3,0.4,0.0,1.0,1.0,0.0,0.5,0.5,4,9,0.444,1,1,1,1,508,1183,544,1052,681,194,360,953,288,749,1059,1,1,201,847,499,546,571,828,1.0,32:08,2015,2016
2015-16,203546,Ian Clark,Ian,1610612744,GSW,Golden State Warriors,41500312,2016-05-18T00:00:00,GSW vs. OKC,W,7.1,0.667,0.333,0.0,0.0,0.0,0.0,1.0,0.0,0.0,0.0,0.0,0.0,0.0,0.0,0.0,0,3,0.0,1,1,1,1,1577,934,695,1393,681,789,639,1,788,1276,1059,1033,709,201,1320,1069,1525,1279,1525,1.0,7:04,2015,2016
2015-16,201575,Brandon Rush,Brandon,1610612744,GSW,Golden State Warriors,41500312,2016-05-18T00:00:00,GSW vs. OKC,W,6.6,0.0,0.0,0.0,0.0,0.0,0.0,1.0,0.0,0.0,0.0,0.0,0.0,0.0,0.0,0.0,0,0,0.0,1,1,1,1,1588,1645,1231,1393,681,789,639,953,788,1276,1059,1033,709,201,1320,1069,1525,1737,1525,1.0,6:38,2015,2016
2015-16,2733,Shaun Livingston,Shaun,1610612744,GSW,Golden State Warriors,41500312,2016-05-18T00:00:00,GSW vs. OKC,W,17.4,1.0,0.0,1.0,0.0,0.0,0.0,0.0,0.0,1.0,1.0,0.0,0.0,0.0,1.0,0.0,1,3,0.333,1,1,1,1,1159,1,1231,1,681,789,639,953,788,1,1,1033,709,201,1,1069,1193,1279,1095,1.0,17:26,2015,2016
2015-16,2571,Leandro Barbosa,Leandro,1610612744,GSW,Golden State Warriors,41500312,2016-05-18T00:00:00,GSW vs. OKC,W,15.8,0.833,0.167,1.0,0.0,0.0,0.0,0.0,0.0,1.0,0.5,0.5,0.0,0.0,0.5,0.5,2,6,0.333,1,1,1,1,1216,618,1087,1,681,789,639,953,788,1,604,608,709,201,847,499,950,883,1095,1.0,15:49,2015,2016
2015-16,202691,Klay Thompson,Klay,1610612744,GSW,Golden State Warriors,41500312,2016-05-18T00:00:00,GSW vs. OKC,W,29.9,0.529,0.471,0.4,0.267,0.4,0.133,0.2,0.133,0.133,0.333,0.667,1.0,0.0,0.6,0.4,5,17,0.294,1,1,1,1,613,1212,524,1052,315,458,512,544,626,1231,837,476,1,201,777,705,395,185,1262,1.0,29:56,2015,2016
2015-16,203105,Festus Ezeli,Festus,1610612744,GSW,Golden State Warriors,41500312,2016-05-18T00:00:00,GSW vs. OKC,W,13.5,1.0,0.0,0.833,0.0,0.0,0.0,0.167,0.0,0.833,0.8,0.2,0.0,0.0,0.8,0.2,5,5,1.0,1,1,1,1,1324,1,1231,404,681,789,639,647,788,234,382,993,709,201,505,974,395,1005,1,1.0,13:32,2015,2016
2015-16,201939,Stephen Curry,Stephen,1610612744,GSW,Golden State Warriors,41500312,2016-05-18T00:00:00,GSW vs. OKC,W,29.7,0.467,0.533,0.286,0.071,0.536,0.071,0.178,0.321,0.214,0.5,0.5,0.6,0.4,0.556,0.444,9,15,0.6,1,1,1,1,627,1378,353,1245,663,312,612,637,272,1145,604,608,639,148,837,685,115,242,346,1.0,29:40,2015,2016
2015-16,203084,Harrison Barnes,Harrison,1610612744,GSW,Golden State Warriors,41500312,2016-05-18T00:00:00,GSW vs. OKC,W,30.9,0.875,0.125,0.727,0.364,0.273,0.0,0.0,0.0,0.364,0.0,1.0,1.0,0.0,0.2,0.8,5,8,0.625,1,1,1,1,573,560,1158,545,207,590,639,953,788,866,1059,1,1,201,1249,249,395,660,312,1.0,30:54,2015,2016
2015-16,2760,Anderson Varejao,Anderson,1610612744,GSW,Golden State Warriors,41500312,2016-05-18T00:00:00,GSW vs. OKC,W,6.3,1.0,0.0,0.5,0.0,0.0,0.0,0.5,0.5,0.5,0.0,1.0,0.0,0.0,0.0,1.0,1,1,1.0,1,1,1,1,1605,1,1231,901,681,789,639,121,101,565,1059,1,709,201,1320,1,1193,1573,1,1.0,6:15,2015,2016
2015-16,201578,Marreese Speights,Marreese,1610612744,GSW,Golden State Warriors,41500312,2016-05-18T00:00:00,GSW vs. OKC,W,9.3,0.667,0.333,0.462,0.154,0.462,0.0,0.076,0.0,0.308,0.667,0.333,1.0,0.0,0.8,0.2,5,6,0.833,1,1,1,1,1486,934,695,994,515,366,639,886,788,960,452,840,1,201,505,974,395,883,127,1.0,9:18,2015,2016
2015-16,101106,Andrew Bogut,Andrew,1610612744,GSW,Golden State Warriors,41500312,2016-05-18T00:00:00,GSW vs. OKC,W,15.8,1.0,0.0,1.0,0.0,0.0,0.0,0.0,0.5,1.0,1.0,0.0,0.0,0.0,1.0,0.0,2,2,1.0,1,1,1,1,1215,1,1231,1,681,789,639,953,101,1,1,1033,709,201,1,1069,950,1420,1,1.0,15:49,2015,2016
2015-16,2571,Leandro Barbosa,Leandro,1610612744,GSW,Golden State Warriors,41500311,2016-05-16T00:00:00,GSW vs. OKC,L,4.0,1.0,0.0,1.0,0.0,0.0,0.0,0.0,0.0,1.0,0.0,1.0,0.0,0.0,0.0,1.0,1,2,0.5,1,947,947,947,1707,1,1231,1,681,789,639,953,788,1,1059,1,709,201,1320,1,1193,1420,525,1.0,3:60,2015,2016
2015-16,101106,Andrew Bogut,Andrew,1610612744,GSW,Golden State Warriors,41500311,2016-05-16T00:00:00,GSW vs. OKC,L,17.5,0.0,0.0,0.0,0.0,0.0,0.0,1.0,0.0,0.0,0.0,0.0,0.0,0.0,0.0,0.0,0,0,0.0,1,947,947,947,1157,1645,1231,1393,681,789,639,953,788,1276,1059,1033,709,201,1320,1069,1525,1737,1525,1.0,17:27,2015,2016
2015-16,201939,Stephen Curry,Stephen,1610612744,GSW,Golden State Warriors,41500311,2016-05-16T00:00:00,GSW vs. OKC,L,39.7,0.364,0.636,0.231,0.077,0.692,0.154,0.077,0.308,0.154,0.333,0.667,0.5,0.5,0.444,0.556,9,22,0.409,1,947,947,947,155,1508,225,1320,655,164,470,886,278,1207,837,476,643,104,1029,488,115,67,934,1.0,39:40,2015,2016
2015-16,203105,Festus Ezeli,Festus,1610612744,GSW,Golden State Warriors,41500311,2016-05-16T00:00:00,GSW vs. OKC,L,7.9,1.0,0.0,0.667,0.0,0.0,0.333,0.333,0.0,0.667,1.0,0.0,0.0,0.0,1.0,0.0,1,2,0.5,1,947,947,947,1550,1,1231,606,681,789,160,252,788,348,1,1033,709,201,1,1069,1193,1420,525,1.0,7:52,2015,2016
2015-16,202691,Klay Thompson,Klay,1610612744,GSW,Golden State Warriors,41500311,2016-05-16T00:00:00,GSW vs. OKC,L,39.6,0.68,0.32,0.64,0.16,0.36,0.24,0.0,0.16,0.48,0.625,0.375,1.0,0.0,0.727,0.273,11,25,0.44,1,947,947,947,158,931,806,732,511,506,306,953,578,666,555,835,1,201,627,896,47,29,850,1.0,39:35,2015,2016
2015-16,201578,Marreese Speights,Marreese,1610612744,GSW,Golden State Warriors,41500311,2016-05-16T00:00:00,GSW vs. OKC,L,5.6,1.0,0.0,0.0,0.0,0.0,0.0,1.0,0.0,0.0,0.0,0.0,0.0,0.0,0.0,0.0,0,1,0.0,1,947,947,947,1635,1,1231,1393,681,789,639,1,788,1276,1059,1033,709,201,1320,1069,1525,1573,1525,1.0,5:33,2015,2016
2015-16,203110,Draymond Green,Draymond,1610612744,GSW,Golden State Warriors,41500311,2016-05-16T00:00:00,GSW vs. OKC,L,40.1,0.8,0.2,0.783,0.174,0.0,0.13,0.217,0.0,0.609,0.667,0.333,0.0,0.0,0.667,0.333,9,20,0.45,1,947,947,947,137,681,1012,486,480,789,523,526,788,470,452,840,709,201,653,762,115,111,826,1.0,40:05,2015,2016
2015-16,2733,Shaun Livingston,Shaun,1610612744,GSW,Golden State Warriors,41500311,2016-05-16T00:00:00,GSW vs. OKC,L,20.5,1.0,0.0,1.0,0.0,0.0,0.0,0.0,0.0,1.0,0.5,0.5,0.0,0.0,0.5,0.5,2,7,0.286,1,947,947,947,1010,1,1231,1,681,789,639,953,788,1,604,608,709,201,847,499,950,764,1266,1.0,20:32,2015,2016
2015-16,203084,Harrison Barnes,Harrison,1610612744,GSW,Golden State Warriors,41500311,2016-05-16T00:00:00,GSW vs. OKC,L,32.7,0.5,0.5,0.5,0.167,0.5,0.417,0.0,0.25,0.333,0.667,0.333,1.0,0.0,0.8,0.2,5,8,0.625,1,947,947,947,477,1218,365,901,486,325,116,953,355,899,452,840,1,201,505,974,395,660,312,1.0,32:44,2015,2016
2015-16,2738,Andre Iguodala,Andre,1610612744,GSW,Golden State Warriors,41500311,2016-05-16T00:00:00,GSW vs. OKC,L,32.5,1.0,0.0,0.667,0.0,0.0,0.667,0.333,0.333,0.667,1.0,0.0,0.0,0.0,1.0,0.0,2,4,0.5,1,947,947,947,487,1,1231,606,681,789,38,252,230,348,1,1033,709,201,1,1069,950,1137,525,1.0,32:32,2015,2016
2015-16,2738,Andre Iguodala,Andre,1610612744,GSW,Golden State Warriors,41500225,2016-05-11T00:00:00,GSW vs. POR,W,29.5,0.5,0.5,0.0,0.0,0.6,0.4,0.4,0.0,0.0,0.0,0.0,1.0,0.0,1.0,0.0,1,4,0.25,1,1,1,1,637,1218,365,1393,681,194,118,192,788,1276,1059,1033,1,201,1,1069,1193,1137,1326,1.0,29:30,2015,2016
2015-16,2571,Leandro Barbosa,Leandro,1610612744,GSW,Golden State Warriors,41500225,2016-05-11T00:00:00,GSW vs. POR,W,12.0,0.667,0.333,0.5,0.0,0.0,0.75,0.5,0.25,0.5,0.5,0.5,0.0,0.0,0.5,0.5,2,3,0.667,1,1,1,1,1377,934,695,901,681,789,36,121,355,565,604,608,709,201,847,499,950,1279,228,1.0,12:03,2015,2016
2015-16,203084,Harrison Barnes,Harrison,1610612744,GSW,Golden State Warriors,41500225,2016-05-11T00:00:00,GSW vs. POR,W,36.0,0.75,0.25,0.75,0.0,0.0,0.25,0.25,0.25,0.75,0.333,0.667,0.0,0.0,0.333,0.667,3,8,0.375,1,1,1,1,325,775,903,498,681,789,262,433,355,286,837,476,709,201,1100,342,718,660,1022,1.0,36:02,2015,2016
2015-16,2760,Anderson Varejao,Anderson,1610612744,GSW,Golden State Warriors,41500225,2016-05-11T00:00:00,GSW vs. POR,W,5.0,1.0,0.0,1.0,0.0,0.0,0.0,0.0,0.0,1.0,1.0,0.0,0.0,0.0,1.0,0.0,1,1,1.0,1,1,1,1,1660,1,1231,1,681,789,639,953,788,1,1,1033,709,201,1,1069,1193,1573,1,1.0,5:02,2015,2016
2015-16,202691,Klay Thompson,Klay,1610612744,GSW,Golden State Warriors,41500225,2016-05-11T00:00:00,GSW vs. POR,W,34.6,0.471,0.529,0.424,0.182,0.545,0.0,0.031,0.061,0.242,0.857,0.143,1.0,0.0,0.923,0.077,13,17,0.765,1,1,1,1,377,1375,360,1040,454,306,639,951,777,1099,363,1025,1,201,458,1067,18,185,166,1.0,34:37,2015,2016
2015-16,201578,Marreese Speights,Marreese,1610612744,GSW,Golden State Warriors,41500225,2016-05-11T00:00:00,GSW vs. POR,W,9.2,0.714,0.286,0.4,0.0,0.6,0.0,0.0,0.0,0.4,1.0,0.0,1.0,0.0,1.0,0.0,2,7,0.286,1,1,1,1,1492,865,840,1052,681,194,639,953,788,749,1,1033,1,201,1,1069,950,764,1266,1.0,9:13,2015,2016
2015-16,201939,Stephen Curry,Stephen,1610612744,GSW,Golden State Warriors,41500225,2016-05-11T00:00:00,GSW vs. POR,W,36.5,0.45,0.55,0.345,0.138,0.517,0.207,0.138,0.103,0.207,0.4,0.6,0.2,0.8,0.3,0.7,10,20,0.5,1,1,1,1,303,1400,335,1189,553,323,359,739,719,1150,801,565,705,81,1184,336,82,111,525,1.0,36:30,2015,2016
2015-16,2733,Shaun Livingston,Shaun,1610612744,GSW,Golden State Warriors,41500225,2016-05-11T00:00:00,GSW vs. POR,W,18.0,1.0,0.0,1.0,0.6,0.0,0.0,0.0,0.0,0.4,0.2,0.8,0.0,0.0,0.2,0.8,5,8,0.625,1,1,1,1,1129,1,1231,1,75,789,639,953,788,749,982,370,709,201,1249,249,395,660,312,1.0,18:01,2015,2016
2015-16,101106,Andrew Bogut,Andrew,1610612744,GSW,Golden State Warriors,41500225,2016-05-11T00:00:00,GSW vs. POR,W,8.9,1.0,0.0,1.0,0.0,0.0,0.0,0.0,0.0,1.0,1.0,0.0,0.0,0.0,1.0,0.0,2,5,0.4,1,1,1,1,1503,1,1231,1,681,789,639,953,788,1,1,1033,709,201,1,1069,950,1005,937,1.0,8:55,2015,2016
2015-16,203110,Draymond Green,Draymond,1610612744,GSW,Golden State Warriors,41500225,2016-05-11T00:00:00,GSW vs. POR,W,35.8,0.286,0.714,0.154,0.0,0.231,0.154,0.615,0.0,0.154,1.0,0.0,1.0,0.0,1.0,0.0,2,7,0.286,1,1,1,1,340,1565,166,1362,681,653,470,88,788,1207,1,1033,1,201,1,1069,950,764,1266,1.0,35:51,2015,2016
2015-16,203105,Festus Ezeli,Festus,1610612744,GSW,Golden State Warriors,41500225,2016-05-11T00:00:00,GSW vs. POR,W,14.3,1.0,0.0,0.5,0.0,0.0,0.0,0.5,0.0,0.5,1.0,0.0,0.0,0.0,1.0,0.0,2,4,0.5,1,1,1,1,1288,1,1231,901,681,789,639,121,788,565,1,1033,709,201,1,1069,950,1137,525,1.0,14:16,2015,2016
2015-16,201939,Stephen Curry,Stephen,1610612744,GSW,Golden State Warriors,41500224,2016-05-09T00:00:00,GSW @ POR,W,36.6,0.5,0.5,0.55,0.25,0.375,0.125,0.075,0.15,0.3,0.182,0.818,0.2,0.8,0.188,0.813,16,32,0.5,1,1,1,1,297,1218,365,864,325,469,526,897,599,973,1024,368,705,81,1277,247,4,2,525,1.0,36:34,2015,2016
2015-16,201578,Marreese Speights,Marreese,1610612744,GSW,Golden State Warriors,41500224,2016-05-09T00:00:00,GSW @ POR,W,9.2,0.25,0.75,0.0,0.0,0.818,0.182,0.182,0.182,0.0,0.0,0.0,1.0,0.0,1.0,0.0,3,4,0.75,1,1,1,1,1490,1578,136,1393,681,113,403,622,524,1276,1059,1033,1,201,1,1069,718,1137,167,1.0,9:14,2015,2016
2015-16,202691,Klay Thompson,Klay,1610612744,GSW,Golden State Warriors,41500224,2016-05-09T00:00:00,GSW @ POR,W,42.1,0.444,0.556,0.174,0.0,0.652,0.217,0.174,0.217,0.174,0.0,1.0,1.0,0.0,0.714,0.286,7,18,0.389,1,1,1,1,58,1403,323,1356,681,185,347,644,452,1191,1059,1,1,201,630,874,206,164,1004,1.0,42:05,2015,2016
2015-16,2571,Leandro Barbosa,Leandro,1610612744,GSW,Golden State Warriors,41500224,2016-05-09T00:00:00,GSW @ POR,W,8.7,0.5,0.5,0.5,0.5,0.0,0.5,0.5,0.5,0.0,1.0,0.0,0.0,0.0,1.0,0.0,1,4,0.25,1,1,1,1,1520,1218,365,901,90,789,56,121,101,1276,1,1033,709,201,1,1069,1193,1137,1326,1.0,8:41,2015,2016
2015-16,2733,Shaun Livingston,Shaun,1610612744,GSW,Golden State Warriors,41500224,2016-05-09T00:00:00,GSW @ POR,W,12.0,1.0,0.0,1.0,0.5,0.0,0.0,0.0,0.0,0.5,0.5,0.5,0.0,0.0,0.5,0.5,2,5,0.4,1,1,1,1,1393,1,1231,1,90,789,639,953,788,565,604,608,709,201,847,499,950,1005,937,1.0,11:59,2015,2016
2015-16,203105,Festus Ezeli,Festus,1610612744,GSW,Golden State Warriors,41500224,2016-05-09T00:00:00,GSW @ POR,W,9.5,1.0,0.0,1.0,0.0,0.0,0.0,0.0,0.0,1.0,0.667,0.333,0.0,0.0,0.667,0.333,3,4,0.75,1,1,1,1,1481,1,1231,1,681,789,639,953,788,1,452,840,709,201,653,762,718,1137,167,1.0,9:27,2015,2016
2015-16,203084,Harrison Barnes,Harrison,1610612744,GSW,Golden State Warriors,41500224,2016-05-09T00:00:00,GSW @ POR,W,29.1,0.6,0.4,0.6,0.0,0.3,0.4,0.1,0.2,0.6,0.667,0.333,1.0,0.0,0.75,0.25,4,10,0.4,1,1,1,1,654,1096,603,774,681,564,118,836,474,475,452,840,1,201,557,899,546,495,937,1.0,29:08,2015,2016
2015-16,101106,Andrew Bogut,Andrew,1610612744,GSW,Golden State Warriors,41500224,2016-05-09T00:00:00,GSW @ POR,W,26.0,1.0,0.0,0.0,0.0,0.0,0.0,1.0,0.333,0.0,0.0,0.0,0.0,0.0,0.0,0.0,0,1,0.0,1,1,1,1,804,1,1231,1393,681,789,639,1,230,1276,1059,1033,709,201,1320,1069,1525,1573,1525,1.0,26:00,2015,2016
2015-16,203110,Draymond Green,Draymond,1610612744,GSW,Golden State Warriors,41500224,2016-05-09T00:00:00,GSW @ POR,W,44.3,0.667,0.333,0.286,0.0,0.286,0.286,0.428,0.0,0.286,0.333,0.667,1.0,0.0,0.6,0.4,5,9,0.556,1,1,1,1,21,934,695,1245,681,586,222,180,788,980,837,476,1,201,777,705,395,571,450,1.0,44:17,2015,2016
2015-16,2738,Andre Iguodala,Andre,1610612744,GSW,Golden State Warriors,41500224,2016-05-09T00:00:00,GSW @ POR,W,37.9,0.6,0.4,0.286,0.0,0.429,0.143,0.285,0.429,0.286,0.0,1.0,1.0,0.0,0.5,0.5,2,5,0.4,1,1,1,1,222,1096,603,1245,681,380,489,378,165,980,1059,1,1,201,847,499,950,1005,937,1.0,37:53,2015,2016
2015-16,203546,Ian Clark,Ian,1610612744,GSW,Golden State Warriors,41500224,2016-05-09T00:00:00,GSW @ POR,W,9.7,1.0,0.0,0.667,0.0,0.0,1.0,0.333,1.0,0.667,0.0,1.0,0.0,0.0,0.0,1.0,1,3,0.333,1,1,1,1,1470,1,1231,606,681,789,1,252,1,348,1059,1,709,201,1320,1,1193,1279,1095,1.0,9:42,2015,2016
2015-16,203105,Festus Ezeli,Festus,1610612744,GSW,Golden State Warriors,41500223,2016-05-07T00:00:00,GSW @ POR,L,5.7,0.0,0.0,0.0,0.0,0.0,0.0,1.0,0.0,0.0,0.0,0.0,0.0,0.0,0.0,0.0,0,0,0.0,1,947,947,947,1627,1645,1231,1393,681,789,639,1,788,1276,1059,1033,709,201,1320,1069,1525,1737,1525,1.0,5:44,2015,2016
2015-16,101106,Andrew Bogut,Andrew,1610612744,GSW,Golden State Warriors,41500223,2016-05-07T00:00:00,GSW @ POR,L,11.5,1.0,0.0,1.0,0.0,0.0,0.0,0.0,0.333,1.0,0.333,0.667,0.0,0.0,0.333,0.667,3,4,0.75,1,947,947,947,1409,1,1231,1,681,789,639,953,230,1,837,476,709,201,1100,342,718,1137,167,1.0,11:29,2015,2016
2015-16,201575,Brandon Rush,Brandon,1610612744,GSW,Golden State Warriors,41500223,2016-05-07T00:00:00,GSW @ POR,L,14.2,0.0,0.0,0.0,0.0,0.0,0.0,1.0,0.0,0.0,0.0,0.0,0.0,0.0,0.0,0.0,0,0,0.0,1,947,947,947,1295,1645,1231,1393,681,789,639,953,788,1276,1059,1033,709,201,1320,1069,1525,1737,1525,1.0,14:12,2015,2016
2015-16,203110,Draymond Green,Draymond,1610612744,GSW,Golden State Warriors,41500223,2016-05-07T00:00:00,GSW @ POR,L,40.7,0.478,0.522,0.27,0.0,0.649,0.054,0.081,0.054,0.27,0.4,0.6,1.0,0.0,0.769,0.231,13,23,0.565,1,947,947,947,106,1374,363,1278,681,186,629,884,781,1041,801,565,1,201,556,969,18,55,445,1.0,40:43,2015,2016
2015-16,201578,Marreese Speights,Marreese,1610612744,GSW,Golden State Warriors,41500223,2016-05-07T00:00:00,GSW @ POR,L,4.9,0.5,0.5,0.0,0.0,0.0,0.0,1.0,0.0,0.0,0.0,0.0,0.0,0.0,0.0,0.0,0,2,0.0,1,947,947,947,1666,1218,365,1393,681,789,639,953,788,1276,1059,1033,709,201,1320,1069,1525,1420,1525,1.0,4:56,2015,2016
2015-16,2571,Leandro Barbosa,Leandro,1610612744,GSW,Golden State Warriors,41500223,2016-05-07T00:00:00,GSW @ POR,L,17.6,0.857,0.143,1.0,0.6,0.0,0.0,0.0,0.2,0.4,0.4,0.6,0.0,0.0,0.4,0.6,5,7,0.714,1,947,947,947,1151,586,1128,1,75,789,639,953,474,749,801,565,709,201,1054,446,395,764,200,1.0,17:34,2015,2016
2015-16,2733,Shaun Livingston,Shaun,1610612744,GSW,Golden State Warriors,41500223,2016-05-07T00:00:00,GSW @ POR,L,25.4,1.0,0.0,0.8,0.0,0.0,0.0,0.2,0.0,0.8,0.0,1.0,0.0,0.0,0.0,1.0,2,4,0.5,1,947,947,947,826,1,1231,431,681,789,639,544,788,246,1059,1,709,201,1320,1,950,1137,525,1.0,25:25,2015,2016
2015-16,203546,Ian Clark,Ian,1610612744,GSW,Golden State Warriors,41500223,2016-05-07T00:00:00,GSW @ POR,L,17.4,0.714,0.286,1.0,0.667,0.0,0.0,0.0,0.0,0.333,0.667,0.333,0.0,0.0,0.667,0.333,3,7,0.429,1,947,947,947,1161,865,840,1,54,789,639,953,788,899,452,840,709,201,653,762,718,764,862,1.0,17:24,2015,2016
2015-16,203084,Harrison Barnes,Harrison,1610612744,GSW,Golden State Warriors,41500223,2016-05-07T00:00:00,GSW @ POR,L,33.2,0.625,0.375,0.286,0.0,0.429,0.0,0.285,0.0,0.286,0.0,1.0,1.0,0.0,0.5,0.5,2,8,0.25,1,947,947,947,438,1077,651,1245,681,380,639,378,788,980,1059,1,1,201,847,499,950,660,1326,1.0,33:14,2015,2016
2015-16,202691,Klay Thompson,Klay,1610612744,GSW,Golden State Warriors,41500223,2016-05-07T00:00:00,GSW @ POR,L,37.9,0.679,0.321,0.514,0.171,0.429,0.0,0.057,0.2,0.343,0.889,0.111,1.0,0.0,0.929,0.071,14,28,0.5,1,947,947,947,222,932,805,898,484,380,639,924,474,895,361,1031,1,201,457,1068,8,15,525,1.0,37:53,2015,2016
2015-16,2738,Andre Iguodala,Andre,1610612744,GSW,Golden State Warriors,41500223,2016-05-07T00:00:00,GSW @ POR,L,30.1,0.8,0.2,0.0,0.0,0.0,0.0,1.0,0.0,0.0,0.0,0.0,0.0,0.0,0.0,0.0,0,5,0.0,1,947,947,947,606,681,1012,1393,681,789,639,1,788,1276,1059,1033,709,201,1320,1069,1525,1005,1525,1.0,30:04,2015,2016
2015-16,203949,James Michael McAdoo,James Michael,1610612744,GSW,Golden State Warriors,41500223,2016-05-07T00:00:00,GSW @ POR,L,1.4,0.0,0.0,0.0,0.0,0.0,0.0,1.0,0.0,0.0,0.0,0.0,0.0,0.0,0.0,0.0,0,0,0.0,1,947,947,947,1836,1645,1231,1393,681,789,639,953,788,1276,1059,1033,709,201,1320,1069,1525,1737,1525,1.0,1:22,2015,2016
2015-16,101106,Andrew Bogut,Andrew,1610612744,GSW,Golden State Warriors,41500222,2016-05-03T00:00:00,GSW vs. POR,W,16.4,1.0,0.0,1.0,0.0,0.0,0.0,0.0,0.0,1.0,1.0,0.0,0.0,0.0,1.0,0.0,2,2,1.0,1,1,1,1,1199,1,1231,1,681,789,639,953,788,1,1,1033,709,201,1,1069,950,1420,1,1.0,16:23,2015,2016
2015-16,2571,Leandro Barbosa,Leandro,1610612744,GSW,Golden State Warriors,41500222,2016-05-03T00:00:00,GSW vs. POR,W,13.2,0.667,0.333,0.571,0.0,0.429,0.286,0.0,0.0,0.571,0.0,1.0,1.0,0.0,0.333,0.667,3,6,0.5,1,1,1,1,1340,934,695,813,681,380,222,953,788,494,1059,1,1,201,1100,342,718,883,525,1.0,13:12,2015,2016
2015-16,2738,Andre Iguodala,Andre,1610612744,GSW,Golden State Warriors,41500222,2016-05-03T00:00:00,GSW vs. POR,W,31.8,0.889,0.111,0.667,0.133,0.2,0.0,0.133,0.133,0.533,0.0,1.0,1.0,0.0,0.167,0.833,6,9,0.667,1,1,1,1,523,547,1182,606,554,694,639,746,626,549,1059,1,1,201,1283,230,305,571,228,1.0,31:48,2015,2016
2015-16,201578,Marreese Speights,Marreese,1610612744,GSW,Golden State Warriors,41500222,2016-05-03T00:00:00,GSW vs. POR,W,4.4,0.75,0.25,0.0,0.0,0.0,0.0,1.0,0.0,0.0,0.0,0.0,0.0,0.0,0.0,0.0,0,4,0.0,1,1,1,1,1689,775,903,1393,681,789,639,953,788,1276,1059,1033,709,201,1320,1069,1525,1137,1525,1.0,4:22,2015,2016
2015-16,203546,Ian Clark,Ian,1610612744,GSW,Golden State Warriors,41500222,2016-05-03T00:00:00,GSW vs. POR,W,11.9,1.0,0.0,0.8,0.0,0.0,0.4,0.2,0.2,0.8,0.0,1.0,0.0,0.0,0.0,1.0,2,2,1.0,1,1,1,1,1396,1,1231,431,681,789,118,544,474,246,1059,1,709,201,1320,1,950,1420,1,1.0,11:54,2015,2016
2015-16,203110,Draymond Green,Draymond,1610612744,GSW,Golden State Warriors,41500222,2016-05-03T00:00:00,GSW vs. POR,W,40.8,0.75,0.25,0.824,0.0,0.0,0.0,0.176,0.235,0.824,0.286,0.714,0.0,0.0,0.286,0.714,7,20,0.35,1,1,1,1,101,775,903,422,681,789,639,639,409,243,921,463,709,201,1190,323,206,111,1089,1.0,40:49,2015,2016
2015-16,203084,Harrison Barnes,Harrison,1610612744,GSW,Golden State Warriors,41500222,2016-05-03T00:00:00,GSW vs. POR,W,32.7,0.875,0.125,0.615,0.308,0.231,0.0,0.154,0.231,0.308,0.75,0.25,1.0,0.0,0.8,0.2,5,8,0.625,1,1,1,1,482,560,1158,754,260,653,639,687,415,960,402,950,1,201,505,974,395,660,312,1.0,32:39,2015,2016
2015-16,202691,Klay Thompson,Klay,1610612744,GSW,Golden State Warriors,41500222,2016-05-03T00:00:00,GSW vs. POR,W,39.5,0.3,0.7,0.148,0.0,0.556,0.074,0.296,0.111,0.148,0.5,0.5,0.8,0.2,0.714,0.286,7,20,0.35,1,1,1,1,160,1561,174,1366,681,303,608,368,691,1218,604,608,596,186,630,874,206,111,1089,1.0,39:32,2015,2016
2015-16,2733,Shaun Livingston,Shaun,1610612744,GSW,Golden State Warriors,41500222,2016-05-03T00:00:00,GSW vs. POR,W,33.0,1.0,0.0,0.857,0.429,0.0,0.143,0.143,0.429,0.429,0.5,0.5,0.0,0.0,0.5,0.5,6,15,0.4,1,1,1,1,462,1,1231,375,156,789,489,706,165,730,604,608,709,201,847,499,305,242,937,1.0,33:01,2015,2016
2015-16,203105,Festus Ezeli,Festus,1610612744,GSW,Golden State Warriors,41500222,2016-05-03T00:00:00,GSW vs. POR,W,12.9,1.0,0.0,1.0,0.0,0.0,0.0,0.0,0.25,1.0,0.75,0.25,0.0,0.0,0.75,0.25,4,4,1.0,1,1,1,1,1348,1,1231,1,681,789,639,953,355,1,402,950,709,201,557,899,546,1137,1,1.0,12:52,2015,2016
2015-16,2760,Anderson Varejao,Anderson,1610612744,GSW,Golden State Warriors,41500222,2016-05-03T00:00:00,GSW vs. POR,W,3.5,1.0,0.0,0.0,0.0,0.0,0.0,1.0,0.0,0.0,0.0,0.0,0.0,0.0,0.0,0.0,0,1,0.0,1,1,1,1,1725,1,1231,1393,681,789,639,953,788,1276,1059,1033,709,201,1320,1069,1525,1573,1525,1.0,3:28,2015,2016
2015-16,2760,Anderson Varejao,Anderson,1610612744,GSW,Golden State Warriors,41500221,2016-05-01T00:00:00,GSW vs. POR,W,7.0,1.0,0.0,1.0,0.5,0.0,0.0,0.0,0.0,0.5,0.5,0.5,0.0,0.0,0.5,0.5,2,3,0.667,1,1,1,1,1583,1,1231,1,90,789,639,953,788,565,604,608,709,201,847,499,950,1279,228,1.0,6:58,2015,2016
2015-16,203084,Harrison Barnes,Harrison,1610612744,GSW,Golden State Warriors,41500221,2016-05-01T00:00:00,GSW vs. POR,W,38.0,0.571,0.429,0.6,0.0,0.3,0.3,0.1,0.0,0.6,0.333,0.667,1.0,0.0,0.5,0.5,4,7,0.571,1,1,1,1,215,1150,558,774,681,564,209,836,788,475,837,476,1,201,847,499,546,764,410,1.0,37:59,2015,2016
2015-16,2738,Andre Iguodala,Andre,1610612744,GSW,Golden State Warriors,41500221,2016-05-01T00:00:00,GSW vs. POR,W,28.3,0.667,0.333,0.333,0.0,0.0,0.333,0.667,0.0,0.333,0.0,1.0,0.0,0.0,0.0,1.0,1,3,0.333,1,1,1,1,693,934,695,1191,681,789,160,74,788,899,1059,1,709,201,1320,1,1193,1279,1095,1.0,28:15,2015,2016
2015-16,203949,James Michael McAdoo,James Michael,1610612744,GSW,Golden State Warriors,41500221,2016-05-01T00:00:00,GSW vs. POR,W,1.2,0.0,0.0,0.0,0.0,0.0,0.0,1.0,0.0,0.0,0.0,0.0,0.0,0.0,0.0,0.0,0,0,0.0,1,1,1,1,1849,1645,1231,1393,681,789,639,953,788,1276,1059,1033,709,201,1320,1069,1525,1737,1525,1.0,1:13,2015,2016
2015-16,2571,Leandro Barbosa,Leandro,1610612744,GSW,Golden State Warriors,41500221,2016-05-01T00:00:00,GSW vs. POR,W,14.0,0.75,0.25,0.333,0.0,0.5,0.0,0.167,0.0,0.333,0.0,1.0,1.0,0.0,0.5,0.5,2,4,0.5,1,1,1,1,1303,775,903,1191,681,325,639,647,788,899,1059,1,1,201,847,499,950,1137,525,1.0,14:02,2015,2016
2015-16,203546,Ian Clark,Ian,1610612744,GSW,Golden State Warriors,41500221,2016-05-01T00:00:00,GSW vs. POR,W,7.9,0.571,0.429,1.0,0.5,0.0,0.0,0.0,0.0,0.5,0.5,0.5,0.0,0.0,0.5,0.5,2,7,0.286,1,1,1,1,1545,1150,558,1,90,789,639,953,788,565,604,608,709,201,847,499,950,764,1266,1.0,7:55,2015,2016
2015-16,2733,Shaun Livingston,Shaun,1610612744,GSW,Golden State Warriors,41500221,2016-05-01T00:00:00,GSW vs. POR,W,28.8,1.0,0.0,0.667,0.5,0.0,0.5,0.333,0.0,0.167,0.5,0.5,0.0,0.0,0.5,0.5,4,9,0.444,1,1,1,1,668,1,1231,606,90,789,56,252,788,1192,604,608,709,201,847,499,546,571,828,1.0,28:47,2015,2016
2015-16,101106,Andrew Bogut,Andrew,1610612744,GSW,Golden State Warriors,41500221,2016-05-01T00:00:00,GSW vs. POR,W,24.9,0.875,0.125,1.0,0.2,0.0,0.0,0.0,0.2,0.8,0.8,0.2,0.0,0.0,0.8,0.2,5,8,0.625,1,1,1,1,846,560,1158,1,416,789,639,953,474,246,382,993,709,201,505,974,395,660,312,1.0,24:51,2015,2016
2015-16,202691,Klay Thompson,Klay,1610612744,GSW,Golden State Warriors,41500221,2016-05-01T00:00:00,GSW vs. POR,W,37.0,0.5,0.5,0.378,0.162,0.568,0.108,0.054,0.054,0.216,0.571,0.429,1.0,0.0,0.786,0.214,14,28,0.5,1,1,1,1,266,1218,365,1156,510,296,568,929,781,1143,591,796,1,201,552,972,8,15,525,1.0,37:02,2015,2016
2015-16,203110,Draymond Green,Draymond,1610612744,GSW,Golden State Warriors,41500221,2016-05-01T00:00:00,GSW vs. POR,W,37.3,0.643,0.357,0.348,0.087,0.261,0.087,0.391,0.261,0.261,0.25,0.75,1.0,0.0,0.5,0.5,6,14,0.429,1,1,1,1,252,1050,682,1187,642,627,592,207,352,1048,932,418,1,201,847,499,305,271,862,1.0,37:19,2015,2016
2015-16,201575,Brandon Rush,Brandon,1610612744,GSW,Golden State Warriors,41500221,2016-05-01T00:00:00,GSW vs. POR,W,7.7,0.0,1.0,0.0,0.0,0.0,0.0,1.0,0.0,0.0,0.0,0.0,0.0,0.0,0.0,0.0,0,1,0.0,1,1,1,1,1555,1645,1,1393,681,789,639,953,788,1276,1059,1033,709,201,1320,1069,1525,1573,1525,1.0,7:40,2015,2016
2015-16,201578,Marreese Speights,Marreese,1610612744,GSW,Golden State Warriors,41500221,2016-05-01T00:00:00,GSW vs. POR,W,8.0,0.714,0.286,1.0,0.333,0.0,0.333,0.0,0.0,0.667,0.667,0.333,0.0,0.0,0.667,0.333,3,7,0.429,1,1,1,1,1543,865,840,1,223,789,160,953,788,348,452,840,709,201,653,762,718,764,862,1.0,7:59,2015,2016
2015-16,203546,Ian Clark,Ian,1610612744,GSW,Golden State Warriors,41500145,2016-04-27T00:00:00,GSW vs. HOU,W,16.2,0.833,0.167,0.857,0.571,0.0,0.286,0.143,0.286,0.286,1.0,0.0,0.0,0.0,1.0,0.0,3,6,0.5,1,1,1,1,1204,618,1087,375,80,789,222,706,300,980,1,1033,709,201,1,1069,718,883,525,,16:12,2015,2016
2015-16,2733,Shaun Livingston,Shaun,1610612744,GSW,Golden State Warriors,41500145,2016-04-27T00:00:00,GSW vs. HOU,W,28.5,1.0,0.0,0.875,0.125,0.0,0.25,0.125,0.125,0.75,0.429,0.571,0.0,0.0,0.429,0.571,7,8,0.875,1,1,1,1,682,1,1231,365,573,789,262,760,651,286,794,593,709,201,1038,473,206,660,115,,28:28,2015,2016
2015-16,2760,Anderson Varejao,Anderson,1610612744,GSW,Golden State Warriors,41500145,2016-04-27T00:00:00,GSW vs. HOU,W,7.7,1.0,0.0,0.0,0.0,0.0,0.0,1.0,1.0,0.0,0.0,0.0,0.0,0.0,0.0,0.0,0,2,0.0,1,1,1,1,1553,1,1231,1393,681,789,639,1,1,1276,1059,1033,709,201,1320,1069,1525,1420,1525,,7:44,2015,2016
2015-16,101106,Andrew Bogut,Andrew,1610612744,GSW,Golden State Warriors,41500145,2016-04-27T00:00:00,GSW vs. HOU,W,18.2,1.0,0.0,1.0,0.0,0.0,0.0,0.0,0.5,1.0,1.0,0.0,0.0,0.0,1.0,0.0,2,4,0.5,1,1,1,1,1123,1,1231,1,681,789,639,953,101,1,1,1033,709,201,1,1069,950,1137,525,,18:12,2015,2016
2015-16,2571,Leandro Barbosa,Leandro,1610612744,GSW,Golden State Warriors,41500145,2016-04-27T00:00:00,GSW vs. HOU,W,16.8,0.5,0.5,0.667,0.222,0.333,0.222,0.0,0.444,0.444,0.333,0.667,1.0,0.0,0.5,0.5,4,6,0.667,1,1,1,1,1182,1218,365,606,382,520,328,953,155,698,837,476,1,201,847,499,546,883,228,,16:47,2015,2016
2015-16,203949,James Michael McAdoo,James Michael,1610612744,GSW,Golden State Warriors,41500145,2016-04-27T00:00:00,GSW vs. HOU,W,3.4,0.0,0.0,0.0,0.0,0.0,0.0,1.0,0.0,0.0,0.0,0.0,0.0,0.0,0.0,0.0,0,0,0.0,1,1,1,1,1729,1645,1231,1393,681,789,639,953,788,1276,1059,1033,709,201,1320,1069,1525,1737,1525,,3:26,2015,2016
2015-16,2738,Andre Iguodala,Andre,1610612744,GSW,Golden State Warriors,41500145,2016-04-27T00:00:00,GSW vs. HOU,W,23.7,0.667,0.333,0.333,0.0,0.0,0.333,0.667,0.667,0.333,1.0,0.0,0.0,0.0,1.0,0.0,1,3,0.333,1,1,1,1,887,934,695,1191,681,789,160,74,66,899,1,1033,709,201,1,1069,1193,1279,1095,,23:43,2015,2016
2015-16,201575,Brandon Rush,Brandon,1610612744,GSW,Golden State Warriors,41500145,2016-04-27T00:00:00,GSW vs. HOU,W,17.6,0.375,0.625,0.4,0.267,0.6,0.4,0.0,0.2,0.133,0.667,0.333,1.0,0.0,0.833,0.167,6,8,0.75,1,1,1,1,1149,1498,230,1052,315,194,118,953,474,1231,452,840,1,201,483,1023,305,660,167,,17:36,2015,2016
2015-16,202691,Klay Thompson,Klay,1610612744,GSW,Golden State Warriors,41500145,2016-04-27T00:00:00,GSW vs. HOU,W,29.3,0.214,0.786,0.222,0.148,0.778,0.074,0.0,0.074,0.074,0.0,1.0,0.857,0.143,0.6,0.4,10,14,0.714,1,1,1,1,645,1608,129,1321,536,127,608,953,762,1274,1059,1,591,197,777,705,82,271,200,,29:18,2015,2016
2015-16,203105,Festus Ezeli,Festus,1610612744,GSW,Golden State Warriors,41500145,2016-04-27T00:00:00,GSW vs. HOU,W,7.4,1.0,0.0,1.0,1.0,0.0,0.0,0.0,0.0,0.0,1.0,0.0,0.0,0.0,1.0,0.0,1,4,0.25,1,1,1,1,1566,1,1231,1,1,789,639,953,788,1276,1,1033,709,201,1,1069,1193,1137,1326,,7:25,2015,2016
2015-16,203084,Harrison Barnes,Harrison,1610612744,GSW,Golden State Warriors,41500145,2016-04-27T00:00:00,GSW vs. HOU,W,27.7,0.818,0.182,1.0,0.25,0.0,0.25,0.0,0.25,0.75,0.5,0.5,0.0,0.0,0.5,0.5,4,11,0.364,1,1,1,1,722,654,1070,1,325,789,262,953,355,286,604,608,709,201,847,499,546,423,1061,,27:43,2015,2016
2015-16,201578,Marreese Speights,Marreese,1610612744,GSW,Golden State Warriors,41500145,2016-04-27T00:00:00,GSW vs. HOU,W,12.2,0.571,0.429,1.0,1.0,0.0,0.0,0.0,0.0,0.0,1.0,0.0,0.0,0.0,1.0,0.0,2,7,0.286,1,1,1,1,1371,1150,558,1,1,789,639,953,788,1276,1,1033,709,201,1,1069,950,764,1266,,12:13,2015,2016
2015-16,203110,Draymond Green,Draymond,1610612744,GSW,Golden State Warriors,41500145,2016-04-27T00:00:00,GSW vs. HOU,W,31.2,0.444,0.556,0.4,0.0,0.4,0.4,0.2,0.2,0.4,0.333,0.667,1.0,0.0,0.6,0.4,5,9,0.556,1,1,1,1,550,1403,323,1052,681,458,118,544,474,749,837,476,1,201,777,705,395,571,450,,31:13,2015,2016
2015-16,2733,Shaun Livingston,Shaun,1610612744,GSW,Golden State Warriors,41500144,2016-04-24T00:00:00,GSW @ HOU,W,22.6,1.0,0.0,0.889,0.222,0.0,0.0,0.111,0.222,0.667,0.75,0.25,0.0,0.0,0.75,0.25,4,8,0.5,1,1,1,1,923,1,1231,347,382,789,639,805,426,348,402,950,709,201,557,899,546,660,525,1.0,22:38,2015,2016
2015-16,203084,Harrison Barnes,Harrison,1610612744,GSW,Golden State Warriors,41500144,2016-04-24T00:00:00,GSW @ HOU,W,30.5,0.545,0.455,0.333,0.167,0.5,0.167,0.167,0.167,0.167,1.0,0.0,1.0,0.0,1.0,0.0,4,11,0.364,1,1,1,1,585,1194,534,1191,486,325,434,647,555,1192,1,1033,1,201,1,1069,546,423,1061,1.0,30:33,2015,2016
2015-16,2738,Andre Iguodala,Andre,1610612744,GSW,Golden State Warriors,41500144,2016-04-24T00:00:00,GSW @ HOU,W,23.7,0.636,0.364,0.545,0.091,0.409,0.273,0.046,0.364,0.455,0.333,0.667,0.667,0.333,0.444,0.556,9,11,0.818,1,1,1,1,887,1059,664,865,637,455,241,939,219,695,837,476,615,151,1029,488,115,423,136,1.0,23:43,2015,2016
2015-16,201939,Stephen Curry,Stephen,1610612744,GSW,Golden State Warriors,41500144,2016-04-24T00:00:00,GSW @ HOU,W,18.6,0.222,0.778,0.333,0.0,0.5,0.5,0.167,0.5,0.333,0.0,1.0,1.0,0.0,0.5,0.5,2,9,0.222,1,1,1,1,1097,1603,130,1191,681,325,56,647,101,899,1059,1,1,201,847,499,950,571,1410,1.0,18:35,2015,2016
2015-16,203110,Draymond Green,Draymond,1610612744,GSW,Golden State Warriors,41500144,2016-04-24T00:00:00,GSW @ HOU,W,35.9,0.5,0.5,0.333,0.0,0.667,0.333,0.0,0.167,0.333,1.0,0.0,1.0,0.0,1.0,0.0,7,12,0.583,1,1,1,1,339,1218,365,1191,681,175,160,953,555,899,1,1033,1,201,1,1069,206,370,396,1.0,35:51,2015,2016
2015-16,201575,Brandon Rush,Brandon,1610612744,GSW,Golden State Warriors,41500144,2016-04-24T00:00:00,GSW @ HOU,W,3.6,0.0,1.0,0.0,0.0,1.0,0.0,0.0,0.0,0.0,0.0,0.0,1.0,0.0,1.0,0.0,1,2,0.5,1,1,1,1,1719,1645,1,1393,681,1,639,953,788,1276,1059,1033,1,201,1,1069,1193,1420,525,1.0,3:34,2015,2016
2015-16,202691,Klay Thompson,Klay,1610612744,GSW,Golden State Warriors,41500144,2016-04-24T00:00:00,GSW @ HOU,W,30.8,0.267,0.733,0.087,0.0,0.913,0.13,0.0,0.13,0.087,1.0,0.0,1.0,0.0,1.0,0.0,8,15,0.533,1,1,1,1,577,1576,161,1390,681,98,523,953,646,1267,1,1033,1,201,1,1069,155,242,504,1.0,30:47,2015,2016
2015-16,201578,Marreese Speights,Marreese,1610612744,GSW,Golden State Warriors,41500144,2016-04-24T00:00:00,GSW @ HOU,W,15.7,0.6,0.4,0.286,0.286,0.429,0.0,0.285,0.0,0.0,1.0,0.0,1.0,0.0,1.0,0.0,2,5,0.4,1,1,1,1,1222,1096,603,1245,278,380,639,378,788,1276,1,1033,1,201,1,1069,950,1005,937,1.0,15:39,2015,2016
2015-16,2571,Leandro Barbosa,Leandro,1610612744,GSW,Golden State Warriors,41500144,2016-04-24T00:00:00,GSW @ HOU,W,12.0,0.667,0.333,0.571,0.286,0.429,0.0,0.0,0.0,0.286,1.0,0.0,1.0,0.0,1.0,0.0,3,6,0.5,1,1,1,1,1380,934,695,813,278,380,639,953,788,980,1,1033,1,201,1,1069,718,883,525,1.0,12:00,2015,2016
2015-16,101106,Andrew Bogut,Andrew,1610612744,GSW,Golden State Warriors,41500144,2016-04-24T00:00:00,GSW @ HOU,W,14.1,1.0,0.0,1.0,0.0,0.0,0.0,0.0,0.0,1.0,0.667,0.333,0.0,0.0,0.667,0.333,3,4,0.75,1,1,1,1,1302,1,1231,1,681,789,639,953,788,1,452,840,709,201,653,762,718,1137,167,1.0,14:04,2015,2016
2015-16,203949,James Michael McAdoo,James Michael,1610612744,GSW,Golden State Warriors,41500144,2016-04-24T00:00:00,GSW @ HOU,W,5.8,1.0,0.0,0.0,0.0,0.0,0.0,1.0,0.0,0.0,0.0,0.0,0.0,0.0,0.0,0.0,0,2,0.0,1,1,1,1,1623,1,1231,1393,681,789,639,953,788,1276,1059,1033,709,201,1320,1069,1525,1420,1525,1.0,5:50,2015,2016
2015-16,203546,Ian Clark,Ian,1610612744,GSW,Golden State Warriors,41500144,2016-04-24T00:00:00,GSW @ HOU,W,12.5,0.5,0.5,0.4,0.0,0.6,0.0,0.0,0.0,0.4,1.0,0.0,1.0,0.0,1.0,0.0,2,2,1.0,1,1,1,1,1359,1218,365,1052,681,194,639,953,788,749,1,1033,1,201,1,1069,950,1420,1,1.0,12:31,2015,2016
2015-16,203105,Festus Ezeli,Festus,1610612744,GSW,Golden State Warriors,41500144,2016-04-24T00:00:00,GSW @ HOU,W,14.3,1.0,0.0,0.667,0.0,0.0,0.0,0.333,0.667,0.667,1.0,0.0,0.0,0.0,1.0,0.0,1,2,0.5,1,1,1,1,1290,1,1231,606,681,789,639,252,66,348,1,1033,709,201,1,1069,1193,1420,525,1.0,14:15,2015,2016
2015-16,2738,Andre Iguodala,Andre,1610612744,GSW,Golden State Warriors,41500143,2016-04-21T00:00:00,GSW @ HOU,L,32.7,0.4,0.6,0.286,0.0,0.429,0.0,0.285,0.0,0.286,0.0,1.0,1.0,0.0,0.5,0.5,2,5,0.4,1,947,947,947,479,1443,247,1245,681,380,639,378,788,980,1059,1,1,201,847,499,950,1005,937,1.0,32:43,2015,2016
2015-16,203105,Festus Ezeli,Festus,1610612744,GSW,Golden State Warriors,41500143,2016-04-21T00:00:00,GSW @ HOU,L,4.4,1.0,0.0,1.0,0.0,0.0,0.0,0.0,0.0,1.0,1.0,0.0,0.0,0.0,1.0,0.0,1,4,0.25,1,947,947,947,1685,1,1231,1,681,789,639,953,788,1,1,1033,709,201,1,1069,1193,1137,1326,1.0,4:25,2015,2016
2015-16,202691,Klay Thompson,Klay,1610612744,GSW,Golden State Warriors,41500143,2016-04-21T00:00:00,GSW @ HOU,L,40.2,0.65,0.35,0.824,0.471,0.0,0.059,0.176,0.176,0.353,0.857,0.143,0.0,0.0,0.857,0.143,7,20,0.35,1,947,947,947,129,1044,691,422,134,789,625,639,547,886,363,1025,709,201,465,1043,206,111,1089,1.0,40:14,2015,2016
2015-16,2571,Leandro Barbosa,Leandro,1610612744,GSW,Golden State Warriors,41500143,2016-04-21T00:00:00,GSW @ HOU,L,9.8,0.0,1.0,0.0,0.0,0.0,0.0,1.0,0.0,0.0,0.0,0.0,0.0,0.0,0.0,0.0,0,1,0.0,1,947,947,947,1468,1645,1,1393,681,789,639,953,788,1276,1059,1033,709,201,1320,1069,1525,1573,1525,1.0,9:49,2015,2016
2015-16,2733,Shaun Livingston,Shaun,1610612744,GSW,Golden State Warriors,41500143,2016-04-21T00:00:00,GSW @ HOU,L,30.1,1.0,0.0,0.75,0.375,0.0,0.25,0.25,0.5,0.375,0.5,0.5,0.0,0.0,0.5,0.5,6,13,0.462,1,947,947,947,605,1,1231,498,203,789,262,433,101,855,604,608,709,201,847,499,305,318,790,1.0,30:05,2015,2016
2015-16,203110,Draymond Green,Draymond,1610612744,GSW,Golden State Warriors,41500143,2016-04-21T00:00:00,GSW @ HOU,L,37.3,0.778,0.222,0.667,0.0,0.0,0.0,0.333,0.0,0.667,0.333,0.667,0.0,0.0,0.333,0.667,3,9,0.333,1,947,947,947,254,738,979,606,681,789,639,252,788,348,837,476,709,201,1100,342,718,571,1095,1.0,37:16,2015,2016
2015-16,203084,Harrison Barnes,Harrison,1610612744,GSW,Golden State Warriors,41500143,2016-04-21T00:00:00,GSW @ HOU,L,23.5,0.571,0.429,0.444,0.222,0.333,0.0,0.223,0.0,0.222,0.0,1.0,1.0,0.0,0.333,0.667,3,7,0.429,1,947,947,947,895,1150,558,1005,382,520,639,514,788,1118,1059,1,1,201,1100,342,718,764,862,1.0,23:33,2015,2016
2015-16,203546,Ian Clark,Ian,1610612744,GSW,Golden State Warriors,41500143,2016-04-21T00:00:00,GSW @ HOU,L,21.4,0.571,0.429,0.545,0.0,0.273,0.364,0.182,0.182,0.545,0.667,0.333,1.0,0.0,0.75,0.25,4,7,0.571,1,947,947,947,973,1150,558,865,681,590,152,622,524,533,452,840,1,201,557,899,546,764,410,1.0,21:24,2015,2016
2015-16,201578,Marreese Speights,Marreese,1610612744,GSW,Golden State Warriors,41500143,2016-04-21T00:00:00,GSW @ HOU,L,18.3,0.455,0.545,0.364,0.182,0.409,0.045,0.227,0.045,0.182,1.0,0.0,1.0,0.0,1.0,0.0,7,11,0.636,1,947,947,947,1119,1394,338,1166,454,455,634,510,787,1176,1,1033,1,201,1,1069,206,423,305,1.0,18:19,2015,2016
2015-16,203949,James Michael McAdoo,James Michael,1610612744,GSW,Golden State Warriors,41500143,2016-04-21T00:00:00,GSW @ HOU,L,7.6,0.0,0.0,0.0,0.0,0.0,0.0,1.0,0.0,0.0,0.0,0.0,0.0,0.0,0.0,0.0,0,0,0.0,1,947,947,947,1561,1645,1231,1393,681,789,639,1,788,1276,1059,1033,709,201,1320,1069,1525,1737,1525,1.0,7:34,2015,2016
2015-16,101106,Andrew Bogut,Andrew,1610612744,GSW,Golden State Warriors,41500143,2016-04-21T00:00:00,GSW @ HOU,L,14.6,1.0,0.0,1.0,0.0,0.0,0.0,0.0,0.0,1.0,0.0,1.0,0.0,0.0,0.0,1.0,1,2,0.5,1,947,947,947,1271,1,1231,1,681,789,639,953,788,1,1059,1,709,201,1320,1,1193,1420,525,1.0,14:38,2015,2016
2015-16,2733,Shaun Livingston,Shaun,1610612744,GSW,Golden State Warriors,41500142,2016-04-18T00:00:00,GSW vs. HOU,W,28.7,1.0,0.0,0.875,0.25,0.0,0.25,0.125,0.25,0.625,0.571,0.429,0.0,0.0,0.571,0.429,7,9,0.778,1,1,1,1,671,1,1231,365,325,789,262,760,355,450,591,796,709,201,824,689,206,571,157,1.0,28:43,2015,2016
2015-16,201575,Brandon Rush,Brandon,1610612744,GSW,Golden State Warriors,41500142,2016-04-18T00:00:00,GSW vs. HOU,W,12.9,0.0,1.0,0.0,0.0,0.0,0.0,1.0,0.0,0.0,0.0,0.0,0.0,0.0,0.0,0.0,0,1,0.0,1,1,1,1,1347,1645,1,1393,681,789,639,953,788,1276,1059,1033,709,201,1320,1069,1525,1573,1525,1.0,12:54,2015,2016
2015-16,203546,Ian Clark,Ian,1610612744,GSW,Golden State Warriors,41500142,2016-04-18T00:00:00,GSW vs. HOU,W,2.5,0.0,0.0,0.0,0.0,0.0,0.0,1.0,0.0,0.0,0.0,0.0,0.0,0.0,0.0,0.0,0,0,0.0,1,1,1,1,1779,1645,1231,1393,681,789,639,953,788,1276,1059,1033,709,201,1320,1069,1525,1737,1525,1.0,2:31,2015,2016
2015-16,2738,Andre Iguodala,Andre,1610612744,GSW,Golden State Warriors,41500142,2016-04-18T00:00:00,GSW vs. HOU,W,32.6,0.4,0.6,0.333,0.111,0.667,0.111,0.0,0.111,0.222,1.0,0.0,0.75,0.25,0.857,0.143,7,10,0.7,1,1,1,1,484,1443,247,1191,610,175,556,953,691,1118,1,1033,604,175,465,1043,206,495,219,1.0,32:37,2015,2016
2015-16,202691,Klay Thompson,Klay,1610612744,GSW,Golden State Warriors,41500142,2016-04-18T00:00:00,GSW vs. HOU,W,36.7,0.6,0.4,0.294,0.0,0.265,0.176,0.441,0.206,0.294,0.8,0.2,1.0,0.0,0.875,0.125,8,20,0.4,1,1,1,1,290,1096,603,1244,681,625,423,177,472,979,382,993,1,201,462,1061,155,111,937,1.0,36:42,2015,2016
2015-16,201578,Marreese Speights,Marreese,1610612744,GSW,Golden State Warriors,41500142,2016-04-18T00:00:00,GSW vs. HOU,W,11.0,0.833,0.167,0.667,0.0,0.333,0.0,0.0,0.222,0.667,0.333,0.667,1.0,0.0,0.5,0.5,4,6,0.667,1,1,1,1,1429,618,1087,606,681,520,639,953,426,348,837,476,1,201,847,499,546,883,228,1.0,10:57,2015,2016
2015-16,203084,Harrison Barnes,Harrison,1610612744,GSW,Golden State Warriors,41500142,2016-04-18T00:00:00,GSW vs. HOU,W,33.1,0.7,0.3,0.333,0.0,0.0,0.333,0.667,0.333,0.333,0.0,1.0,0.0,0.0,0.0,1.0,1,10,0.1,1,1,1,1,460,906,820,1191,681,789,160,74,230,899,1059,1,709,201,1320,1,1193,495,1519,1.0,33:03,2015,2016
2015-16,203110,Draymond Green,Draymond,1610612744,GSW,Golden State Warriors,41500142,2016-04-18T00:00:00,GSW vs. HOU,W,39.1,0.833,0.167,0.667,0.167,0.0,0.0,0.333,0.0,0.5,0.5,0.5,0.0,0.0,0.5,0.5,4,12,0.333,1,1,1,1,180,618,1087,606,486,789,639,252,788,565,604,608,709,201,847,499,546,370,1095,1.0,39:04,2015,2016
2015-16,2571,Leandro Barbosa,Leandro,1610612744,GSW,Golden State Warriors,41500142,2016-04-18T00:00:00,GSW vs. HOU,W,13.0,0.6,0.4,1.0,0.0,0.0,0.333,0.0,0.333,1.0,0.667,0.333,0.0,0.0,0.667,0.333,3,5,0.6,1,1,1,1,1345,1096,603,1,681,789,160,953,230,1,452,840,709,201,653,762,718,1005,346,1.0,12:59,2015,2016
2015-16,101106,Andrew Bogut,Andrew,1610612744,GSW,Golden State Warriors,41500142,2016-04-18T00:00:00,GSW vs. HOU,W,27.1,1.0,0.0,1.0,0.0,0.0,0.0,0.0,0.4,1.0,0.6,0.4,0.0,0.0,0.6,0.4,5,6,0.833,1,1,1,1,746,1,1231,1,681,789,639,953,187,1,559,804,709,201,777,705,395,883,127,1.0,27:08,2015,2016
2015-16,203105,Festus Ezeli,Festus,1610612744,GSW,Golden State Warriors,41500142,2016-04-18T00:00:00,GSW vs. HOU,W,3.4,1.0,0.0,0.5,0.0,0.0,0.5,0.5,0.0,0.5,1.0,0.0,0.0,0.0,1.0,0.0,1,2,0.5,1,1,1,1,1734,1,1231,901,681,789,56,121,788,565,1,1033,709,201,1,1069,1193,1420,525,1.0,3:22,2015,2016
2015-16,203105,Festus Ezeli,Festus,1610612744,GSW,Golden State Warriors,41500141,2016-04-16T00:00:00,GSW vs. HOU,W,10.8,1.0,0.0,1.0,0.0,0.0,0.25,0.0,0.0,1.0,0.25,0.75,0.0,0.0,0.25,0.75,4,5,0.8,1,1,1,1,1434,1,1231,1,681,789,262,953,788,1,932,418,709,201,1206,289,546,1005,139,1.0,10:48,2015,2016
2015-16,2733,Shaun Livingston,Shaun,1610612744,GSW,Golden State Warriors,41500141,2016-04-16T00:00:00,GSW vs. HOU,W,24.7,1.0,0.0,0.667,0.222,0.0,0.0,0.333,0.222,0.444,0.333,0.667,0.0,0.0,0.333,0.667,3,8,0.375,1,1,1,1,851,1,1231,606,382,789,639,252,426,698,837,476,709,201,1100,342,718,660,1022,1.0,24:43,2015,2016
2015-16,2738,Andre Iguodala,Andre,1610612744,GSW,Golden State Warriors,41500141,2016-04-16T00:00:00,GSW vs. HOU,W,26.6,0.833,0.167,1.0,0.0,0.0,1.0,0.0,1.0,1.0,1.0,0.0,0.0,0.0,1.0,0.0,1,6,0.167,1,1,1,1,770,618,1087,1,681,789,1,953,1,1,1,1033,709,201,1,1069,1193,883,1468,1.0,26:38,2015,2016
2015-16,201578,Marreese Speights,Marreese,1610612744,GSW,Golden State Warriors,41500141,2016-04-16T00:00:00,GSW vs. HOU,W,15.1,0.818,0.182,0.833,0.5,0.0,0.167,0.167,0.167,0.333,0.8,0.2,0.0,0.0,0.8,0.2,5,11,0.455,1,1,1,1,1245,654,1070,404,90,789,434,647,555,899,382,993,709,201,505,974,395,423,806,1.0,15:08,2015,2016
2015-16,203084,Harrison Barnes,Harrison,1610612744,GSW,Golden State Warriors,41500141,2016-04-16T00:00:00,GSW vs. HOU,W,31.8,0.833,0.167,0.857,0.286,0.0,0.0,0.143,0.0,0.571,1.0,0.0,0.0,0.0,1.0,0.0,3,12,0.25,1,1,1,1,525,618,1087,375,278,789,639,706,788,494,1,1033,709,201,1,1069,718,370,1326,1.0,31:45,2015,2016
2015-16,2571,Leandro Barbosa,Leandro,1610612744,GSW,Golden State Warriors,41500141,2016-04-16T00:00:00,GSW vs. HOU,W,15.5,0.8,0.2,0.667,0.444,0.333,0.222,0.0,0.444,0.222,1.0,0.0,1.0,0.0,1.0,0.0,4,5,0.8,1,1,1,1,1229,681,1012,606,143,520,328,953,155,1118,1,1033,1,201,1,1069,546,1005,139,1.0,15:30,2015,2016
2015-16,101106,Andrew Bogut,Andrew,1610612744,GSW,Golden State Warriors,41500141,2016-04-16T00:00:00,GSW vs. HOU,W,15.6,1.0,0.0,1.0,0.0,0.0,0.0,0.0,1.0,1.0,0.0,1.0,0.0,0.0,0.0,1.0,1,1,1.0,1,1,1,1,1227,1,1231,1,681,789,639,953,1,1,1059,1,709,201,1320,1,1193,1573,1,1.0,15:35,2015,2016
2015-16,201575,Brandon Rush,Brandon,1610612744,GSW,Golden State Warriors,41500141,2016-04-16T00:00:00,GSW vs. HOU,W,3.4,0.0,1.0,0.0,0.0,0.0,0.0,1.0,0.0,0.0,0.0,0.0,0.0,0.0,0.0,0.0,0,2,0.0,1,1,1,1,1735,1645,1,1393,681,789,639,953,788,1276,1059,1033,709,201,1320,1069,1525,1420,1525,1.0,3:21,2015,2016
2015-16,203546,Ian Clark,Ian,1610612744,GSW,Golden State Warriors,41500141,2016-04-16T00:00:00,GSW vs. HOU,W,4.3,0.5,0.5,0.0,0.0,1.0,0.0,0.0,1.0,0.0,0.0,0.0,0.0,1.0,0.0,1.0,1,2,0.5,1,1,1,1,1692,1218,365,1393,681,1,639,953,1,1276,1059,1033,709,1,1320,1,1193,1420,525,1.0,4:17,2015,2016
2015-16,203110,Draymond Green,Draymond,1610612744,GSW,Golden State Warriors,41500141,2016-04-16T00:00:00,GSW vs. HOU,W,33.3,0.75,0.25,0.667,0.0,0.25,0.333,0.083,0.0,0.667,0.5,0.5,1.0,0.0,0.6,0.4,5,12,0.417,1,1,1,1,437,775,903,606,681,637,160,875,788,348,604,608,1,201,777,705,395,370,907,1.0,33:17,2015,2016
2015-16,2760,Anderson Varejao,Anderson,1610612744,GSW,Golden State Warriors,41500141,2016-04-16T00:00:00,GSW vs. HOU,W,6.6,0.0,0.0,0.0,0.0,0.0,0.0,1.0,0.0,0.0,0.0,0.0,0.0,0.0,0.0,0.0,0,0,0.0,1,1,1,1,1587,1645,1231,1393,681,789,639,953,788,1276,1059,1033,709,201,1320,1069,1525,1737,1525,1.0,6:38,2015,2016
2015-16,201939,Stephen Curry,Stephen,1610612744,GSW,Golden State Warriors,41500141,2016-04-16T00:00:00,GSW vs. HOU,W,19.8,0.462,0.538,0.25,0.0,0.625,0.292,0.125,0.458,0.25,0.333,0.667,1.0,0.0,0.75,0.25,8,13,0.615,1,1,1,1,1034,1385,344,1285,681,193,219,760,152,1056,837,476,1,201,557,899,155,318,340,1.0,19:49,2015,2016
2015-16,202691,Klay Thompson,Klay,1610612744,GSW,Golden State Warriors,41500141,2016-04-16T00:00:00,GSW vs. HOU,W,32.5,0.571,0.429,0.25,0.0,0.375,0.125,0.375,0.438,0.25,0.5,0.5,1.0,0.0,0.75,0.25,4,14,0.286,1,1,1,1,488,1150,558,1285,681,469,526,219,164,1056,604,608,1,201,557,899,546,271,1266,1.0,32:31,2015,2016
