season,player_id,player,nickname,team_id,team,team_name,game_id,game_date,matchup,wl,min,fgm,fga,fg_pct,fg3m,fg3a,fg3_pct,ftm,fta,ft_pct,oreb,dreb,reb,ast,tov,stl,blk,blka,pf,pfd,pts,plus_minus,nba_fantasy_pts,dd2,td3,wnba_fantasy_pts,gp_rank,w_rank,l_rank,w_pct_rank,min_rank,fgm_rank,fga_rank,fg_pct_rank,fg3m_rank,fg3a_rank,fg3_pct_rank,ftm_rank,fta_rank,ft_pct_rank,oreb_rank,dreb_rank,reb_rank,ast_rank,tov_rank,stl_rank,blk_rank,blka_rank,pf_rank,pfd_rank,pts_rank,plus_minus_rank,nba_fantasy_pts_rank,dd2_rank,td3_rank,wnba_fantasy_pts_rank,available_flag,min_sec,season_start,season_end
2019-20,101150,Lou Williams,Lou,1610612746,LAC,LA Clippers,41900237,2020-09-15T00:00:00,LAC vs. DEN,L,24.61,5.9,21.5,0.273,2.0,7.8,0.25,0.0,0.0,0.0,5.9,2.0,7.8,11.7,2.0,0.0,0.0,2.0,2.0,0.0,13.7,3.9,38.6,0,0,35.1,1,853,1,853,857,935,361,1240,791,673,785,879,928,879,134,1357,800,101,814,756,511,275,1240,1171,1080,710,852,163,13,944,1,24:37,2019,2020
2019-20,1627826,Ivica Zubac,Ivica,1610612746,LAC,LA Clippers,41900237,2020-09-15T00:00:00,LAC vs. DEN,L,14.3,10.1,16.8,0.6,0.0,0.0,0.0,0.0,0.0,0.0,6.7,0.0,6.7,0.0,0.0,0.0,0.0,0.0,10.1,0.0,20.1,-33.6,28.2,0,0,26.9,1,853,1,853,1239,385,697,313,987,1338,987,879,928,879,103,1427,939,1185,1048,756,511,530,148,1171,750,1477,1230,163,13,1266,1,14:18,2019,2020
2019-20,203210,JaMychal Green,JaMychal,1610612746,LAC,LA Clippers,41900237,2020-09-15T00:00:00,LAC vs. DEN,L,23.933333333333334,8.0,14.0,0.571,2.0,6.0,0.333,4.0,4.0,1.0,4.0,8.0,12.0,0.0,0.0,2.0,0.0,0.0,2.0,2.0,22.1,0.0,42.5,0,0,40.1,1,853,1,853,889,630,944,371,780,898,608,522,658,1,254,575,411,1185,1048,453,511,530,1231,1014,651,795,718,163,13,750,1,23:56,2019,2020
2019-20,202694,Marcus Morris Sr.,Marcus,1610612746,LAC,LA Clippers,41900237,2020-09-15T00:00:00,LAC vs. DEN,L,26.2,3.7,16.5,0.222,1.8,11.0,0.167,3.7,3.7,1.0,0.0,11.0,11.0,0.0,1.8,1.8,0.0,0.0,3.7,1.8,12.8,-20.2,29.7,0,0,29.3,1,853,1,853,784,1220,720,1327,816,335,931,583,706,1,793,294,489,1185,844,489,511,530,912,1052,1135,1318,1181,163,13,1174,1,26:12,2019,2020
2019-20,201976,Patrick Beverley,Patrick,1610612746,LAC,LA Clippers,41900237,2020-09-15T00:00:00,LAC vs. DEN,L,30.183333333333334,6.4,11.1,0.571,1.6,3.2,0.5,3.2,3.2,1.0,3.2,4.8,8.0,9.5,0.0,4.8,1.6,0.0,4.8,8.0,17.5,6.4,60.4,0,0,49.3,1,853,1,853,615,859,1196,371,864,1201,245,636,757,1,353,989,785,184,1048,104,338,530,695,229,899,648,241,163,13,428,1,30:11,2019,2020
2019-20,1629611,Terance Mann,Terance,1610612746,LAC,LA Clippers,41900237,2020-09-15T00:00:00,LAC vs. DEN,L,1.7233333333333334,0.0,0.0,0.0,0.0,0.0,0.0,0.0,0.0,0.0,0.0,0.0,0.0,0.0,0.0,0.0,0.0,0.0,0.0,0.0,0.0,83.6,0.0,0,0,0.0,1,853,1,853,1638,1425,1574,1425,987,1338,987,879,928,879,793,1427,1480,1185,1048,756,511,530,1389,1171,1473,25,1602,163,13,1605,1,1:43,2019,2020
2019-20,202695,Kawhi Leonard,Kawhi,1610612746,LAC,LA Clippers,41900237,2020-09-15T00:00:00,LAC vs. DEN,L,43.5,6.6,24.3,0.273,2.2,7.7,0.286,0.0,0.0,0.0,0.0,6.6,6.6,6.6,2.2,2.2,1.1,1.1,1.1,2.2,15.4,-23.2,41.0,0,0,37.5,1,853,1,853,40,820,224,1240,743,685,758,879,928,879,793,745,951,383,766,404,498,516,1379,981,994,1361,774,163,13,860,1,43:30,2019,2020
2019-20,203585,Rodney McGruder,Rodney,1610612746,LAC,LA Clippers,41900237,2020-09-15T00:00:00,LAC vs. DEN,L,1.4,0.0,0.0,0.0,0.0,0.0,0.0,0.0,0.0,0.0,0.0,34.3,34.3,34.3,0.0,0.0,0.0,0.0,0.0,0.0,0.0,171.4,92.6,0,0,68.6,1,853,1,853,1647,1425,1574,1425,987,1338,987,879,928,879,793,5,9,5,1048,756,511,530,1389,1171,1473,6,24,163,13,115,1,1:24,2019,2020
2019-20,202331,Paul George,Paul,1610612746,LAC,LA Clippers,41900237,2020-09-15T00:00:00,LAC vs. DEN,L,38.22666666666667,5.0,20.1,0.25,2.5,13.8,0.182,0.0,1.3,0.0,2.5,2.5,5.0,2.5,6.3,1.3,1.3,1.3,5.0,6.3,12.6,-25.1,23.6,0,0,27.6,1,853,1,853,225,1044,438,1257,669,156,924,879,917,879,450,1294,1141,934,152,679,448,447,646,386,1150,1383,1342,163,13,1231,1,38:14,2019,2020
2019-20,202704,Reggie Jackson,Reggie,1610612746,LAC,LA Clippers,41900237,2020-09-15T00:00:00,LAC vs. DEN,L,4.09,0.0,23.5,0.0,0.0,11.7,0.0,0.0,0.0,0.0,0.0,0.0,0.0,0.0,0.0,0.0,0.0,0.0,11.7,0.0,0.0,-105.6,0.0,0,0,0.0,1,853,1,853,1572,1425,249,1425,987,274,987,879,928,879,793,1427,1480,1185,1048,756,511,530,103,1171,1473,1672,1602,163,13,1605,1,4:05,2019,2020
2019-20,1626149,Montrezl Harrell,Montrezl,1610612746,LAC,LA Clippers,41900237,2020-09-15T00:00:00,LAC vs. DEN,L,25.716666666666665,13.1,18.7,0.7,0.0,0.0,0.0,11.2,16.8,0.667,1.9,3.7,5.6,0.0,1.9,0.0,0.0,3.7,5.6,11.2,37.3,-14.9,42.2,0,0,42.9,1,853,1,853,809,176,547,158,987,1338,987,94,54,623,557,1131,1060,1185,833,756,511,76,531,75,152,1230,731,163,13,643,1,25:43,2019,2020
2019-20,1629013,Landry Shamet,Landry,1610612746,LAC,LA Clippers,41900237,2020-09-15T00:00:00,LAC vs. DEN,L,6.116666666666666,7.8,7.8,1.0,7.8,7.8,1.0,0.0,0.0,0.0,0.0,0.0,0.0,0.0,0.0,0.0,0.0,0.0,7.8,0.0,23.5,-78.5,23.5,0,0,31.4,1,853,1,853,1506,647,1397,1,72,667,1,879,928,879,793,1427,1480,1185,1048,756,511,530,274,1171,575,1654,1343,163,13,1087,1,6:07,2019,2020
2019-20,1627826,Ivica Zubac,Ivica,1610612746,LAC,LA Clippers,41900236,2020-09-13T00:00:00,LAC @ DEN,L,29.85,1.6,9.6,0.167,0.0,0.0,0.0,0.0,0.0,0.0,6.4,12.9,19.3,1.6,1.6,0.0,3.2,0.0,4.8,0.0,3.2,17.7,36.8,0,0,30.6,1,853,1,853,626,1408,1294,1383,987,1338,987,879,928,879,114,201,115,1094,895,756,147,530,688,1171,1463,371,928,163,13,1125,1,29:51,2019,2020
2019-20,1629611,Terance Mann,Terance,1610612746,LAC,LA Clippers,41900236,2020-09-13T00:00:00,LAC @ DEN,L,0.8,0.0,0.0,0.0,0.0,0.0,0.0,0.0,0.0,0.0,0.0,60.0,60.0,0.0,0.0,0.0,0.0,0.0,0.0,0.0,0.0,0.0,72.0,0,0,60.0,1,853,1,853,1661,1425,1574,1425,987,1338,987,879,928,879,793,1,1,1185,1048,756,511,530,1389,1171,1473,795,114,163,13,215,1,0:48,2019,2020
2019-20,202331,Paul George,Paul,1610612746,LAC,LA Clippers,41900236,2020-09-13T00:00:00,LAC @ DEN,L,39.19166666666667,11.0,25.7,0.429,4.9,11.0,0.444,13.5,13.5,1.0,1.2,6.1,7.3,3.7,3.7,6.1,1.2,1.2,4.9,7.3,40.4,-28.2,73.1,0,0,71.0,1,853,1,853,176,315,183,835,268,332,458,55,105,1,746,798,857,769,440,45,462,462,670,284,109,1419,102,163,13,95,1,39:12,2019,2020
2019-20,202694,Marcus Morris Sr.,Marcus,1610612746,LAC,LA Clippers,41900236,2020-09-13T00:00:00,LAC @ DEN,L,29.716666666666665,1.6,8.1,0.2,1.6,6.5,0.25,3.2,3.2,1.0,1.6,3.2,4.8,1.6,1.6,0.0,0.0,0.0,6.5,3.2,8.1,-12.9,14.7,0,0,16.2,1,853,1,853,633,1407,1385,1339,856,848,785,634,755,1,608,1202,1160,1090,891,756,511,530,418,802,1321,1188,1521,163,13,1490,1,29:43,2019,2020
2019-20,101150,Lou Williams,Lou,1610612746,LAC,LA Clippers,41900236,2020-09-13T00:00:00,LAC @ DEN,L,24.433333333333334,9.8,21.6,0.455,2.0,3.9,0.5,5.9,5.9,1.0,0.0,3.9,3.9,2.0,0.0,5.9,0.0,2.0,0.0,3.9,27.5,-19.6,52.8,0,0,47.1,1,853,1,853,867,421,350,761,787,1138,245,348,452,1,793,1099,1255,1017,1048,55,511,270,1389,676,384,1306,402,163,13,484,1,24:26,2019,2020
2019-20,1626149,Montrezl Harrell,Montrezl,1610612746,LAC,LA Clippers,41900236,2020-09-13T00:00:00,LAC @ DEN,L,15.433333333333334,6.2,12.4,0.5,0.0,3.1,0.0,3.1,6.2,0.5,0.0,3.1,3.1,3.1,6.2,0.0,0.0,0.0,0.0,3.1,15.6,-59.1,17.7,0,0,21.8,1,853,1,853,1206,881,1107,500,987,1208,987,640,430,708,793,1221,1337,851,156,756,511,530,1389,811,989,1624,1471,163,13,1390,1,15:26,2019,2020
2019-20,201149,Joakim Noah,Joakim,1610612746,LAC,LA Clippers,41900236,2020-09-13T00:00:00,LAC @ DEN,L,0.8,0.0,0.0,0.0,0.0,0.0,0.0,0.0,0.0,0.0,0.0,0.0,0.0,0.0,0.0,0.0,0.0,0.0,0.0,0.0,0.0,0.0,0.0,0,0,0.0,1,853,1,853,1661,1425,1574,1425,987,1338,987,879,928,879,793,1427,1480,1185,1048,756,511,530,1389,1171,1473,795,1602,163,13,1605,1,0:48,2019,2020
2019-20,202704,Reggie Jackson,Reggie,1610612746,LAC,LA Clippers,41900236,2020-09-13T00:00:00,LAC @ DEN,L,0.9916666666666668,0.0,0.0,0.0,0.0,0.0,0.0,0.0,0.0,0.0,0.0,0.0,0.0,0.0,0.0,0.0,0.0,0.0,0.0,0.0,0.0,-145.2,0.0,0,0,0.0,1,853,1,853,1659,1425,1574,1425,987,1338,987,879,928,879,793,1427,1480,1185,1048,756,511,530,1389,1171,1473,1684,1602,163,13,1605,1,0:60,2019,2020
2019-20,201976,Patrick Beverley,Patrick,1610612746,LAC,LA Clippers,41900236,2020-09-13T00:00:00,LAC @ DEN,L,17.616666666666667,2.7,5.4,0.5,0.0,0.0,0.0,0.0,0.0,0.0,0.0,5.4,5.4,10.9,5.4,0.0,0.0,0.0,16.3,0.0,5.4,-2.7,22.9,0,0,21.8,1,853,1,853,1127,1308,1512,500,987,1338,987,879,928,879,793,893,1086,136,228,756,511,530,45,1171,1414,916,1361,163,13,1389,1,17:37,2019,2020
2019-20,203210,JaMychal Green,JaMychal,1610612746,LAC,LA Clippers,41900236,2020-09-13T00:00:00,LAC @ DEN,L,20.2,11.9,19.0,0.625,2.4,7.1,0.333,0.0,0.0,0.0,2.4,2.4,4.8,4.8,0.0,0.0,0.0,0.0,7.1,0.0,26.1,-23.8,39.0,0,0,38.0,1,853,1,853,1044,242,523,273,697,766,608,879,928,879,476,1309,1171,593,1048,756,511,530,327,1171,453,1367,843,163,13,838,1,20:12,2019,2020
2019-20,202695,Kawhi Leonard,Kawhi,1610612746,LAC,LA Clippers,41900236,2020-09-13T00:00:00,LAC @ DEN,L,41.45,9.3,20.8,0.444,3.5,5.8,0.6,6.9,8.1,0.857,2.3,6.9,9.3,5.8,2.3,2.3,1.2,1.2,1.2,6.9,29.0,-1.2,56.9,0,0,54.4,1,853,1,853,98,485,395,791,489,920,184,285,310,447,486,711,650,463,736,380,477,493,1368,316,340,872,319,163,13,319,1,41:27,2019,2020
2019-20,1629013,Landry Shamet,Landry,1610612746,LAC,LA Clippers,41900236,2020-09-13T00:00:00,LAC @ DEN,L,19.516666666666666,0.0,7.4,0.0,0.0,7.4,0.0,2.5,4.9,0.5,0.0,0.0,0.0,4.9,4.9,0.0,0.0,0.0,2.5,2.5,2.5,-2.5,4.9,0,0,7.4,1,853,1,853,1064,1425,1422,1425,987,739,987,729,568,708,793,1427,1480,568,281,756,511,530,1157,940,1467,903,1589,163,13,1583,1,19:31,2019,2020
2019-20,1629013,Landry Shamet,Landry,1610612746,LAC,LA Clippers,41900235,2020-09-11T00:00:00,LAC vs. DEN,L,13.946666666666667,3.4,6.9,0.5,3.4,6.9,0.5,0.0,0.0,0.0,0.0,3.4,3.4,6.9,3.4,0.0,0.0,0.0,6.9,0.0,10.3,-13.8,21.3,0,0,24.1,1,853,1,853,1253,1242,1445,500,497,796,245,879,928,879,793,1164,1303,362,485,756,511,530,356,1171,1237,1202,1399,163,13,1342,1,13:57,2019,2020
2019-20,1627826,Ivica Zubac,Ivica,1610612746,LAC,LA Clippers,41900235,2020-09-11T00:00:00,LAC vs. DEN,L,31.62,3.0,12.1,0.25,0.0,0.0,0.0,1.5,3.0,0.5,4.6,9.1,13.7,1.5,3.0,1.5,0.0,3.0,1.5,4.6,7.6,7.6,27.8,0,0,25.8,1,853,1,853,541,1280,1130,1257,987,1338,987,825,770,708,212,460,296,1115,569,573,511,133,1300,587,1339,618,1246,163,13,1297,1,31:37,2019,2020
2019-20,201976,Patrick Beverley,Patrick,1610612746,LAC,LA Clippers,41900235,2020-09-11T00:00:00,LAC vs. DEN,L,27.398333333333333,7.0,14.0,0.5,3.5,10.5,0.333,0.0,0.0,0.0,0.0,1.8,1.8,1.8,0.0,1.8,1.8,0.0,7.0,1.8,17.5,-12.3,32.8,0,0,31.5,1,853,1,853,738,761,946,500,484,376,608,879,928,879,793,1378,1442,1057,1048,503,309,530,339,1063,898,1173,1071,163,13,1081,1,27:24,2019,2020
2019-20,1626149,Montrezl Harrell,Montrezl,1610612746,LAC,LA Clippers,41900235,2020-09-11T00:00:00,LAC vs. DEN,L,15.533333333333331,9.3,21.6,0.429,0.0,0.0,0.0,0.0,3.1,0.0,6.2,3.1,9.3,0.0,3.1,0.0,3.1,6.2,9.3,9.3,18.5,-27.8,35.8,0,0,34.0,1,853,1,853,1202,484,346,835,987,1338,987,879,765,879,123,1224,649,1185,552,756,150,29,191,151,826,1412,965,163,13,980,1,15:32,2019,2020
2019-20,1629611,Terance Mann,Terance,1610612746,LAC,LA Clippers,41900235,2020-09-11T00:00:00,LAC vs. DEN,L,0.43,0.0,0.0,0.0,0.0,0.0,0.0,0.0,0.0,0.0,0.0,0.0,0.0,0.0,0.0,0.0,0.0,0.0,0.0,0.0,0.0,0.0,0.0,0,0,0.0,1,853,1,853,1676,1425,1574,1425,987,1338,987,879,928,879,793,1427,1480,1185,1048,756,511,530,1389,1171,1473,795,1602,163,13,1605,1,0:26,2019,2020
2019-20,202694,Marcus Morris Sr.,Marcus,1610612746,LAC,LA Clippers,41900235,2020-09-11T00:00:00,LAC vs. DEN,L,36.75,5.2,13.1,0.4,3.9,7.8,0.5,1.3,1.3,1.0,2.6,6.5,9.1,2.6,0.0,0.0,0.0,0.0,3.9,1.3,15.7,-3.9,30.6,0,0,31.3,1,853,1,853,294,1015,1052,913,401,668,245,852,914,1,435,755,660,920,1048,756,511,530,854,1146,983,955,1144,163,13,1091,1,36:45,2019,2020
2019-20,101150,Lou Williams,Lou,1610612746,LAC,LA Clippers,41900235,2020-09-11T00:00:00,LAC vs. DEN,L,19.055,5.0,25.2,0.2,0.0,12.6,0.0,0.0,0.0,0.0,0.0,2.5,2.5,12.6,5.0,0.0,2.5,0.0,0.0,0.0,10.1,12.6,34.5,0,0,30.2,1,853,1,853,1079,1042,197,1339,987,217,987,879,928,879,793,1293,1381,75,274,756,205,530,1389,1171,1251,493,1016,163,13,1140,1,19:03,2019,2020
2019-20,202695,Kawhi Leonard,Kawhi,1610612746,LAC,LA Clippers,41900235,2020-09-11T00:00:00,LAC vs. DEN,L,39.48333333333333,14.6,29.2,0.5,6.1,14.6,0.417,8.5,8.5,1.0,2.4,8.5,10.9,4.9,3.6,3.6,0.0,1.2,2.4,9.7,43.8,-14.6,71.5,0,0,72.9,1,853,1,853,156,112,83,500,155,126,502,192,282,1,466,529,497,575,446,187,511,470,1164,136,66,1226,121,163,13,84,1,39:29,2019,2020
2019-20,202331,Paul George,Paul,1610612746,LAC,LA Clippers,41900235,2020-09-11T00:00:00,LAC vs. DEN,L,42.25,9.1,20.4,0.444,4.5,11.4,0.4,6.8,6.8,1.0,1.1,5.7,6.8,6.8,0.0,1.1,2.3,0.0,5.7,6.8,29.5,-3.4,58.2,0,0,54.5,1,853,1,853,73,509,415,791,316,295,504,290,386,1,769,850,923,367,1048,735,240,530,516,327,322,936,283,163,13,315,1,42:15,2019,2020
2019-20,203210,JaMychal Green,JaMychal,1610612746,LAC,LA Clippers,41900235,2020-09-11T00:00:00,LAC vs. DEN,L,13.533333333333331,3.5,3.5,1.0,3.5,3.5,1.0,0.0,0.0,0.0,0.0,14.2,14.2,3.5,0.0,0.0,0.0,0.0,7.1,0.0,10.6,-7.1,33.0,0,0,31.9,1,853,1,853,1264,1232,1560,1,478,1175,1,879,928,879,793,135,263,785,1048,756,511,530,330,1171,1223,1034,1060,163,13,1066,1,13:32,2019,2020
2019-20,202704,Reggie Jackson,Reggie,1610612746,LAC,LA Clippers,41900234,2020-09-09T00:00:00,LAC @ DEN,W,0.6766666666666666,0.0,0.0,0.0,0.0,0.0,0.0,0.0,0.0,0.0,0.0,0.0,0.0,0.0,0.0,0.0,0.0,0.0,0.0,0.0,0.0,-141.9,0.0,0,0,0.0,1,1,843,1,1666,1425,1574,1425,987,1338,987,879,928,879,793,1427,1480,1185,1048,756,511,530,1389,1171,1473,1682,1602,163,13,1605,1,0:41,2019,2020
2019-20,1629013,Landry Shamet,Landry,1610612746,LAC,LA Clippers,41900234,2020-09-09T00:00:00,LAC @ DEN,W,24.53333333333333,2.0,13.7,0.143,2.0,11.7,0.167,2.0,3.9,0.5,0.0,11.7,11.7,3.9,0.0,0.0,2.0,0.0,3.9,2.0,7.8,23.5,33.7,0,0,29.3,1,1,843,1,863,1381,989,1407,788,272,931,784,671,708,793,258,428,724,1048,756,275,530,855,1022,1330,284,1042,163,13,1173,1,24:32,2019,2020
2019-20,203210,JaMychal Green,JaMychal,1610612746,LAC,LA Clippers,41900234,2020-09-09T00:00:00,LAC @ DEN,W,18.28333333333333,0.0,2.6,0.0,0.0,2.6,0.0,2.6,5.3,0.5,0.0,2.6,2.6,0.0,0.0,0.0,0.0,0.0,2.6,2.6,2.6,5.3,5.8,0,0,5.3,1,1,843,1,1107,1425,1569,1425,987,1249,987,710,519,708,793,1284,1372,1185,1048,756,511,530,1120,911,1466,674,1586,163,13,1599,1,18:17,2019,2020
2019-20,201976,Patrick Beverley,Patrick,1610612746,LAC,LA Clippers,41900234,2020-09-09T00:00:00,LAC @ DEN,W,22.766666666666666,2.1,6.3,0.333,0.0,2.1,0.0,0.0,0.0,0.0,2.1,12.7,14.8,2.1,2.1,2.1,0.0,0.0,8.4,4.2,4.2,14.8,29.3,0,0,25.3,1,1,843,1,935,1375,1476,1053,987,1292,987,879,928,879,527,215,245,998,788,426,511,530,238,634,1445,433,1192,163,13,1313,1,22:46,2019,2020
2019-20,101150,Lou Williams,Lou,1610612746,LAC,LA Clippers,41900234,2020-09-09T00:00:00,LAC @ DEN,W,29.55,4.9,17.9,0.273,0.0,4.9,0.0,9.7,14.6,0.667,0.0,1.6,1.6,4.9,0.0,1.6,0.0,1.6,3.2,9.7,19.5,8.1,33.6,0,0,29.2,1,1,843,1,642,1062,615,1240,987,1040,987,136,87,623,793,1392,1454,573,1048,542,511,330,998,134,778,604,1043,163,13,1176,1,29:33,2019,2020
2019-20,202695,Kawhi Leonard,Kawhi,1610612746,LAC,LA Clippers,41900234,2020-09-09T00:00:00,LAC @ DEN,W,38.873333333333335,12.3,27.2,0.455,2.5,4.9,0.5,9.9,9.9,1.0,3.7,9.9,13.6,11.1,1.2,4.9,2.5,2.5,3.7,11.1,37.0,8.6,91.0,1,0,79.0,1,1,843,1,187,209,133,761,677,1029,245,133,219,1,289,396,303,125,1018,94,213,205,903,82,159,587,27,1,13,55,1,38:52,2019,2020
2019-20,202331,Paul George,Paul,1610612746,LAC,LA Clippers,41900234,2020-09-09T00:00:00,LAC @ DEN,W,26.92333333333333,7.1,17.8,0.4,3.6,10.7,0.333,0.0,0.0,0.0,0.0,5.3,5.3,5.3,7.1,1.8,0.0,0.0,8.9,0.0,17.8,10.7,30.5,0,0,35.7,1,1,843,1,755,745,618,913,474,362,608,879,928,879,793,914,1100,512,103,496,511,530,207,1171,878,542,1148,163,13,922,1,26:55,2019,2020
2019-20,1626149,Montrezl Harrell,Montrezl,1610612746,LAC,LA Clippers,41900234,2020-09-09T00:00:00,LAC @ DEN,W,18.25,15.8,26.3,0.6,0.0,5.3,0.0,7.9,13.2,0.6,2.6,2.6,5.3,0.0,2.6,0.0,0.0,2.6,7.9,7.9,39.5,-2.6,43.1,0,0,44.7,1,1,843,1,1108,81,167,313,987,986,987,221,116,682,433,1283,1114,1185,657,756,511,178,272,235,125,912,694,163,13,583,1,18:15,2019,2020
2019-20,202694,Marcus Morris Sr.,Marcus,1610612746,LAC,LA Clippers,41900234,2020-09-09T00:00:00,LAC @ DEN,W,29.716666666666665,6.5,9.7,0.667,4.8,8.1,0.6,0.0,0.0,0.0,0.0,1.6,1.6,1.6,1.6,0.0,0.0,0.0,3.2,1.6,17.8,14.5,20.5,0,0,25.8,1,1,843,1,633,847,1291,171,275,641,184,879,928,879,793,1393,1455,1090,891,756,511,530,1002,1084,884,438,1414,163,13,1294,1,29:43,2019,2020
2019-20,1627826,Ivica Zubac,Ivica,1610612746,LAC,LA Clippers,41900234,2020-09-09T00:00:00,LAC @ DEN,W,29.75,6.5,14.5,0.444,0.0,0.0,0.0,4.8,6.5,0.75,6.5,8.1,14.5,0.0,1.6,0.0,3.2,1.6,6.5,3.2,17.7,19.4,43.2,0,0,38.7,1,1,843,1,632,848,904,791,987,1338,987,432,418,519,113,567,255,1185,894,756,144,335,420,804,886,338,685,163,13,807,1,29:45,2019,2020
2019-20,1629611,Terance Mann,Terance,1610612746,LAC,LA Clippers,41900234,2020-09-09T00:00:00,LAC @ DEN,W,0.6766666666666666,0.0,0.0,0.0,0.0,0.0,0.0,0.0,0.0,0.0,0.0,0.0,0.0,0.0,0.0,0.0,0.0,0.0,0.0,0.0,0.0,-141.9,0.0,0,0,0.0,1,1,843,1,1666,1425,1574,1425,987,1338,987,879,928,879,793,1427,1480,1185,1048,756,511,530,1389,1171,1473,1682,1602,163,13,1605,1,0:41,2019,2020
2019-20,202695,Kawhi Leonard,Kawhi,1610612746,LAC,LA Clippers,41900233,2020-09-07T00:00:00,LAC @ DEN,W,42.25,10.2,21.6,0.474,1.1,6.8,0.167,4.5,6.8,0.667,0.0,15.9,15.9,6.8,4.5,0.0,2.3,0.0,2.3,4.5,26.1,11.4,57.7,1,0,54.5,1,1,843,1,73,376,352,720,972,803,931,471,386,623,793,91,202,367,329,756,240,530,1193,588,454,524,298,1,13,315,1,42:15,2019,2020
2019-20,203210,JaMychal Green,JaMychal,1610612746,LAC,LA Clippers,41900233,2020-09-07T00:00:00,LAC @ DEN,W,14.621666666666666,9.8,13.1,0.75,3.3,6.6,0.5,0.0,0.0,0.0,0.0,9.8,9.8,6.6,3.3,0.0,3.3,0.0,6.6,3.3,23.0,-23.0,51.2,0,0,49.2,1,1,843,1,1229,414,1043,104,520,830,245,879,928,879,793,399,595,387,518,756,141,530,403,791,602,1358,436,163,13,430,1,14:37,2019,2020
2019-20,1629611,Terance Mann,Terance,1610612746,LAC,LA Clippers,41900233,2020-09-07T00:00:00,LAC @ DEN,W,0.3633333333333333,0.0,264.2,0.0,0.0,264.2,0.0,0.0,0.0,0.0,0.0,0.0,0.0,0.0,0.0,0.0,0.0,0.0,0.0,0.0,0.0,-264.2,0.0,0,0,0.0,1,1,843,1,1679,1425,1,1425,987,1,987,879,928,879,793,1427,1480,1185,1048,756,511,530,1389,1171,1473,1689,1602,163,13,1605,1,0:22,2019,2020
2019-20,202704,Reggie Jackson,Reggie,1610612746,LAC,LA Clippers,41900233,2020-09-07T00:00:00,LAC @ DEN,W,4.983333333333333,0.0,0.0,0.0,0.0,0.0,0.0,0.0,0.0,0.0,0.0,0.0,0.0,0.0,0.0,0.0,0.0,0.0,0.0,0.0,0.0,-48.2,0.0,0,0,0.0,1,1,843,1,1544,1425,1574,1425,987,1338,987,879,928,879,793,1427,1480,1185,1048,756,511,530,1389,1171,1473,1588,1602,163,13,1605,1,4:59,2019,2020
2019-20,201976,Patrick Beverley,Patrick,1610612746,LAC,LA Clippers,41900233,2020-09-07T00:00:00,LAC @ DEN,W,20.60833333333333,7.0,14.0,0.5,2.3,9.3,0.25,0.0,0.0,0.0,2.3,7.0,9.3,7.0,2.3,2.3,2.3,0.0,4.7,2.3,16.3,-30.3,49.6,0,0,44.3,1,1,843,1,1030,763,952,500,709,497,785,879,928,879,483,705,644,353,734,378,231,530,721,959,954,1444,474,163,13,601,1,20:37,2019,2020
2019-20,202331,Paul George,Paul,1610612746,LAC,LA Clippers,41900233,2020-09-07T00:00:00,LAC @ DEN,W,40.46666666666667,14.2,21.4,0.667,5.9,8.3,0.714,3.6,3.6,1.0,0.0,4.7,4.7,4.7,3.6,2.4,0.0,0.0,3.6,7.1,38.0,7.1,54.3,0,0,58.1,1,1,843,1,121,121,369,171,166,616,119,598,715,1,793,990,1173,595,462,370,511,530,929,306,142,634,376,163,13,250,1,40:28,2019,2020
2019-20,1626149,Montrezl Harrell,Montrezl,1610612746,LAC,LA Clippers,41900233,2020-09-07T00:00:00,LAC @ DEN,W,21.551666666666662,4.5,6.7,0.667,0.0,0.0,0.0,15.6,22.3,0.7,2.2,4.5,6.7,0.0,2.2,4.5,0.0,0.0,6.7,13.4,24.5,-11.1,43.7,0,0,40.1,1,1,843,1,993,1113,1456,171,987,1338,987,32,19,616,504,1028,944,1185,759,120,511,530,383,37,528,1142,671,163,13,753,1,21:33,2019,2020
2019-20,101150,Lou Williams,Lou,1610612746,LAC,LA Clippers,41900233,2020-09-07T00:00:00,LAC @ DEN,W,27.685,6.9,19.1,0.364,3.5,8.7,0.4,0.0,0.0,0.0,1.7,6.9,8.7,5.2,3.5,3.5,0.0,0.0,1.7,3.5,17.3,34.7,42.5,0,0,41.6,1,1,843,1,723,772,518,1025,492,575,504,879,928,879,584,713,722,532,479,205,511,530,1264,761,904,151,719,163,13,689,1,27:41,2019,2020
2019-20,1629013,Landry Shamet,Landry,1610612746,LAC,LA Clippers,41900233,2020-09-07T00:00:00,LAC @ DEN,W,11.158333333333331,4.3,12.9,0.333,4.3,12.9,0.333,0.0,0.0,0.0,0.0,4.3,4.3,8.6,4.3,0.0,0.0,0.0,0.0,0.0,12.9,-8.6,26.7,0,0,30.1,1,1,843,1,1345,1125,1069,1053,346,204,608,879,928,879,793,1054,1223,228,350,756,511,530,1389,1171,1132,1074,1274,163,13,1148,1,11:10,2019,2020
2019-20,1627826,Ivica Zubac,Ivica,1610612746,LAC,LA Clippers,41900233,2020-09-07T00:00:00,LAC @ DEN,W,21.495,2.2,2.2,1.0,0.0,0.0,0.0,13.4,15.6,0.857,0.0,6.7,6.7,0.0,6.7,0.0,0.0,0.0,13.4,13.4,17.9,22.3,19.2,0,0,24.6,1,1,843,1,996,1359,1572,1,987,1338,987,56,71,447,793,736,942,1185,124,756,511,530,75,34,876,299,1449,163,13,1325,1,21:30,2019,2020
2019-20,202694,Marcus Morris Sr.,Marcus,1610612746,LAC,LA Clippers,41900233,2020-09-07T00:00:00,LAC @ DEN,W,34.81666666666667,8.3,11.0,0.75,0.0,2.8,0.0,0.0,0.0,0.0,0.0,5.5,5.5,4.1,1.4,0.0,0.0,0.0,1.4,0.0,16.5,24.8,28.0,0,0,26.2,1,1,843,1,393,607,1205,104,987,1232,987,879,928,879,793,886,1082,683,963,756,511,530,1323,1171,943,267,1236,163,13,1285,1,34:49,2019,2020
2019-20,201976,Patrick Beverley,Patrick,1610612746,LAC,LA Clippers,41900232,2020-09-05T00:00:00,LAC vs. DEN,L,15.15,3.2,6.3,0.5,0.0,3.2,0.0,0.0,0.0,0.0,6.3,3.2,9.5,3.2,3.2,0.0,0.0,0.0,15.8,6.3,6.3,-15.8,19.3,0,0,19.0,1,853,1,853,1213,1268,1475,500,987,1204,987,879,928,879,118,1212,624,843,540,756,511,530,47,380,1380,1248,1442,163,13,1442,1,15:09,2019,2020
2019-20,1629013,Landry Shamet,Landry,1610612746,LAC,LA Clippers,41900232,2020-09-05T00:00:00,LAC vs. DEN,L,10.021666666666668,4.8,9.6,0.5,0.0,4.8,0.0,0.0,0.0,0.0,0.0,0.0,0.0,0.0,9.6,0.0,0.0,0.0,0.0,0.0,9.6,-14.4,0.0,0,0,9.6,1,853,1,853,1380,1070,1298,500,987,1046,987,879,928,879,793,1427,1480,1185,34,756,511,530,1389,1171,1268,1219,1602,163,13,1569,1,10:01,2019,2020
2019-20,202704,Reggie Jackson,Reggie,1610612746,LAC,LA Clippers,41900232,2020-09-05T00:00:00,LAC vs. DEN,L,9.228333333333332,5.2,15.6,0.333,5.2,15.6,0.333,0.0,0.0,0.0,0.0,5.2,5.2,5.2,5.2,5.2,0.0,0.0,5.2,0.0,15.6,-36.4,40.1,0,0,41.6,1,853,1,853,1405,1020,808,1053,229,91,608,879,928,879,793,930,1118,533,251,79,511,530,610,1171,986,1504,803,163,13,690,1,9:14,2019,2020
2019-20,202695,Kawhi Leonard,Kawhi,1610612746,LAC,LA Clippers,41900232,2020-09-05T00:00:00,LAC vs. DEN,L,38.81666666666667,4.9,21.0,0.235,0.0,3.7,0.0,6.2,8.7,0.714,4.9,7.4,12.4,9.9,4.9,3.7,1.2,3.7,2.5,7.4,16.1,-19.8,55.6,1,0,48.2,1,853,1,853,193,1054,385,1323,987,1157,987,331,271,607,191,661,387,168,280,181,458,78,1154,276,965,1312,344,1,13,460,1,38:49,2019,2020
2019-20,202694,Marcus Morris Sr.,Marcus,1610612746,LAC,LA Clippers,41900232,2020-09-05T00:00:00,LAC vs. DEN,L,31.2,4.6,13.8,0.333,3.1,7.7,0.4,4.6,6.2,0.75,1.5,3.1,4.6,0.0,3.1,0.0,0.0,0.0,1.5,3.1,16.9,-15.4,19.4,0,0,24.6,1,853,1,853,568,1088,963,1053,550,689,504,460,435,519,627,1225,1184,1185,554,756,511,530,1296,819,923,1235,1439,163,13,1324,1,31:12,2019,2020
2019-20,1627826,Ivica Zubac,Ivica,1610612746,LAC,LA Clippers,41900232,2020-09-05T00:00:00,LAC vs. DEN,L,20.24333333333333,14.2,19.0,0.75,0.0,0.0,0.0,7.1,9.5,0.75,9.5,11.9,21.3,0.0,2.4,0.0,0.0,0.0,7.1,4.7,35.6,-33.2,58.8,0,0,56.9,1,853,1,853,1043,122,526,104,987,1338,987,270,230,519,46,255,81,1185,726,756,511,530,328,560,180,1471,271,163,13,274,1,20:15,2019,2020
2019-20,203210,JaMychal Green,JaMychal,1610612746,LAC,LA Clippers,41900232,2020-09-05T00:00:00,LAC vs. DEN,L,26.12333333333333,7.3,11.0,0.667,3.7,5.5,0.667,0.0,0.0,0.0,5.5,14.7,20.2,0.0,1.8,0.0,0.0,1.8,5.5,0.0,18.4,14.7,40.8,1,0,42.3,1,853,1,853,788,711,1206,171,450,954,123,879,928,879,153,120,102,1185,843,756,511,292,549,1171,840,436,781,1,13,667,1,26:07,2019,2020
2019-20,1626149,Montrezl Harrell,Montrezl,1610612746,LAC,LA Clippers,41900232,2020-09-05T00:00:00,LAC vs. DEN,L,17.866666666666667,8.1,16.1,0.5,0.0,0.0,0.0,10.7,21.5,0.5,2.7,5.4,8.1,0.0,0.0,5.4,0.0,2.7,0.0,13.4,26.9,-5.4,52.7,0,0,45.7,1,853,1,853,1120,628,752,500,987,1338,987,105,27,708,419,907,772,1185,1048,72,511,166,1389,33,420,990,407,163,13,541,1,17:52,2019,2020
2019-20,202331,Paul George,Paul,1610612746,LAC,LA Clippers,41900232,2020-09-05T00:00:00,LAC vs. DEN,L,41.93333333333333,8.0,21.7,0.368,4.6,11.4,0.4,4.6,5.7,0.8,3.4,5.7,9.2,3.4,4.6,2.3,2.3,3.4,2.3,4.6,25.2,-5.7,50.5,0,0,51.5,1,853,1,853,84,631,338,1022,310,292,504,468,462,492,324,845,656,803,321,389,238,102,1190,586,499,1001,446,163,13,379,1,41:56,2019,2020
2019-20,1629611,Terance Mann,Terance,1610612746,LAC,LA Clippers,41900232,2020-09-05T00:00:00,LAC vs. DEN,L,0.0533333333333333,0.0,0.0,0.0,0.0,0.0,0.0,0.0,0.0,0.0,0.0,0.0,0.0,0.0,0.0,0.0,0.0,0.0,0.0,0.0,0.0,0.0,0.0,0,0,0.0,1,853,1,853,1689,1425,1574,1425,987,1338,987,879,928,879,793,1427,1480,1185,1048,756,511,530,1389,1171,1473,795,1602,163,13,1605,1,0:03,2019,2020
2019-20,101150,Lou Williams,Lou,1610612746,LAC,LA Clippers,41900232,2020-09-05T00:00:00,LAC vs. DEN,L,29.363333333333333,9.8,26.2,0.375,0.0,9.8,0.0,1.6,1.6,1.0,1.6,4.9,6.5,11.4,1.6,1.6,1.6,0.0,0.0,3.3,21.3,14.7,54.4,0,0,45.8,1,853,1,853,651,426,172,993,987,444,987,813,895,1,604,971,957,112,887,539,325,530,1389,794,696,435,373,163,13,537,1,29:22,2019,2020
2019-20,202704,Reggie Jackson,Reggie,1610612746,LAC,LA Clippers,41900231,2020-09-03T00:00:00,LAC vs. DEN,W,12.916666666666666,0.0,0.0,0.0,0.0,0.0,0.0,0.0,0.0,0.0,0.0,0.0,0.0,0.0,0.0,0.0,0.0,0.0,7.4,0.0,0.0,11.1,0.0,0,0,0.0,1,1,843,1,1289,1425,1574,1425,987,1338,987,879,928,879,793,1427,1480,1185,1048,756,511,530,305,1171,1473,529,1602,163,13,1605,1,12:55,2019,2020
2019-20,1627826,Ivica Zubac,Ivica,1610612746,LAC,LA Clippers,41900231,2020-09-03T00:00:00,LAC vs. DEN,W,24.426666666666662,3.9,5.9,0.667,0.0,0.0,0.0,0.0,0.0,0.0,5.9,7.9,13.8,3.9,3.9,0.0,2.0,0.0,3.9,2.0,7.9,35.4,32.2,0,0,29.5,1,1,843,1,868,1185,1491,171,987,1338,987,879,928,879,133,597,290,722,399,756,274,530,853,1021,1329,144,1089,163,13,1168,1,24:26,2019,2020
2019-20,1626149,Montrezl Harrell,Montrezl,1610612746,LAC,LA Clippers,41900231,2020-09-03T00:00:00,LAC vs. DEN,W,19.17333333333333,12.5,27.5,0.455,0.0,0.0,0.0,12.5,15.0,0.833,5.0,2.5,7.5,5.0,0.0,2.5,2.5,2.5,10.0,10.0,37.6,17.5,69.1,0,0,60.1,1,1,843,1,1073,205,125,761,987,1338,987,72,82,464,186,1296,840,557,1048,346,208,199,152,122,148,375,145,163,13,212,1,19:10,2019,2020
2019-20,202335,Patrick Patterson,Patrick,1610612746,LAC,LA Clippers,41900231,2020-09-03T00:00:00,LAC vs. DEN,W,4.4,0.0,0.0,0.0,0.0,0.0,0.0,0.0,0.0,0.0,0.0,0.0,0.0,21.8,0.0,0.0,0.0,0.0,0.0,0.0,0.0,-21.8,32.7,0,0,21.8,1,1,843,1,1557,1425,1574,1425,987,1338,987,879,928,879,793,1427,1480,11,1048,756,511,530,1389,1171,1473,1335,1072,163,13,1388,1,4:24,2019,2020
2019-20,202694,Marcus Morris Sr.,Marcus,1610612746,LAC,LA Clippers,41900231,2020-09-03T00:00:00,LAC vs. DEN,W,26.866666666666667,12.5,17.9,0.7,7.1,8.9,0.8,0.0,0.0,0.0,0.0,8.9,8.9,3.6,0.0,3.6,0.0,0.0,5.4,3.6,32.2,42.9,59.0,0,0,59.0,1,1,843,1,756,206,616,158,92,551,93,879,928,879,793,481,688,782,1048,198,511,530,584,745,262,101,266,163,13,234,1,26:52,2019,2020
2019-20,203585,Rodney McGruder,Rodney,1610612746,LAC,LA Clippers,41900231,2020-09-03T00:00:00,LAC vs. DEN,W,4.4,10.9,21.8,0.5,0.0,0.0,0.0,0.0,0.0,0.0,10.9,0.0,10.9,0.0,0.0,0.0,0.0,0.0,0.0,0.0,21.8,-21.8,34.9,0,0,32.7,1,1,843,1,1557,324,334,500,987,1338,987,879,928,879,32,1427,501,1185,1048,756,511,530,1389,1171,665,1335,1004,163,13,1034,1,4:24,2019,2020
2019-20,1629013,Landry Shamet,Landry,1610612746,LAC,LA Clippers,41900231,2020-09-03T00:00:00,LAC vs. DEN,W,21.166666666666668,4.5,13.6,0.333,0.0,4.5,0.0,0.0,0.0,0.0,0.0,4.5,4.5,2.3,2.3,0.0,0.0,2.3,4.5,4.5,9.1,6.8,15.6,0,0,15.9,1,1,843,1,1009,1098,999,1053,987,1071,987,879,928,879,793,1013,1194,975,748,756,511,226,744,592,1290,640,1504,163,13,1496,1,21:10,2019,2020
2019-20,101150,Lou Williams,Lou,1610612746,LAC,LA Clippers,41900231,2020-09-03T00:00:00,LAC vs. DEN,W,23.85,10.1,18.1,0.556,0.0,4.0,0.0,0.0,0.0,0.0,0.0,8.1,8.1,8.1,4.0,0.0,0.0,0.0,6.0,0.0,20.1,32.2,37.8,0,0,36.2,1,1,843,1,892,388,592,416,987,1124,987,879,928,879,793,571,774,272,384,756,511,530,469,1171,751,182,886,163,13,898,1,23:51,2019,2020
2019-20,202331,Paul George,Paul,1610612746,LAC,LA Clippers,41900231,2020-09-03T00:00:00,LAC vs. DEN,W,33.083333333333336,8.7,18.9,0.462,2.9,10.2,0.286,7.3,10.2,0.714,0.0,10.2,10.2,5.8,7.3,2.9,0.0,0.0,2.9,10.2,27.6,33.4,49.9,0,0,52.2,1,1,843,1,479,562,536,742,582,408,758,259,208,607,793,371,565,462,96,266,511,530,1060,112,379,168,465,163,13,369,1,33:05,2019,2020
2019-20,203210,JaMychal Green,JaMychal,1610612746,LAC,LA Clippers,41900231,2020-09-03T00:00:00,LAC vs. DEN,W,21.133333333333333,6.8,13.6,0.5,2.3,6.8,0.333,0.0,0.0,0.0,6.8,9.1,15.9,2.3,2.3,0.0,0.0,2.3,6.8,0.0,15.9,-2.3,36.1,0,0,36.3,1,1,843,1,1012,789,996,500,727,807,608,879,928,879,101,462,203,974,747,756,511,225,365,1171,972,895,952,163,13,892,1,21:08,2019,2020
2019-20,201976,Patrick Beverley,Patrick,1610612746,LAC,LA Clippers,41900231,2020-09-03T00:00:00,LAC vs. DEN,W,12.216666666666669,11.8,19.6,0.6,7.9,11.8,0.667,0.0,0.0,0.0,0.0,23.6,23.6,7.9,3.9,0.0,0.0,3.9,7.9,0.0,31.4,31.4,67.6,0,0,70.7,1,1,843,1,1316,255,475,313,71,268,123,879,928,879,793,21,51,284,400,756,511,62,273,1171,278,191,153,163,13,98,1,12:13,2019,2020
2019-20,1629611,Terance Mann,Terance,1610612746,LAC,LA Clippers,41900231,2020-09-03T00:00:00,LAC vs. DEN,W,4.4,21.8,32.7,0.667,0.0,0.0,0.0,0.0,0.0,0.0,0.0,10.9,10.9,0.0,0.0,0.0,0.0,10.9,0.0,0.0,43.6,-21.8,56.7,0,0,54.5,1,1,843,1,1557,14,43,171,987,1338,987,879,928,879,793,302,501,1185,1048,756,511,8,1389,1171,69,1335,322,163,13,314,1,4:24,2019,2020
2019-20,202695,Kawhi Leonard,Kawhi,1610612746,LAC,LA Clippers,41900231,2020-09-03T00:00:00,LAC vs. DEN,W,31.966666666666665,18.0,24.0,0.75,1.5,3.0,0.5,6.0,6.0,1.0,0.0,3.0,3.0,4.5,3.0,3.0,1.5,0.0,1.5,7.5,43.5,30.0,64.4,0,0,61.6,1,1,843,1,525,44,233,104,886,1212,245,340,442,1,793,1239,1346,629,577,254,363,530,1304,269,72,206,185,163,13,186,1,31:58,2019,2020
2019-20,202695,Kawhi Leonard,Kawhi,1610612746,LAC,LA Clippers,41900156,2020-08-30T00:00:00,LAC @ DAL,W,40.38333333333333,16.6,27.3,0.609,1.2,4.8,0.25,4.8,4.8,1.0,4.8,11.9,16.6,8.3,3.6,5.9,0.0,1.2,4.8,7.1,39.2,17.8,85.9,1,0,77.3,1,1,843,1,124,69,128,311,961,1050,785,444,591,1,204,253,179,256,459,51,511,483,700,304,127,366,43,1,13,64,1,40:23,2019,2020
2019-20,202694,Marcus Morris Sr.,Marcus,1610612746,LAC,LA Clippers,41900156,2020-08-30T00:00:00,LAC @ DAL,W,10.883333333333333,17.6,22.1,0.8,4.4,4.4,1.0,0.0,0.0,0.0,0.0,4.4,4.4,0.0,0.0,4.4,0.0,0.0,8.8,0.0,39.7,0.0,58.2,0,0,57.3,1,1,843,1,1352,50,319,88,330,1086,1,879,928,879,793,1038,1210,1185,1048,123,511,530,210,1171,122,795,282,163,13,266,1,10:53,2019,2020
2019-20,101150,Lou Williams,Lou,1610612746,LAC,LA Clippers,41900156,2020-08-30T00:00:00,LAC @ DAL,W,16.95,2.8,25.5,0.111,0.0,11.3,0.0,8.5,8.5,1.0,0.0,5.7,5.7,5.7,2.8,0.0,0.0,0.0,2.8,5.7,14.2,-42.5,26.6,0,0,25.5,1,1,843,1,1161,1296,187,1420,987,297,987,194,284,1,793,853,1053,471,609,756,511,530,1071,445,1057,1547,1275,163,13,1308,1,16:57,2019,2020
2019-20,202704,Reggie Jackson,Reggie,1610612746,LAC,LA Clippers,41900156,2020-08-30T00:00:00,LAC @ DAL,W,27.266666666666666,8.8,15.8,0.556,7.0,12.3,0.571,0.0,0.0,0.0,0.0,8.8,8.8,1.8,3.5,0.0,1.8,0.0,3.5,0.0,24.6,-8.8,39.6,0,0,45.8,1,1,843,1,745,549,779,416,97,233,210,879,928,879,793,497,702,1053,471,756,306,530,938,1171,519,1082,818,163,13,538,1,27:16,2019,2020
2019-20,1629599,Amir Coffey,Amir,1610612746,LAC,LA Clippers,41900156,2020-08-30T00:00:00,LAC @ DAL,W,1.3666666666666667,0.0,70.2,0.0,0.0,0.0,0.0,0.0,0.0,0.0,0.0,0.0,0.0,0.0,0.0,0.0,0.0,0.0,0.0,0.0,0.0,0.0,0.0,0,0,0.0,1,1,843,1,1651,1425,2,1425,987,1338,987,879,928,879,793,1427,1480,1185,1048,756,511,530,1389,1171,1473,795,1602,163,13,1605,1,1:22,2019,2020
2019-20,202331,Paul George,Paul,1610612746,LAC,LA Clippers,41900156,2020-08-30T00:00:00,LAC @ DAL,W,39.86666666666667,7.2,22.9,0.316,2.4,8.4,0.286,1.2,2.4,0.5,2.4,8.4,10.8,8.4,6.0,0.0,0.0,1.2,4.8,2.4,18.1,26.5,37.7,0,0,39.7,1,1,843,1,142,732,282,1167,690,601,758,868,851,708,470,543,507,248,171,756,511,478,691,951,863,243,892,163,13,765,1,39:52,2019,2020
2019-20,1627826,Ivica Zubac,Ivica,1610612746,LAC,LA Clippers,41900156,2020-08-30T00:00:00,LAC @ DAL,W,33.233333333333334,8.7,11.6,0.75,0.0,0.0,0.0,4.3,4.3,1.0,0.0,15.9,15.9,0.0,1.4,0.0,0.0,0.0,4.3,2.9,21.7,47.7,39.3,1,0,37.6,1,1,843,1,472,567,1166,104,987,1338,987,492,630,1,793,92,204,1185,944,756,511,530,776,849,673,77,829,1,13,859,1,33:14,2019,2020
2019-20,203210,JaMychal Green,JaMychal,1610612746,LAC,LA Clippers,41900156,2020-08-30T00:00:00,LAC @ DAL,W,14.566666666666666,9.9,16.5,0.6,0.0,0.0,0.0,3.3,3.3,1.0,6.6,9.9,16.5,3.3,0.0,0.0,0.0,0.0,3.3,6.6,23.1,65.9,47.8,0,0,42.8,1,1,843,1,1231,410,722,313,987,1338,987,624,744,1,110,395,184,826,1048,756,511,530,990,355,600,34,525,163,13,648,1,14:34,2019,2020
2019-20,1626149,Montrezl Harrell,Montrezl,1610612746,LAC,LA Clippers,41900156,2020-08-30T00:00:00,LAC @ DAL,W,14.766666666666667,6.5,13.0,0.5,0.0,0.0,0.0,0.0,0.0,0.0,0.0,6.5,6.5,0.0,0.0,0.0,0.0,3.3,9.8,0.0,13.0,-61.8,20.8,0,0,19.5,1,1,843,1,1223,841,1062,500,987,1338,987,879,928,879,793,761,964,1185,1048,756,511,118,164,1171,1125,1630,1408,163,13,1434,1,14:46,2019,2020
2019-20,1629611,Terance Mann,Terance,1610612746,LAC,LA Clippers,41900156,2020-08-30T00:00:00,LAC @ DAL,W,1.6,0.0,0.0,0.0,0.0,0.0,0.0,0.0,0.0,0.0,0.0,30.0,30.0,0.0,0.0,0.0,0.0,0.0,0.0,0.0,0.0,-30.0,36.0,0,0,30.0,1,1,843,1,1641,1425,1574,1425,987,1338,987,879,928,879,793,8,19,1185,1048,756,511,530,1389,1171,1473,1440,959,163,13,1151,1,1:36,2019,2020
2019-20,203585,Rodney McGruder,Rodney,1610612746,LAC,LA Clippers,41900156,2020-08-30T00:00:00,LAC @ DAL,W,1.6,0.0,0.0,0.0,0.0,0.0,0.0,0.0,0.0,0.0,0.0,30.0,30.0,0.0,0.0,0.0,0.0,0.0,0.0,0.0,0.0,-30.0,36.0,0,0,30.0,1,1,843,1,1641,1425,1574,1425,987,1338,987,879,928,879,793,8,19,1185,1048,756,511,530,1389,1171,1473,1440,959,163,13,1151,1,1:36,2019,2020
2019-20,1629013,Landry Shamet,Landry,1610612746,LAC,LA Clippers,41900156,2020-08-30T00:00:00,LAC @ DAL,W,37.516666666666666,3.8,9.0,0.429,3.8,7.7,0.5,0.0,0.0,0.0,0.0,1.3,1.3,5.1,1.3,2.6,1.3,0.0,1.3,1.3,11.5,26.9,31.0,0,0,29.4,1,1,843,1,253,1193,1346,835,418,691,245,879,928,879,793,1419,1478,546,1000,334,441,530,1346,1150,1191,240,1130,163,13,1171,1,37:31,2019,2020
2019-20,202695,Kawhi Leonard,Kawhi,1610612746,LAC,LA Clippers,41900155,2020-08-25T00:00:00,LAC vs. DAL,W,29.83333333333333,19.3,30.6,0.632,3.2,6.4,0.5,9.7,17.7,0.545,3.2,8.0,11.3,6.4,3.2,1.6,1.6,1.6,3.2,9.7,51.5,38.6,81.1,0,0,78.8,1,1,843,1,627,27,57,271,532,852,245,137,40,707,348,572,465,398,532,547,334,337,1006,139,29,121,60,163,13,57,1,29:50,2019,2020
2019-20,202335,Patrick Patterson,Patrick,1610612746,LAC,LA Clippers,41900155,2020-08-25T00:00:00,LAC vs. DAL,W,5.316666666666666,27.1,27.1,1.0,27.1,27.1,1.0,0.0,0.0,0.0,0.0,9.0,9.0,18.1,0.0,0.0,0.0,0.0,9.0,0.0,81.3,108.3,119.2,0,0,135.4,1,1,843,1,1527,8,136,1,3,8,1,879,928,879,793,466,668,25,1048,756,511,530,202,1171,4,15,12,163,13,7,1,5:19,2019,2020
2019-20,1629013,Landry Shamet,Landry,1610612746,LAC,LA Clippers,41900155,2020-08-25T00:00:00,LAC vs. DAL,W,22.466666666666665,6.4,8.5,0.75,6.4,6.4,1.0,4.3,4.3,1.0,0.0,8.5,8.5,2.1,2.1,4.3,0.0,2.1,0.0,4.3,23.5,47.0,47.6,0,0,49.1,1,1,843,1,944,854,1362,104,136,856,1,500,636,1,793,526,734,994,783,133,511,246,1389,629,577,80,529,163,13,431,1,22:28,2019,2020
2019-20,202694,Marcus Morris Sr.,Marcus,1610612746,LAC,LA Clippers,41900155,2020-08-25T00:00:00,LAC vs. DAL,W,27.566666666666663,7.0,13.9,0.5,7.0,10.4,0.667,0.0,0.0,0.0,5.2,5.2,10.4,7.0,1.7,1.7,0.0,0.0,5.2,0.0,20.9,43.5,47.4,0,0,48.8,1,1,843,1,729,768,955,500,103,385,123,879,928,879,168,923,539,355,862,507,511,530,606,1171,720,100,537,163,13,448,1,27:34,2019,2020
2019-20,1627826,Ivica Zubac,Ivica,1610612746,LAC,LA Clippers,41900155,2020-08-25T00:00:00,LAC vs. DAL,W,23.61,4.1,4.1,1.0,0.0,0.0,0.0,10.2,12.2,0.833,0.0,14.2,14.2,4.1,2.0,2.0,4.1,0.0,6.1,6.1,18.3,20.3,57.7,0,0,48.8,1,1,843,1,899,1161,1545,1,987,1338,987,121,143,464,793,134,262,697,800,447,84,530,462,405,846,327,297,163,13,446,1,23:37,2019,2020
2019-20,203585,Rodney McGruder,Rodney,1610612746,LAC,LA Clippers,41900155,2020-08-25T00:00:00,LAC vs. DAL,W,7.216666666666667,13.3,20.0,0.667,13.3,20.0,0.667,0.0,0.0,0.0,0.0,6.7,6.7,6.7,0.0,0.0,0.0,0.0,0.0,0.0,39.9,53.2,57.9,0,0,66.5,1,1,843,1,1470,168,452,171,14,30,123,879,928,879,793,743,947,377,1048,756,511,530,1389,1171,115,63,290,163,13,142,1,7:13,2019,2020
2019-20,101150,Lou Williams,Lou,1610612746,LAC,LA Clippers,41900155,2020-08-25T00:00:00,LAC vs. DAL,W,21.6,8.9,15.6,0.571,0.0,2.2,0.0,0.0,2.2,0.0,0.0,6.7,6.7,4.4,6.7,0.0,0.0,4.4,4.4,2.2,17.8,17.8,25.8,0,0,28.9,1,1,843,1,987,539,811,371,987,1283,987,879,865,879,793,741,945,640,126,756,511,49,763,977,882,368,1295,163,13,1189,1,21:36,2019,2020
2019-20,202704,Reggie Jackson,Reggie,1610612746,LAC,LA Clippers,41900155,2020-08-25T00:00:00,LAC vs. DAL,W,21.95,8.7,15.3,0.571,6.6,8.7,0.75,0.0,0.0,0.0,0.0,6.6,6.6,10.9,2.2,0.0,0.0,2.2,0.0,0.0,24.1,45.9,46.1,0,0,48.1,1,1,843,1,965,555,834,371,131,569,102,879,928,879,793,750,954,134,769,756,511,241,1389,1171,551,90,582,163,13,462,1,21:57,2019,2020
2019-20,202331,Paul George,Paul,1610612746,LAC,LA Clippers,41900155,2020-08-25T00:00:00,LAC vs. DAL,W,24.916666666666668,23.1,34.7,0.667,7.7,15.4,0.5,13.5,13.5,1.0,1.9,3.9,5.8,3.9,3.9,0.0,0.0,0.0,7.7,7.7,67.4,44.3,76.3,0,0,84.8,1,1,843,1,844,13,27,171,78,94,245,54,104,1,548,1111,1040,731,417,756,511,530,284,251,8,98,77,163,13,35,1,24:55,2019,2020
2019-20,203210,JaMychal Green,JaMychal,1610612746,LAC,LA Clippers,41900155,2020-08-25T00:00:00,LAC vs. DAL,W,12.983333333333333,0.0,3.7,0.0,0.0,0.0,0.0,0.0,0.0,0.0,0.0,0.0,0.0,0.0,0.0,0.0,0.0,0.0,18.5,0.0,0.0,25.9,0.0,0,0,0.0,1,1,843,1,1282,1425,1557,1425,987,1338,987,879,928,879,793,1427,1480,1185,1048,756,511,530,31,1171,1473,249,1602,163,13,1605,1,12:59,2019,2020
2019-20,1629599,Amir Coffey,Amir,1610612746,LAC,LA Clippers,41900155,2020-08-25T00:00:00,LAC vs. DAL,W,5.316666666666666,0.0,9.0,0.0,0.0,9.0,0.0,18.1,18.1,1.0,0.0,0.0,0.0,27.1,0.0,0.0,0.0,0.0,0.0,9.0,18.1,108.3,58.7,0,0,45.1,1,1,843,1,1527,1425,1343,1425,987,536,987,15,39,1,793,1427,1480,7,1048,756,511,530,1389,161,864,15,274,163,13,567,1,5:19,2019,2020
2019-20,1629611,Terance Mann,Terance,1610612746,LAC,LA Clippers,41900155,2020-08-25T00:00:00,LAC vs. DAL,W,14.35,0.0,0.0,0.0,0.0,0.0,0.0,0.0,0.0,0.0,0.0,10.0,10.0,3.3,6.7,0.0,0.0,0.0,10.0,0.0,0.0,30.1,10.4,0,0,13.4,1,1,843,1,1238,1425,1574,1425,987,1338,987,879,928,879,793,382,576,820,125,756,511,530,149,1171,1473,203,1557,163,13,1533,1,14:21,2019,2020
2019-20,1626149,Montrezl Harrell,Montrezl,1610612746,LAC,LA Clippers,41900155,2020-08-25T00:00:00,LAC vs. DAL,W,22.87333333333333,14.7,23.1,0.636,2.1,4.2,0.5,8.4,10.5,0.8,4.2,18.9,23.1,2.1,4.2,0.0,2.1,2.1,6.3,10.5,39.9,71.3,72.8,1,0,71.3,1,1,843,1,929,108,273,263,766,1110,245,202,195,492,239,55,61,1000,360,756,260,251,431,99,116,30,108,1,13,90,1,22:52,2019,2020
2019-20,202694,Marcus Morris Sr.,Marcus,1610612746,LAC,LA Clippers,41900154,2020-08-23T00:00:00,LAC @ DAL,L,35.05,4.1,12.3,0.333,1.4,5.5,0.25,2.7,2.7,1.0,1.4,5.5,6.8,2.7,0.0,0.0,1.4,0.0,6.8,2.7,12.3,-2.7,28.8,0,0,26.0,1,853,1,853,383,1150,1118,1053,914,958,785,684,808,1,683,889,919,898,1048,756,408,530,358,886,1163,918,1210,163,13,1289,1,35:03,2019,2020
2019-20,1629611,Terance Mann,Terance,1610612746,LAC,LA Clippers,41900154,2020-08-23T00:00:00,LAC @ DAL,L,0.5316666666666666,0.0,0.0,0.0,0.0,0.0,0.0,0.0,0.0,0.0,0.0,0.0,0.0,0.0,0.0,0.0,0.0,0.0,0.0,0.0,0.0,0.0,0.0,0,0,0.0,1,853,1,853,1671,1425,1574,1425,987,1338,987,879,928,879,793,1427,1480,1185,1048,756,511,530,1389,1171,1473,795,1602,163,13,1605,1,0:32,2019,2020
2019-20,101150,Lou Williams,Lou,1610612746,LAC,LA Clippers,41900154,2020-08-23T00:00:00,LAC @ DAL,L,34.44833333333333,18.1,27.9,0.65,2.8,5.6,0.5,11.1,12.5,0.889,1.4,4.2,5.6,7.0,2.8,1.4,0.0,0.0,2.8,9.8,50.2,20.9,68.7,0,0,68.3,1,853,1,853,412,42,121,253,603,942,245,96,132,424,675,1065,1070,354,620,620,511,530,1084,133,37,323,149,163,13,120,1,34:27,2019,2020
2019-20,203210,JaMychal Green,JaMychal,1610612746,LAC,LA Clippers,41900154,2020-08-23T00:00:00,LAC @ DAL,L,13.268333333333333,7.2,14.5,0.5,3.6,3.6,1.0,10.9,14.5,0.75,0.0,10.9,10.9,0.0,0.0,3.6,0.0,3.6,3.6,7.2,28.9,3.6,52.8,0,0,50.6,1,853,1,853,1270,731,909,500,463,1167,1,104,88,519,793,308,504,1185,1048,192,511,90,920,291,341,716,404,163,13,397,1,13:16,2019,2020
2019-20,1629013,Landry Shamet,Landry,1610612746,LAC,LA Clippers,41900154,2020-08-23T00:00:00,LAC @ DAL,L,23.23,6.2,16.5,0.375,4.1,12.4,0.333,0.0,0.0,0.0,0.0,6.2,6.2,2.1,2.1,2.1,0.0,0.0,4.1,0.0,16.5,-31.0,31.2,0,0,33.1,1,853,1,853,919,882,716,993,370,224,608,879,928,879,793,789,993,1003,794,435,511,530,816,1171,944,1449,1120,163,13,1018,1,23:14,2019,2020
2019-20,1626149,Montrezl Harrell,Montrezl,1610612746,LAC,LA Clippers,41900154,2020-08-23T00:00:00,LAC @ DAL,L,17.305,2.8,5.5,0.5,0.0,0.0,0.0,0.0,0.0,0.0,0.0,2.8,2.8,2.8,5.5,0.0,8.3,0.0,2.8,0.0,5.5,-52.7,32.5,0,0,27.7,1,853,1,853,1143,1302,1506,500,987,1338,987,879,928,879,793,1261,1359,894,217,756,15,530,1087,1171,1410,1606,1081,163,13,1228,1,17:18,2019,2020
2019-20,202695,Kawhi Leonard,Kawhi,1610612746,LAC,LA Clippers,41900154,2020-08-23T00:00:00,LAC @ DAL,L,46.53333333333333,10.3,22.7,0.455,3.1,9.3,0.333,9.3,10.3,0.9,2.1,7.2,9.3,4.1,2.1,2.1,1.0,0.0,3.1,7.2,33.0,-13.4,57.6,0,0,55.7,1,853,1,853,13,368,292,761,549,501,608,146,203,420,533,677,647,685,795,438,506,530,1030,293,242,1198,301,163,13,295,1,46:32,2019,2020
2019-20,1627826,Ivica Zubac,Ivica,1610612746,LAC,LA Clippers,41900154,2020-08-23T00:00:00,LAC @ DAL,L,21.605,11.1,20.0,0.556,0.0,0.0,0.0,11.1,11.1,1.0,6.7,2.2,8.9,2.2,0.0,0.0,0.0,6.7,4.4,8.9,33.3,20.0,47.3,0,0,44.4,1,853,1,853,986,306,450,416,987,1338,987,97,173,1,106,1331,695,983,1048,756,511,24,764,170,231,330,538,163,13,594,1,21:36,2019,2020
2019-20,202704,Reggie Jackson,Reggie,1610612746,LAC,LA Clippers,41900154,2020-08-23T00:00:00,LAC @ DAL,L,27.918333333333333,8.6,15.5,0.556,6.9,12.0,0.571,0.0,0.0,0.0,0.0,6.9,6.9,3.4,0.0,1.7,0.0,0.0,5.2,0.0,24.1,27.5,42.6,0,0,44.7,1,853,1,853,716,576,819,416,109,259,210,879,928,879,793,721,913,801,1048,514,511,530,619,1171,550,235,716,163,13,584,1,27:55,2019,2020
2019-20,202331,Paul George,Paul,1610612746,LAC,LA Clippers,41900154,2020-08-23T00:00:00,LAC @ DAL,L,45.11,3.2,14.9,0.214,1.1,7.4,0.143,2.1,2.1,1.0,1.1,7.4,8.5,3.2,2.1,1.1,0.0,1.1,4.3,2.1,9.6,-2.1,25.6,0,0,24.5,1,853,1,853,21,1265,870,1337,984,730,962,769,870,1,787,656,736,839,785,751,511,522,784,1000,1269,892,1300,163,13,1331,1,45:07,2019,2020
2019-20,202704,Reggie Jackson,Reggie,1610612746,LAC,LA Clippers,41900153,2020-08-21T00:00:00,LAC @ DAL,W,17.326666666666668,5.5,11.1,0.5,5.5,11.1,0.5,0.0,0.0,0.0,0.0,2.8,2.8,0.0,0.0,0.0,0.0,0.0,8.3,2.8,16.6,13.9,19.9,0,0,24.9,1,1,843,1,1141,981,1201,500,198,324,245,879,928,879,793,1263,1360,1185,1048,756,511,530,246,878,937,458,1431,163,13,1320,1,17:20,2019,2020
2019-20,101150,Lou Williams,Lou,1610612746,LAC,LA Clippers,41900153,2020-08-21T00:00:00,LAC @ DAL,W,26.405,7.3,14.5,0.5,3.6,9.1,0.4,0.0,0.0,0.0,0.0,7.3,7.3,9.1,0.0,0.0,0.0,0.0,0.0,3.6,18.2,0.0,40.5,0,0,38.2,1,1,843,1,776,727,901,500,455,524,504,879,928,879,793,671,865,205,1048,756,511,530,1389,734,857,795,789,163,13,832,1,26:24,2019,2020
2019-20,1629599,Amir Coffey,Amir,1610612746,LAC,LA Clippers,41900153,2020-08-21T00:00:00,LAC @ DAL,W,0.2283333333333333,0.0,0.0,0.0,0.0,0.0,0.0,0.0,0.0,0.0,0.0,0.0,0.0,210.2,0.0,210.2,0.0,0.0,0.0,0.0,0.0,630.7,946.0,0,0,630.7,1,1,843,1,1683,1425,1574,1425,987,1338,987,879,928,879,793,1427,1480,1,1048,1,511,530,1389,1171,1473,3,1,163,13,1,1,0:14,2019,2020
2019-20,1627826,Ivica Zubac,Ivica,1610612746,LAC,LA Clippers,41900153,2020-08-21T00:00:00,LAC @ DAL,W,29.64333333333333,9.7,13.0,0.75,0.0,0.0,0.0,4.9,6.5,0.75,4.9,4.9,9.7,0.0,0.0,0.0,1.6,1.6,3.2,4.9,24.3,21.1,40.8,0,0,37.2,1,1,843,1,638,433,1067,104,987,1338,987,430,416,519,197,976,603,1185,1048,756,330,332,999,544,542,320,779,163,13,869,1,29:39,2019,2020
2019-20,1626149,Montrezl Harrell,Montrezl,1610612746,LAC,LA Clippers,41900153,2020-08-21T00:00:00,LAC @ DAL,W,17.95,10.7,13.4,0.8,0.0,0.0,0.0,13.4,21.4,0.625,2.7,2.7,5.3,0.0,0.0,0.0,2.7,0.0,5.3,13.4,34.8,-13.4,49.2,0,0,45.5,1,1,843,1,1119,343,1019,88,987,1338,987,58,28,678,422,1271,1101,1185,1048,756,184,530,586,36,195,1195,485,163,13,552,1,17:57,2019,2020
2019-20,1629013,Landry Shamet,Landry,1610612746,LAC,LA Clippers,41900153,2020-08-21T00:00:00,LAC @ DAL,W,27.12833333333333,12.4,23.0,0.538,5.3,12.4,0.429,1.8,1.8,1.0,0.0,5.3,5.3,0.0,3.5,1.8,1.8,0.0,5.3,1.8,31.8,15.9,45.3,0,0,49.5,1,1,843,1,749,207,275,466,222,226,470,801,892,1,793,918,1109,1185,468,499,305,530,595,1059,269,414,611,163,13,420,1,27:08,2019,2020
2019-20,202331,Paul George,Paul,1610612746,LAC,LA Clippers,41900153,2020-08-21T00:00:00,LAC @ DAL,W,37.75666666666667,3.8,20.3,0.188,1.3,10.2,0.125,5.1,5.1,1.0,1.3,10.2,11.4,8.9,2.5,2.5,0.0,1.3,5.1,3.8,14.0,2.5,46.1,0,0,40.7,1,1,843,1,249,1199,422,1377,938,407,975,405,538,1,722,369,448,213,676,335,511,438,632,692,1069,745,581,163,13,730,1,37:45,2019,2020
2019-20,1629611,Terance Mann,Terance,1610612746,LAC,LA Clippers,41900153,2020-08-21T00:00:00,LAC @ DAL,W,0.5616666666666666,0.0,0.0,0.0,0.0,0.0,0.0,0.0,0.0,0.0,0.0,0.0,0.0,0.0,0.0,85.5,0.0,0.0,0.0,0.0,0.0,256.4,256.4,0,0,170.9,1,1,843,1,1670,1425,1574,1425,987,1338,987,879,928,879,793,1427,1480,1185,1048,3,511,530,1389,1171,1473,5,3,163,13,5,1,0:34,2019,2020
2019-20,203210,JaMychal Green,JaMychal,1610612746,LAC,LA Clippers,41900153,2020-08-21T00:00:00,LAC @ DAL,W,12.205,11.8,15.7,0.75,3.9,3.9,1.0,0.0,0.0,0.0,0.0,7.9,7.9,0.0,3.9,0.0,0.0,0.0,3.9,0.0,27.5,-7.9,33.0,0,0,39.3,1,1,843,1,1317,254,790,104,399,1136,1,879,928,879,793,596,791,1185,398,756,511,530,851,1171,382,1057,1059,163,13,777,1,12:12,2019,2020
2019-20,202695,Kawhi Leonard,Kawhi,1610612746,LAC,LA Clippers,41900153,2020-08-21T00:00:00,LAC @ DAL,W,38.745,16.1,29.7,0.542,1.2,5.0,0.25,11.1,12.4,0.9,1.2,9.9,11.1,9.9,2.5,2.5,1.2,0.0,3.7,11.1,44.6,1.2,81.5,0,0,74.3,1,1,843,1,196,77,74,463,949,1027,785,95,138,420,738,392,473,166,699,350,457,530,899,80,62,787,59,163,13,75,1,38:45,2019,2020
2019-20,202694,Marcus Morris Sr.,Marcus,1610612746,LAC,LA Clippers,41900153,2020-08-21T00:00:00,LAC @ DAL,W,32.05,7.5,12.0,0.625,6.0,7.5,0.8,0.0,0.0,0.0,3.0,9.0,12.0,4.5,0.0,0.0,0.0,0.0,9.0,0.0,21.0,16.5,42.1,0,0,43.4,1,1,843,1,519,697,1137,273,163,727,93,879,928,879,370,473,417,631,1048,756,511,530,204,1171,716,402,736,163,13,626,1,32:03,2019,2020
2019-20,202331,Paul George,Paul,1610612746,LAC,LA Clippers,41900152,2020-08-19T00:00:00,LAC vs. DAL,L,31.576666666666668,6.1,25.8,0.235,3.0,15.2,0.2,6.1,6.1,1.0,3.0,12.2,15.2,3.0,3.0,0.0,1.5,1.5,6.1,6.1,21.3,-19.8,45.6,1,0,45.6,1,853,1,853,545,900,178,1323,560,99,875,338,439,1,365,245,222,857,567,756,360,356,464,407,694,1311,601,1,13,544,1,31:35,2019,2020
2019-20,202695,Kawhi Leonard,Kawhi,1610612746,LAC,LA Clippers,41900152,2020-08-19T00:00:00,LAC vs. DAL,L,40.8,11.8,24.7,0.476,2.4,7.1,0.333,15.3,16.5,0.929,2.4,9.4,11.8,2.4,3.5,1.2,0.0,2.4,2.4,10.6,41.2,-8.2,58.8,1,0,60.0,1,853,1,853,112,256,206,714,702,772,608,34,62,407,478,432,426,957,470,715,511,215,1179,96,101,1067,269,1,13,214,1,40:48,2019,2020
2019-20,201149,Joakim Noah,Joakim,1610612746,LAC,LA Clippers,41900152,2020-08-19T00:00:00,LAC vs. DAL,L,1.0666666666666669,0.0,0.0,0.0,0.0,0.0,0.0,0.0,0.0,0.0,0.0,0.0,0.0,0.0,0.0,0.0,0.0,0.0,0.0,0.0,0.0,90.0,0.0,0,0,0.0,1,853,1,853,1657,1425,1574,1425,987,1338,987,879,928,879,793,1427,1480,1185,1048,756,511,530,1389,1171,1473,22,1602,163,13,1605,1,1:04,2019,2020
2019-20,203585,Rodney McGruder,Rodney,1610612746,LAC,LA Clippers,41900152,2020-08-19T00:00:00,LAC vs. DAL,L,1.0666666666666669,0.0,0.0,0.0,0.0,0.0,0.0,0.0,0.0,0.0,0.0,0.0,0.0,0.0,0.0,0.0,0.0,0.0,0.0,0.0,0.0,90.0,0.0,0,0,0.0,1,853,1,853,1657,1425,1574,1425,987,1338,987,879,928,879,793,1427,1480,1185,1048,756,511,530,1389,1171,1473,22,1602,163,13,1605,1,1:04,2019,2020
2019-20,101150,Lou Williams,Lou,1610612746,LAC,LA Clippers,41900152,2020-08-19T00:00:00,LAC vs. DAL,L,31.88,12.0,19.6,0.615,3.0,7.5,0.4,7.5,9.0,0.833,1.5,4.5,6.0,10.5,7.5,1.5,0.0,0.0,6.0,6.0,34.6,0.0,54.7,0,0,57.2,1,853,1,853,528,231,485,299,566,718,504,239,253,464,641,1021,1015,149,85,577,511,530,473,413,197,795,366,163,13,270,1,31:53,2019,2020
2019-20,1629013,Landry Shamet,Landry,1610612746,LAC,LA Clippers,41900152,2020-08-19T00:00:00,LAC vs. DAL,L,17.966666666666665,2.7,5.3,0.5,0.0,2.7,0.0,0.0,0.0,0.0,0.0,2.7,2.7,5.3,0.0,0.0,0.0,0.0,8.0,0.0,5.3,-32.1,16.6,0,0,13.4,1,853,1,853,1118,1316,1515,500,987,1243,987,879,928,879,793,1272,1368,513,1048,756,511,530,259,1171,1418,1459,1487,163,13,1535,1,17:58,2019,2020
2019-20,1629611,Terance Mann,Terance,1610612746,LAC,LA Clippers,41900152,2020-08-19T00:00:00,LAC vs. DAL,L,1.47,0.0,0.0,0.0,0.0,0.0,0.0,0.0,0.0,0.0,0.0,32.7,32.7,0.0,0.0,0.0,0.0,0.0,32.7,0.0,0.0,-32.7,39.2,0,0,32.7,1,853,1,853,1643,1425,1574,1425,987,1338,987,879,928,879,793,6,12,1185,1048,756,511,530,4,1171,1473,1466,835,163,13,1037,1,1:28,2019,2020
2019-20,202694,Marcus Morris Sr.,Marcus,1610612746,LAC,LA Clippers,41900152,2020-08-19T00:00:00,LAC vs. DAL,L,35.166666666666664,6.8,15.0,0.455,1.4,5.5,0.25,4.1,4.1,1.0,1.4,9.6,10.9,2.7,1.4,2.7,0.0,0.0,5.5,2.7,19.1,5.5,43.1,0,0,39.6,1,853,1,853,374,786,862,761,918,962,785,516,650,1,684,417,499,901,970,296,511,530,562,891,794,670,695,163,13,771,1,35:10,2019,2020
2019-20,202704,Reggie Jackson,Reggie,1610612746,LAC,LA Clippers,41900152,2020-08-19T00:00:00,LAC vs. DAL,L,26.28333333333333,7.3,16.4,0.444,5.5,9.1,0.6,0.0,0.0,0.0,3.7,3.7,7.3,1.8,1.8,0.0,0.0,0.0,7.3,1.8,20.1,0.0,29.8,0,0,34.7,1,853,1,853,780,719,725,791,207,521,184,879,928,879,300,1142,861,1044,847,756,511,530,312,1054,753,795,1179,163,13,955,1,26:17,2019,2020
2019-20,1627826,Ivica Zubac,Ivica,1610612746,LAC,LA Clippers,41900152,2020-08-19T00:00:00,LAC vs. DAL,L,18.17333333333333,2.6,5.3,0.5,0.0,0.0,0.0,2.6,5.3,0.5,0.0,10.6,10.6,0.0,0.0,0.0,0.0,0.0,2.6,5.3,7.9,-10.6,20.6,0,0,18.5,1,853,1,853,1111,1322,1517,500,987,1338,987,709,515,708,793,330,529,1185,1048,756,511,530,1116,493,1326,1129,1411,163,13,1451,1,18:10,2019,2020
2019-20,203210,JaMychal Green,JaMychal,1610612746,LAC,LA Clippers,41900152,2020-08-19T00:00:00,LAC vs. DAL,L,12.8,3.8,18.8,0.2,0.0,11.3,0.0,0.0,0.0,0.0,3.8,7.5,11.3,0.0,3.8,0.0,3.8,3.8,11.3,0.0,7.5,-78.8,28.5,0,0,26.3,1,853,1,853,1292,1210,539,1339,987,305,987,879,928,879,286,651,467,1185,432,756,108,75,115,1171,1342,1656,1223,163,13,1283,1,12:48,2019,2020
2019-20,1626149,Montrezl Harrell,Montrezl,1610612746,LAC,LA Clippers,41900152,2020-08-19T00:00:00,LAC vs. DAL,L,21.75,6.6,8.8,0.75,0.0,0.0,0.0,8.8,22.1,0.4,0.0,4.4,4.4,0.0,4.4,0.0,0.0,0.0,6.6,15.4,22.1,-33.1,23.0,0,0,26.5,1,853,1,853,976,820,1349,104,987,1338,987,168,21,855,793,1037,1209,1185,336,756,511,530,396,18,650,1468,1359,163,13,1279,1,21:45,2019,2020
2019-20,1629013,Landry Shamet,Landry,1610612746,LAC,LA Clippers,41900151,2020-08-17T00:00:00,LAC vs. DAL,W,8.348333333333333,0.0,5.7,0.0,0.0,5.7,0.0,0.0,0.0,0.0,0.0,0.0,0.0,0.0,5.7,0.0,0.0,0.0,5.7,0.0,0.0,-109.2,-5.7,0,0,0.0,1,1,843,1,1440,1425,1496,1425,987,925,987,879,928,879,793,1427,1480,1185,190,756,511,530,505,1171,1473,1673,1687,163,13,1605,1,8:21,2019,2020
2019-20,202695,Kawhi Leonard,Kawhi,1610612746,LAC,LA Clippers,41900151,2020-08-17T00:00:00,LAC vs. DAL,W,38.266666666666666,13.8,26.3,0.524,1.3,8.8,0.143,7.5,7.5,1.0,2.5,12.5,15.1,7.5,3.8,3.8,0.0,0.0,3.8,6.3,36.4,22.6,73.3,1,0,67.7,1,1,843,1,222,138,164,493,943,565,962,240,340,1,451,224,232,309,430,175,511,530,884,387,165,294,101,1,13,129,1,38:16,2019,2020
2019-20,1626149,Montrezl Harrell,Montrezl,1610612746,LAC,LA Clippers,41900151,2020-08-17T00:00:00,LAC vs. DAL,W,14.986666666666666,6.4,16.0,0.4,0.0,0.0,0.0,6.4,12.8,0.5,0.0,6.4,6.4,0.0,0.0,0.0,0.0,0.0,0.0,6.4,19.2,-22.4,26.9,0,0,25.6,1,1,843,1,1216,856,764,913,987,1338,987,322,123,708,793,773,978,1185,1048,756,511,530,1389,374,790,1347,1267,163,13,1303,1,14:59,2019,2020
2019-20,1629611,Terance Mann,Terance,1610612746,LAC,LA Clippers,41900151,2020-08-17T00:00:00,LAC vs. DAL,W,0.2883333333333333,0.0,0.0,0.0,0.0,0.0,0.0,0.0,0.0,0.0,0.0,0.0,0.0,0.0,0.0,0.0,0.0,0.0,0.0,0.0,0.0,0.0,0.0,0,0,0.0,1,1,843,1,1680,1425,1574,1425,987,1338,987,879,928,879,793,1427,1480,1185,1048,756,511,530,1389,1171,1473,795,1602,163,13,1605,1,0:17,2019,2020
2019-20,203210,JaMychal Green,JaMychal,1610612746,LAC,LA Clippers,41900151,2020-08-17T00:00:00,LAC vs. DAL,W,18.05,5.3,8.0,0.667,2.7,5.3,0.5,0.0,0.0,0.0,2.7,2.7,5.3,0.0,0.0,0.0,2.7,0.0,8.0,0.0,13.3,-42.5,27.7,0,0,26.6,1,1,843,1,1115,1006,1389,171,634,978,245,879,928,879,423,1274,1107,1185,1048,756,187,530,266,1171,1102,1548,1250,163,13,1272,1,18:03,2019,2020
2019-20,101150,Lou Williams,Lou,1610612746,LAC,LA Clippers,41900151,2020-08-17T00:00:00,LAC vs. DAL,W,31.276666666666667,6.1,15.3,0.4,3.1,7.7,0.4,6.1,7.7,0.8,0.0,4.6,4.6,7.7,3.1,1.5,0.0,0.0,3.1,7.7,21.5,4.6,40.1,0,0,39.9,1,1,843,1,563,889,831,913,553,692,504,335,334,492,793,1007,1187,299,557,567,511,530,1033,254,687,690,802,163,13,760,1,31:17,2019,2020
2019-20,201976,Patrick Beverley,Patrick,1610612746,LAC,LA Clippers,41900151,2020-08-17T00:00:00,LAC vs. DAL,W,20.37833333333333,7.1,14.1,0.5,4.7,11.8,0.4,0.0,4.7,0.0,7.1,4.7,11.8,2.4,2.4,4.7,0.0,0.0,11.8,4.7,18.8,33.0,48.3,0,0,47.1,1,1,843,1,1040,753,936,500,289,270,504,879,596,879,90,997,424,956,728,108,511,530,101,566,805,172,511,163,13,487,1,20:23,2019,2020
2019-20,202704,Reggie Jackson,Reggie,1610612746,LAC,LA Clippers,41900151,2020-08-17T00:00:00,LAC vs. DAL,W,16.34,0.0,14.7,0.0,0.0,2.9,0.0,0.0,0.0,0.0,0.0,8.8,8.8,2.9,0.0,0.0,0.0,2.9,5.9,2.9,0.0,-23.5,15.0,0,0,11.8,1,1,843,1,1178,1425,885,1425,987,1215,987,879,928,879,793,495,701,868,1048,756,511,141,490,840,1473,1364,1515,163,13,1555,1,16:20,2019,2020
2019-20,202331,Paul George,Paul,1610612746,LAC,LA Clippers,41900151,2020-08-17T00:00:00,LAC vs. DAL,W,37.45166666666667,12.8,28.2,0.455,5.1,14.1,0.364,3.8,3.8,1.0,0.0,2.6,2.6,3.8,3.8,2.6,0.0,0.0,5.1,6.4,34.6,16.7,47.3,0,0,51.3,1,1,843,1,256,193,107,761,238,143,601,549,679,1,793,1291,1378,735,419,332,511,530,629,373,198,398,539,163,13,386,1,37:27,2019,2020
2019-20,1627826,Ivica Zubac,Ivica,1610612746,LAC,LA Clippers,41900151,2020-08-17T00:00:00,LAC vs. DAL,W,22.33,10.7,19.3,0.556,0.0,0.0,0.0,0.0,0.0,0.0,10.7,10.7,21.5,2.1,0.0,0.0,4.3,2.1,2.1,0.0,21.5,36.5,63.4,1,0,53.7,1,1,843,1,948,339,502,416,987,1338,987,879,928,879,35,316,75,993,1048,756,73,245,1211,1171,685,135,195,1,13,341,1,22:20,2019,2020
2019-20,202694,Marcus Morris Sr.,Marcus,1610612746,LAC,LA Clippers,41900151,2020-08-17T00:00:00,LAC vs. DAL,W,32.28333333333333,11.9,19.3,0.615,4.5,8.9,0.5,0.0,0.0,0.0,0.0,8.9,8.9,1.5,1.5,5.9,0.0,0.0,4.5,1.5,28.2,37.2,57.5,0,0,55.0,1,1,843,1,509,240,504,299,323,553,245,879,928,879,793,482,690,1120,930,48,511,530,757,1111,358,128,302,163,13,306,1,32:17,2019,2020
