player_id,player,team_id,team,age,gp,g,fga_frequency,fgm,fga,fg_pct,efg_pct,fg2a_frequency,fg2m,fg2a,fg2_pct,fg3a_frequency,fg3m,fg3a,fg3_pct
203083,Andre Drummond,1610612765,DET,22.0,4,4,0.83,6.5,11.0,0.591,0.591,0.83,6.5,11.0,0.591,0.0,0.0,0.0,
202704,Reggie Jackson,1610612765,DET,26.0,4,4,0.415,3.75,5.5,0.682,0.682,0.415,3.75,5.5,0.682,0.0,0.0,0.0,
202699,Tobias Harris,1610612765,DET,23.0,4,4,0.476,3.0,5.0,0.6,0.6,0.476,3.0,5.0,0.6,0.0,0.0,0.0,
202694,Marcus Morris Sr.,1610612765,DET,26.0,4,4,0.255,1.75,3.0,0.583,0.583,0.255,1.75,3.0,0.583,0.0,0.0,0.0,
203484,Kentavious Caldwell-Pope,1610612765,DET,23.0,4,4,0.224,1.25,2.75,0.455,0.455,0.224,1.25,2.75,0.455,0.0,0.0,0.0,
203382,Aron Baynes,1610612765,DET,29.0,4,4,0.714,1.0,1.25,0.8,0.8,0.714,1.0,1.25,0.8,0.0,0.0,0.0,
1626169,Stanley Johnson,1610612765,DET,20.0,4,3,0.217,0.5,1.25,0.4,0.4,0.217,0.5,1.25,0.4,0.0,0.0,0.0,
203493,Reggie Bullock Jr.,1610612765,DET,25.0,2,1,0.333,1.0,1.0,1.0,1.0,0.333,1.0,1.0,1.0,0.0,0.0,0.0,
2581,Steve Blake,1610612765,DET,36.0,4,2,0.4,0.0,0.5,0.0,0.0,0.4,0.0,0.5,0.0,0.0,0.0,0.0,
